Snapshot_Date,SKU,Current_Stock,On_Order,Lead_Time_Days,Safety_Stock,Reorder_Point,Inventory_Value,Average_Weekly_Demand,Weeks_of_Cover,Reorder_Risk,Safety_Stock_Risk,Lead_Time_Weeks,Lead_Time_Demand,Lead_Time_Risk,Risk_Level
2024-01-01,SKU001,16,23,11,7,18,58420.96,100.625,0.15900621118012423,True,False,1.5714285714285714,158.125,True,Medium
2024-02-01,SKU001,918,496,3,246,346,3351902.58,100.625,9.122981366459628,False,False,0.42857142857142855,43.125,False,Low
2024-03-01,SKU001,502,312,8,270,553,1832957.62,100.625,4.9888198757763975,True,False,1.1428571428571428,115.0,False,Medium
2024-04-01,SKU001,617,58,8,316,654,2252858.27,100.625,6.131677018633541,True,False,1.1428571428571428,115.0,False,Medium
2024-05-01,SKU001,1195,588,5,318,518,4363315.45,100.625,11.875776397515528,False,False,0.7142857142857143,71.875,False,Low
2024-06-01,SKU001,347,499,7,262,521,1267004.57,100.625,3.4484472049689443,True,False,1.0,100.625,False,Medium
2024-07-01,SKU001,928,173,11,184,635,3388415.68,100.625,9.222360248447204,False,False,1.5714285714285714,158.125,False,Low
2024-08-01,SKU001,208,776,11,131,499,759472.48,100.625,2.067080745341615,True,False,1.5714285714285714,158.125,False,Medium
2024-09-01,SKU001,374,550,6,176,355,1365589.94,100.625,3.716770186335404,False,False,0.8571428571428571,86.25,False,Low
2024-10-01,SKU001,583,941,14,135,562,2128713.73,100.625,5.793788819875776,False,False,2.0,201.25,False,Low
2024-11-01,SKU001,891,598,7,188,371,3253317.21,100.625,8.854658385093167,False,False,1.0,100.625,False,Low
2024-12-01,SKU001,790,15,13,156,549,2884534.9,100.625,7.850931677018633,False,False,1.8571428571428572,186.875,False,Low
2025-01-01,SKU001,558,184,9,144,414,2037430.98,100.625,5.545341614906833,False,False,1.2857142857142858,129.375,False,Low
2025-02-01,SKU001,686,690,9,151,438,2504798.66,100.625,6.817391304347826,False,False,1.2857142857142858,129.375,False,Low
2025-03-01,SKU001,549,571,9,221,544,2004569.19,100.625,5.455900621118013,False,False,1.2857142857142858,129.375,False,Low
2025-04-01,SKU001,1244,1262,14,164,752,4542229.64,100.625,12.362732919254658,False,False,2.0,201.25,False,Low
2025-05-01,SKU001,868,76,11,275,700,3169337.08,100.625,8.626086956521739,False,False,1.5714285714285714,158.125,False,Low
2025-06-01,SKU001,406,297,3,126,239,1482431.86,100.625,4.034782608695652,False,False,0.42857142857142855,43.125,False,Low
2025-07-01,SKU001,1121,404,4,214,376,4093118.51,100.625,11.140372670807453,False,False,0.5714285714285714,57.5,False,Low
2025-08-01,SKU001,709,1015,9,238,533,2588778.79,100.625,7.0459627329192545,False,False,1.2857142857142858,129.375,False,Low
2025-09-01,SKU001,226,257,13,153,547,825196.06,100.625,2.2459627329192546,True,False,1.8571428571428572,186.875,False,Medium
2025-10-01,SKU001,663,307,3,132,226,2420818.53,100.625,6.588819875776397,False,False,0.42857142857142855,43.125,False,Low
2025-11-01,SKU001,197,334,12,135,463,719308.07,100.625,1.9577639751552796,True,False,1.7142857142857142,172.5,False,Medium
2025-12-01,SKU001,771,147,4,159,289,2815160.01,100.625,7.6621118012422365,False,False,0.5714285714285714,57.5,False,Low
2024-01-01,SKU002,29,12,4,5,10,163983.4,71.00961538461539,0.4083953960731212,False,False,0.5714285714285714,40.57692307692307,True,Medium
2024-02-01,SKU002,277,465,4,154,234,1566324.2,71.00961538461539,3.9008801624915366,False,False,0.5714285714285714,40.57692307692307,False,Low
2024-03-01,SKU002,636,367,9,155,350,3596325.6,71.00961538461539,8.956533513879485,False,False,1.2857142857142858,91.29807692307693,False,Low
2024-04-01,SKU002,706,674,9,108,346,3992147.6,71.00961538461539,9.942315504400812,False,False,1.2857142857142858,91.29807692307693,False,Low
2024-05-01,SKU002,791,86,10,123,356,4472788.6,71.00961538461539,11.139336492890996,False,False,1.4285714285714286,101.4423076923077,False,Low
2024-06-01,SKU002,324,359,6,168,316,1832090.4,71.00961538461539,4.562762356127285,False,False,0.8571428571428571,60.86538461538461,False,Low
2024-07-01,SKU002,517,515,13,170,490,2923428.2,71.00961538461539,7.28070412999323,False,False,1.8571428571428572,131.875,False,Low
2024-08-01,SKU002,283,360,10,91,299,1600251.8,71.00961538461539,3.9853757616790793,True,False,1.4285714285714286,101.4423076923077,False,Medium
2024-09-01,SKU002,512,183,7,70,192,2895155.2,71.00961538461539,7.210291130670277,False,False,1.0,71.00961538461539,False,Low
2024-10-01,SKU002,357,371,7,90,211,2018692.2,71.00961538461539,5.027488151658767,False,False,1.0,71.00961538461539,False,Low
2024-11-01,SKU002,507,3,14,67,311,2866882.2,71.00961538461539,7.139878131347325,False,False,2.0,142.01923076923077,False,Low
2024-12-01,SKU002,459,109,4,91,159,2595461.4,71.00961538461539,6.463913337846987,False,False,0.5714285714285714,40.57692307692307,False,Low
2025-01-01,SKU002,168,413,10,55,229,949972.8,71.00961538461539,2.365876777251185,True,False,1.4285714285714286,101.4423076923077,False,Medium
2025-02-01,SKU002,455,542,11,153,368,2572843.0,71.00961538461539,6.407582938388625,False,False,1.5714285714285714,111.58653846153847,False,Low
2025-03-01,SKU002,230,341,10,96,322,1300558.0,71.00961538461539,3.238997968855789,True,False,1.4285714285714286,101.4423076923077,False,Medium
2025-04-01,SKU002,706,579,9,84,317,3992147.6,71.00961538461539,9.942315504400812,False,False,1.2857142857142858,91.29807692307693,False,Low
2025-05-01,SKU002,400,231,7,175,340,2261840.0,71.00961538461539,5.633039945836154,False,False,1.0,71.00961538461539,False,Low
2025-06-01,SKU002,606,130,10,89,336,3426687.6,71.00961538461539,8.534055517941773,False,False,1.4285714285714286,101.4423076923077,False,Low
2025-07-01,SKU002,774,228,7,193,363,4376660.4,71.00961538461539,10.899932295192958,False,False,1.0,71.00961538461539,False,Low
2025-08-01,SKU002,644,76,14,87,373,3641562.4,71.00961538461539,9.069194312796208,False,False,2.0,142.01923076923077,False,Low
2025-09-01,SKU002,120,34,10,57,240,678552.0,71.00961538461539,1.6899119837508463,True,False,1.4285714285714286,101.4423076923077,False,Medium
2025-10-01,SKU002,599,204,13,112,350,3387105.4,71.00961538461539,8.43547731888964,False,False,1.8571428571428572,131.875,False,Low
2025-11-01,SKU002,461,100,4,76,138,2606770.6,71.00961538461539,6.492078537576168,False,False,0.5714285714285714,40.57692307692307,False,Low
2025-12-01,SKU002,526,29,3,94,149,2974319.6,71.00961538461539,7.407447528774543,False,False,0.42857142857142855,30.432692307692307,False,Low
2024-01-01,SKU003,34,23,14,6,20,209060.22,40.35576923076923,0.8425065522992613,False,False,2.0,80.71153846153847,True,Medium
2024-02-01,SKU003,309,257,11,39,177,1899988.47,40.35576923076923,7.656897784131522,False,False,1.5714285714285714,63.416208791208796,False,Low
2024-03-01,SKU003,211,442,11,111,263,1297403.13,40.35576923076923,5.228496545151298,True,False,1.5714285714285714,63.416208791208796,False,Medium
2024-04-01,SKU003,341,84,5,105,184,2096751.03,40.35576923076923,8.449845127472003,False,False,0.7142857142857143,28.825549450549453,False,Low
2024-05-01,SKU003,372,164,8,75,194,2287364.76,40.35576923076923,9.218012866333094,False,False,1.1428571428571428,46.120879120879124,False,Low
2024-06-01,SKU003,199,223,7,84,178,1223617.17,40.35576923076923,4.9311412913986175,False,False,1.0,40.35576923076923,False,Low
2024-07-01,SKU003,449,232,11,80,234,2760824.67,40.35576923076923,11.126042411246127,False,False,1.5714285714285714,63.416208791208796,False,Low
2024-08-01,SKU003,244,130,12,46,183,1500314.52,40.35576923076923,6.046223492971169,False,False,1.7142857142857142,69.18131868131869,False,Low
2024-09-01,SKU003,304,237,8,55,141,1869244.32,40.35576923076923,7.532999761734572,False,False,1.1428571428571428,46.120879120879124,False,Low
2024-10-01,SKU003,275,48,9,55,148,1690928.25,40.35576923076923,6.814391231832261,False,False,1.2857142857142858,51.88598901098902,False,Low
2024-11-01,SKU003,235,189,5,58,105,1444975.05,40.35576923076923,5.8232070526566595,False,False,0.7142857142857143,28.825549450549453,False,Low
2024-12-01,SKU003,146,24,5,53,109,897729.18,40.35576923076923,3.6178222539909455,False,False,0.7142857142857143,28.825549450549453,False,Low
2025-01-01,SKU003,389,199,7,61,139,2391894.87,40.35576923076923,9.639266142482725,False,False,1.0,40.35576923076923,False,Low
2025-02-01,SKU003,392,283,14,71,230,2410341.36,40.35576923076923,9.713604955920895,False,False,2.0,80.71153846153847,False,Low
2025-03-01,SKU003,443,138,3,98,136,2723931.69,40.35576923076923,10.977364784369787,False,False,0.42857142857142855,17.29532967032967,False,Low
2025-04-01,SKU003,337,47,4,105,160,2072155.71,40.35576923076923,8.350726709554444,False,False,0.5714285714285714,23.060439560439562,False,Low
2025-05-01,SKU003,308,200,4,92,150,1893839.64,40.35576923076923,7.632118179652132,False,False,0.5714285714285714,23.060439560439562,False,Low
2025-06-01,SKU003,241,92,6,39,117,1481868.03,40.35576923076923,5.971884679532999,False,False,0.8571428571428571,34.59065934065934,False,Low
2025-07-01,SKU003,280,295,11,101,272,1721672.4,40.35576923076923,6.938289254229211,False,False,1.5714285714285714,63.416208791208796,False,Low
2025-08-01,SKU003,143,206,4,97,145,879282.69,40.35576923076923,3.5434834405527758,True,False,0.5714285714285714,23.060439560439562,False,Medium
2025-09-01,SKU003,73,281,8,59,141,448864.59,40.35576923076923,1.8089111269954727,True,False,1.1428571428571428,46.120879120879124,False,Medium
2025-10-01,SKU003,310,103,5,45,100,1906137.3,40.35576923076923,7.681677388610912,False,False,0.7142857142857143,28.825549450549453,False,Low
2025-11-01,SKU003,144,37,5,37,85,885431.52,40.35576923076923,3.5682630450321655,False,False,0.7142857142857143,28.825549450549453,False,Low
2025-12-01,SKU003,349,12,3,88,123,2145941.67,40.35576923076923,8.648081963307124,False,False,0.42857142857142855,17.29532967032967,False,Low
2024-01-01,SKU004,34,4,7,5,12,42257.92,32.44230769230769,1.048014226437463,False,False,1.0,32.44230769230769,False,Low
2024-02-01,SKU004,168,422,5,141,236,208803.84,32.44230769230769,5.178423236514523,True,False,0.7142857142857143,23.173076923076923,False,Medium
2024-03-01,SKU004,156,137,13,124,391,193889.28,32.44230769230769,4.808535862477771,True,False,1.8571428571428572,60.25000000000001,False,Medium
2024-04-01,SKU004,502,292,14,152,486,623925.76,32.44230769230769,15.473621813870777,False,False,2.0,64.88461538461539,False,Low
2024-05-01,SKU004,310,38,6,75,202,385292.8,32.44230769230769,9.55542382928275,False,False,0.8571428571428571,27.807692307692307,False,Low
2024-06-01,SKU004,628,334,11,117,338,780528.64,32.44230769230769,19.357439241256667,False,False,1.5714285714285714,50.98076923076923,False,Low
2024-07-01,SKU004,322,651,10,133,339,400207.36,32.44230769230769,9.925311203319502,True,False,1.4285714285714286,46.34615384615385,False,Medium
2024-08-01,SKU004,129,113,10,85,272,160331.52,32.44230769230769,3.97628927089508,True,False,1.4285714285714286,46.34615384615385,False,Medium
2024-09-01,SKU004,368,164,5,99,186,457379.84,32.44230769230769,11.343212803793715,False,False,0.7142857142857143,23.173076923076923,False,Low
2024-10-01,SKU004,143,0,13,63,294,177731.84,32.44230769230769,4.407824540604623,True,False,1.8571428571428572,60.25000000000001,False,Medium
2024-11-01,SKU004,356,340,13,91,289,442465.28,32.44230769230769,10.973325429756965,False,False,1.8571428571428572,60.25000000000001,False,Low
2024-12-01,SKU004,460,201,9,120,272,571724.8,32.44230769230769,14.179016004742145,False,False,1.2857142857142858,41.71153846153847,False,Low
2025-01-01,SKU004,382,252,12,109,309,474780.16,32.44230769230769,11.77474807350326,False,False,1.7142857142857142,55.61538461538461,False,Low
2025-02-01,SKU004,259,141,9,113,268,321905.92,32.44230769230769,7.983402489626556,True,False,1.2857142857142858,41.71153846153847,False,Medium
2025-03-01,SKU004,376,176,13,114,374,467322.88,32.44230769230769,11.589804386484884,False,False,1.8571428571428572,60.25000000000001,False,Low
2025-04-01,SKU004,498,377,5,90,206,618954.24,32.44230769230769,15.350326022525191,False,False,0.7142857142857143,23.173076923076923,False,Low
2025-05-01,SKU004,678,196,9,135,340,842672.64,32.44230769230769,20.898636633076467,False,False,1.2857142857142858,41.71153846153847,False,Low
2025-06-01,SKU004,147,692,11,162,401,182703.36,32.44230769230769,4.531120331950207,True,True,1.5714285714285714,50.98076923076923,False,High
2025-07-01,SKU004,393,394,9,86,278,488451.84,32.44230769230769,12.113811499703615,False,False,1.2857142857142858,41.71153846153847,False,Low
2025-08-01,SKU004,167,186,7,116,244,207560.96,32.44230769230769,5.147599288678126,True,False,1.0,32.44230769230769,False,Medium
2025-09-01,SKU004,424,246,10,50,215,526981.12,32.44230769230769,13.06935388263189,False,False,1.4285714285714286,46.34615384615385,False,Low
2025-10-01,SKU004,189,326,9,78,218,234904.32,32.44230769230769,5.825726141078838,True,False,1.2857142857142858,41.71153846153847,False,Medium
2025-11-01,SKU004,534,249,10,72,236,663697.92,32.44230769230769,16.459988144635446,False,False,1.4285714285714286,46.34615384615385,False,Low
2025-12-01,SKU004,259,254,6,98,196,321905.92,32.44230769230769,7.983402489626556,False,False,0.8571428571428571,27.807692307692307,False,Low
2024-01-01,SKU005,23,5,5,6,11,170945.89,116.78846153846153,0.19693726329655856,False,False,0.7142857142857143,83.42032967032966,True,Medium
2024-02-01,SKU005,401,292,10,161,373,2980404.43,116.78846153846153,3.4335583731269557,False,False,1.4285714285714286,166.84065934065933,False,Low
2024-03-01,SKU005,638,295,9,130,335,4741890.34,116.78846153846153,5.462868434052363,False,False,1.2857142857142858,150.1565934065934,False,Low
2024-04-01,SKU005,902,272,4,107,216,6704051.86,116.78846153846153,7.723365717108513,False,False,0.5714285714285714,66.73626373626372,False,Low
2024-05-01,SKU005,688,133,6,106,253,5113511.84,116.78846153846153,5.890992919479665,False,False,0.8571428571428571,100.10439560439559,False,Low
2024-06-01,SKU005,532,31,11,148,431,3954052.76,116.78846153846153,4.555244524946485,False,False,1.5714285714285714,183.52472527472526,False,Low
2024-07-01,SKU005,488,846,12,152,446,3627025.84,116.78846153846153,4.17849497777046,False,False,1.7142857142857142,200.20879120879118,False,Low
2024-08-01,SKU005,592,164,4,80,164,4399998.56,116.78846153846153,5.068993907459246,False,False,0.5714285714285714,66.73626373626372,False,Low
2024-09-01,SKU005,641,565,13,138,390,4764187.63,116.78846153846153,5.488555903178002,False,False,1.8571428571428572,216.89285714285714,False,Low
2024-10-01,SKU005,599,300,10,85,278,4452025.57,116.78846153846153,5.128931335419068,False,False,1.4285714285714286,166.84065934065933,False,Low
2024-11-01,SKU005,471,440,14,108,350,3500674.53,116.78846153846153,4.032932652725177,False,False,2.0,233.57692307692307,False,Low
2024-12-01,SKU005,181,375,7,86,222,1345269.83,116.78846153846153,1.5498106372468303,True,False,1.0,116.78846153846153,False,Medium
2025-01-01,SKU005,154,198,10,107,306,1144594.22,116.78846153846153,1.3186234151160876,True,False,1.4285714285714286,166.84065934065933,True,Medium
2025-02-01,SKU005,263,463,8,94,256,1954729.09,116.78846153846153,2.2519347933476044,False,False,1.1428571428571428,133.47252747252745,False,Low
2025-03-01,SKU005,320,349,4,183,279,2378377.6,116.78846153846153,2.7399967067347277,False,False,0.5714285714285714,66.73626373626372,False,Low
2025-04-01,SKU005,696,333,11,95,386,5172971.28,116.78846153846153,5.959492837148033,False,False,1.5714285714285714,183.52472527472526,False,Low
2025-05-01,SKU005,169,84,13,101,398,1256080.67,116.78846153846153,1.447060760744278,True,False,1.8571428571428572,216.89285714285714,True,Medium
2025-06-01,SKU005,699,474,6,169,316,5195268.57,116.78846153846153,5.985180306273671,False,False,0.8571428571428571,100.10439560439559,False,Low
2025-07-01,SKU005,509,198,13,197,540,3783106.87,116.78846153846153,4.3583072616499265,True,False,1.8571428571428572,216.89285714285714,False,Medium
2025-08-01,SKU005,483,200,6,65,186,3589863.69,116.78846153846153,4.135682529227729,False,False,0.8571428571428571,100.10439560439559,False,Low
2025-09-01,SKU005,673,340,5,100,198,5002025.39,116.78846153846153,5.762555573851474,False,False,0.7142857142857143,83.42032967032966,False,Low
2025-10-01,SKU005,423,96,11,70,272,3143917.89,116.78846153846153,3.621933146714968,False,False,1.5714285714285714,183.52472527472526,False,Low
2025-11-01,SKU005,335,37,9,100,257,2489864.05,116.78846153846153,2.868434052362918,False,False,1.2857142857142858,150.1565934065934,False,Low
2025-12-01,SKU005,471,291,6,129,245,3500674.53,116.78846153846153,4.032932652725177,False,False,0.8571428571428571,100.10439560439559,False,Low
2024-01-01,SKU006,13,6,5,5,10,86143.2,45.82692307692308,0.28367603860679813,False,False,0.7142857142857143,32.73351648351649,True,Medium
2024-02-01,SKU006,464,145,9,63,212,3074649.6,45.82692307692308,10.125052454888795,False,False,1.2857142857142858,58.92032967032968,False,Low
2024-03-01,SKU006,477,136,12,62,266,3160792.8,45.82692307692308,10.408728493495593,False,False,1.7142857142857142,78.56043956043956,False,Low
2024-04-01,SKU006,341,558,9,104,311,2259602.4,45.82692307692308,7.441040704993705,False,False,1.2857142857142858,58.92032967032968,False,Low
2024-05-01,SKU006,145,644,13,139,405,960828.0,45.82692307692308,3.1640788921527485,True,False,1.8571428571428572,85.10714285714286,False,Medium
2024-06-01,SKU006,275,225,12,90,331,1822260.0,45.82692307692308,6.00083927822073,True,False,1.7142857142857142,78.56043956043956,False,Medium
2024-07-01,SKU006,500,325,3,111,173,3313200.0,45.82692307692308,10.910616869492236,False,False,0.42857142857142855,19.64010989010989,False,Low
2024-08-01,SKU006,453,205,14,73,304,3001759.2,45.82692307692308,9.885018883759965,False,False,2.0,91.65384615384616,False,Low
2024-09-01,SKU006,246,180,14,60,288,1630094.4,45.82692307692308,5.36802349979018,True,False,2.0,91.65384615384616,False,Medium
2024-10-01,SKU006,307,213,3,124,174,2034304.8,45.82692307692308,6.6991187578682325,False,False,0.42857142857142855,19.64010989010989,False,Low
2024-11-01,SKU006,310,87,14,110,314,2054184.0,45.82692307692308,6.764582459085187,True,False,2.0,91.65384615384616,False,Medium
2024-12-01,SKU006,329,75,4,94,162,2180085.6,45.82692307692308,7.1791859001258915,False,False,0.5714285714285714,26.186813186813186,False,Low
2025-01-01,SKU006,336,515,11,96,262,2226470.4,45.82692307692308,7.331934536298783,False,False,1.5714285714285714,72.01373626373626,False,Low
2025-02-01,SKU006,293,365,11,85,275,1941535.2,45.82692307692308,6.39362148552245,False,False,1.5714285714285714,72.01373626373626,False,Low
2025-03-01,SKU006,255,628,13,111,346,1689732.0,45.82692307692308,5.56441460344104,True,False,1.8571428571428572,85.10714285714286,False,Medium
2025-04-01,SKU006,460,692,13,113,404,3048144.0,45.82692307692308,10.037767519932856,False,False,1.8571428571428572,85.10714285714286,False,Low
2025-05-01,SKU006,742,7,4,104,190,4916788.8,45.82692307692308,16.19135543432648,False,False,0.5714285714285714,26.186813186813186,False,Low
2025-06-01,SKU006,509,111,8,174,349,3372837.6,45.82692307692308,11.107007973143096,False,False,1.1428571428571428,52.37362637362637,False,Low
2025-07-01,SKU006,428,321,14,101,400,2836099.2,45.82692307692308,9.339488040285353,False,False,2.0,91.65384615384616,False,Low
2025-08-01,SKU006,345,403,10,125,301,2286108.0,45.82692307692308,7.528325639949643,False,False,1.4285714285714286,65.46703296703298,False,Low
2025-09-01,SKU006,193,243,3,106,154,1278895.2,45.82692307692308,4.211498111624003,False,False,0.42857142857142855,19.64010989010989,False,Low
2025-10-01,SKU006,232,418,11,65,241,1537324.8,45.82692307692308,5.062526227444398,True,False,1.5714285714285714,72.01373626373626,False,Medium
2025-11-01,SKU006,245,30,14,87,297,1623468.0,45.82692307692308,5.346202266051195,True,False,2.0,91.65384615384616,False,Medium
2025-12-01,SKU006,359,485,13,129,340,2378877.6,45.82692307692308,7.8338229122954255,False,False,1.8571428571428572,85.10714285714286,False,Low
2024-01-01,SKU007,12,2,3,7,10,54576.36,173.66346153846155,0.06909916394441061,False,False,0.42857142857142855,74.4271978021978,True,Medium
2024-02-01,SKU007,282,685,13,143,390,1282544.46,173.66346153846155,1.6238303526936493,True,False,1.8571428571428572,322.51785714285717,True,Medium
2024-03-01,SKU007,565,231,11,97,310,2569636.95,173.66346153846155,3.2534189690493327,False,False,1.5714285714285714,272.89972527472526,False,Low
2024-04-01,SKU007,445,303,4,121,214,2023873.35,173.66346153846155,2.5624273296052267,False,False,0.5714285714285714,99.23626373626374,False,Low
2024-05-01,SKU007,555,166,11,78,305,2524156.65,173.66346153846155,3.1958363324289905,False,False,1.5714285714285714,272.89972527472526,False,Low
2024-06-01,SKU007,591,729,13,81,367,2687885.73,173.66346153846155,3.4031338242622224,False,False,1.8571428571428572,322.51785714285717,False,Low
2024-07-01,SKU007,513,412,7,113,268,2333139.39,173.66346153846155,2.953989258623553,False,False,1.0,173.66346153846155,False,Low
2024-08-01,SKU007,527,99,10,148,339,2396811.81,173.66346153846155,3.0346049498920324,False,False,1.4285714285714286,248.09065934065936,False,Low
2024-09-01,SKU007,296,417,9,118,279,1346216.88,173.66346153846155,1.7044460439621283,False,False,1.2857142857142858,223.28159340659343,False,Low
2024-10-01,SKU007,290,85,6,121,227,1318928.7,173.66346153846155,1.669896461989923,False,False,0.8571428571428571,148.8543956043956,False,Low
2024-11-01,SKU007,328,23,8,62,178,1491753.84,173.66346153846155,1.8887104811472233,False,False,1.1428571428571428,198.47252747252747,False,Low
2024-12-01,SKU007,454,91,3,136,189,2064805.62,173.66346153846155,2.6142517025635343,False,False,0.42857142857142855,74.4271978021978,False,Low
2025-01-01,SKU007,504,223,3,70,122,2292207.12,173.66346153846155,2.9021648856652456,False,False,0.42857142857142855,74.4271978021978,False,Low
2025-02-01,SKU007,320,5,9,70,227,1455369.6,173.66346153846155,1.8426443718509495,False,False,1.2857142857142858,223.28159340659343,False,Low
2025-03-01,SKU007,167,363,5,141,237,759521.01,173.66346153846155,0.9616300315597143,True,False,0.7142857142857143,124.04532967032968,False,Medium
2025-04-01,SKU007,335,202,9,85,291,1523590.05,173.66346153846155,1.9290183267814627,False,False,1.2857142857142858,223.28159340659343,False,Low
2025-05-01,SKU007,574,782,12,167,439,2610569.22,173.66346153846155,3.305243342007641,False,False,1.7142857142857142,297.7087912087912,False,Low
2025-06-01,SKU007,519,600,11,76,322,2360427.57,173.66346153846155,2.9885388405957585,False,False,1.5714285714285714,272.89972527472526,False,Low
2025-07-01,SKU007,643,313,11,147,400,2924383.29,173.66346153846155,3.7025635346880015,False,False,1.5714285714285714,272.89972527472526,False,Low
2025-08-01,SKU007,478,98,7,89,224,2173958.34,173.66346153846155,2.752450030452356,False,False,1.0,173.66346153846155,False,Low
2025-09-01,SKU007,367,183,14,97,340,1669127.01,173.66346153846155,2.1132827639665575,False,False,2.0,347.3269230769231,False,Low
2025-10-01,SKU007,526,185,4,63,133,2392263.78,173.66346153846155,3.0288466862299983,False,False,0.5714285714285714,99.23626373626374,False,Low
2025-11-01,SKU007,434,27,5,64,136,1973845.02,173.66346153846155,2.4990864293228503,False,False,0.7142857142857143,124.04532967032968,False,Low
2025-12-01,SKU007,207,460,8,98,237,941442.21,173.66346153846155,1.191960578041083,True,False,1.1428571428571428,198.47252747252747,False,Medium
2024-01-01,SKU008,18,22,7,5,12,119954.52,114.5,0.1572052401746725,False,False,1.0,114.5,True,Medium
2024-02-01,SKU008,186,157,10,128,376,1239530.04,114.5,1.6244541484716157,True,False,1.4285714285714286,163.57142857142858,False,Medium
2024-03-01,SKU008,537,304,14,177,549,3578643.18,114.5,4.689956331877729,True,False,2.0,229.0,False,Medium
2024-04-01,SKU008,206,344,6,197,386,1372812.84,114.5,1.7991266375545851,True,False,0.8571428571428571,98.14285714285714,False,Medium
2024-05-01,SKU008,915,574,8,111,342,6097688.1,114.5,7.991266375545852,False,False,1.1428571428571428,130.85714285714286,False,Low
2024-06-01,SKU008,760,110,8,207,427,5064746.4,114.5,6.637554585152839,False,False,1.1428571428571428,130.85714285714286,False,Low
2024-07-01,SKU008,307,127,4,132,251,2045890.98,114.5,2.6812227074235806,False,False,0.5714285714285714,65.42857142857143,False,Low
2024-08-01,SKU008,700,612,14,123,498,4664898.0,114.5,6.11353711790393,False,False,2.0,229.0,False,Low
2024-09-01,SKU008,125,180,12,192,480,833017.5,114.5,1.091703056768559,True,True,1.7142857142857142,196.28571428571428,True,High
2024-10-01,SKU008,717,337,5,129,243,4778188.38,114.5,6.262008733624454,False,False,0.7142857142857143,81.78571428571429,False,Low
2024-11-01,SKU008,347,395,13,103,371,2312456.58,114.5,3.03056768558952,True,False,1.8571428571428572,212.64285714285714,False,Medium
2024-12-01,SKU008,417,445,8,86,271,2778946.38,114.5,3.6419213973799125,False,False,1.1428571428571428,130.85714285714286,False,Low
2025-01-01,SKU008,706,294,10,167,393,4704882.84,114.5,6.165938864628821,False,False,1.4285714285714286,163.57142857142858,False,Low
2025-02-01,SKU008,450,314,14,80,447,2998863.0,114.5,3.930131004366812,False,False,2.0,229.0,False,Low
2025-03-01,SKU008,694,59,4,184,290,4624913.16,114.5,6.06113537117904,False,False,0.5714285714285714,65.42857142857143,False,Low
2025-04-01,SKU008,256,427,3,151,244,1706019.84,114.5,2.2358078602620086,False,False,0.42857142857142855,49.07142857142857,False,Low
2025-05-01,SKU008,563,577,12,173,523,3751910.82,114.5,4.91703056768559,False,False,1.7142857142857142,196.28571428571428,False,Low
2025-06-01,SKU008,903,398,4,148,264,6017718.42,114.5,7.88646288209607,False,False,0.5714285714285714,65.42857142857143,False,Low
2025-07-01,SKU008,538,374,4,169,291,3585307.32,114.5,4.698689956331878,False,False,0.5714285714285714,65.42857142857143,False,Low
2025-08-01,SKU008,238,222,6,108,257,1586065.32,114.5,2.078602620087336,True,False,0.8571428571428571,98.14285714285714,False,Medium
2025-09-01,SKU008,759,25,11,157,420,5058082.26,114.5,6.62882096069869,False,False,1.5714285714285714,179.92857142857142,False,Low
2025-10-01,SKU008,644,424,6,104,240,4291706.16,114.5,5.6244541484716155,False,False,0.8571428571428571,98.14285714285714,False,Low
2025-11-01,SKU008,605,251,3,143,207,4031804.7,114.5,5.283842794759825,False,False,0.42857142857142855,49.07142857142857,False,Low
2025-12-01,SKU008,325,155,3,91,161,2165845.5,114.5,2.8384279475982535,False,False,0.42857142857142855,49.07142857142857,False,Low
2024-01-01,SKU009,13,14,12,5,17,38968.54,75.08653846153847,0.17313356383659878,True,False,1.7142857142857142,128.71978021978023,True,Medium
2024-02-01,SKU009,94,252,14,72,218,281772.52,75.08653846153847,1.2518888462030988,True,False,2.0,150.17307692307693,True,Medium
2024-03-01,SKU009,317,104,5,49,105,950232.86,75.08653846153847,4.221795364323216,False,False,0.7142857142857143,53.633241758241766,False,Low
2024-04-01,SKU009,92,586,14,110,311,275777.36,75.08653846153847,1.2252529133051606,True,True,2.0,150.17307692307693,True,High
2024-05-01,SKU009,268,173,5,38,100,803351.44,75.08653846153847,3.5692150083237286,False,False,0.7142857142857143,53.633241758241766,False,Low
2024-06-01,SKU009,154,95,4,54,104,461627.32,75.08653846153847,2.050966833141247,False,False,0.5714285714285714,42.90659340659341,False,Low
2024-07-01,SKU009,232,211,3,71,106,695438.56,75.08653846153847,3.0897682161608397,False,False,0.42857142857142855,32.17994505494506,False,Low
2024-08-01,SKU009,233,128,11,64,188,698436.14,75.08653846153847,3.103086182609809,False,False,1.5714285714285714,117.99313186813187,False,Low
2024-09-01,SKU009,193,131,13,41,144,578532.94,75.08653846153847,2.5703675246510436,False,False,1.8571428571428572,139.44642857142858,False,Low
2024-10-01,SKU009,224,279,9,60,145,671457.92,75.08653846153847,2.983224484569087,False,False,1.2857142857142858,96.53983516483518,False,Low
2024-11-01,SKU009,273,234,14,65,184,818339.34,75.08653846153847,3.6358048405685746,False,False,2.0,150.17307692307693,False,Low
2024-12-01,SKU009,309,122,13,28,147,926252.22,75.08653846153847,4.115251632731463,False,False,1.8571428571428572,139.44642857142858,False,Low
2025-01-01,SKU009,259,163,4,69,108,776373.22,75.08653846153847,3.4493533102830067,False,False,0.5714285714285714,42.90659340659341,False,Low
2025-02-01,SKU009,321,105,4,37,81,962223.18,75.08653846153847,4.275067230119093,False,False,0.5714285714285714,42.90659340659341,False,Low
2025-03-01,SKU009,333,87,3,51,89,998194.14,75.08653846153847,4.434882827506723,False,False,0.42857142857142855,32.17994505494506,False,Low
2025-04-01,SKU009,278,384,14,36,195,833327.24,75.08653846153847,3.70239467281342,False,False,2.0,150.17307692307693,False,Low
2025-05-01,SKU009,154,46,12,88,222,461627.32,75.08653846153847,2.050966833141247,True,False,1.7142857142857142,128.71978021978023,False,Medium
2025-06-01,SKU009,263,120,3,79,116,788363.54,75.08653846153847,3.502625176078883,False,False,0.42857142857142855,32.17994505494506,False,Low
2025-07-01,SKU009,229,57,4,49,98,686445.82,75.08653846153847,3.0498143168139324,False,False,0.5714285714285714,42.90659340659341,False,Low
2025-08-01,SKU009,129,49,8,30,107,386687.82,75.08653846153847,1.7180176719170186,False,False,1.1428571428571428,85.81318681318682,False,Low
2025-09-01,SKU009,129,97,3,38,68,386687.82,75.08653846153847,1.7180176719170186,False,False,0.42857142857142855,32.17994505494506,False,Low
2025-10-01,SKU009,137,11,5,50,95,410668.46,75.08653846153847,1.8245614035087718,False,False,0.7142857142857143,53.633241758241766,False,Low
2025-11-01,SKU009,207,102,3,36,60,620499.06,75.08653846153847,2.7568190549366114,False,False,0.42857142857142855,32.17994505494506,False,Low
2025-12-01,SKU009,75,89,7,63,131,224818.5,75.08653846153847,0.9988474836726853,True,False,1.0,75.08653846153847,True,Medium
2024-01-01,SKU010,28,9,12,5,17,200807.32,119.36538461538461,0.23457386821330756,False,False,1.7142857142857142,204.6263736263736,True,Medium
2024-02-01,SKU010,100,131,13,24,69,717169.0,119.36538461538461,0.837763815047527,False,False,1.8571428571428572,221.67857142857144,True,Medium
2024-03-01,SKU010,89,106,5,33,54,638280.41,119.36538461538461,0.745609795392299,False,False,0.7142857142857143,85.26098901098901,False,Low
2024-04-01,SKU010,133,106,8,19,56,953834.77,119.36538461538461,1.114225874013211,False,False,1.1428571428571428,136.4175824175824,True,Medium
2024-05-01,SKU010,74,35,12,21,65,530705.06,119.36538461538461,0.61994522313517,False,False,1.7142857142857142,204.6263736263736,True,Medium
2024-06-01,SKU010,103,29,14,22,87,738684.07,119.36538461538461,0.8628967294989528,False,False,2.0,238.73076923076923,True,Medium
2024-07-01,SKU010,131,31,5,14,36,939491.39,119.36538461538461,1.0974705977122603,False,False,0.7142857142857143,85.26098901098901,False,Low
2024-08-01,SKU010,103,75,8,12,40,738684.07,119.36538461538461,0.8628967294989528,False,False,1.1428571428571428,136.4175824175824,True,Medium
2024-09-01,SKU010,37,39,6,16,34,265352.53,119.36538461538461,0.309972611567585,False,False,0.8571428571428571,102.3131868131868,True,Medium
2024-10-01,SKU010,24,21,6,19,38,172120.56,119.36538461538461,0.20106331561140647,True,False,0.8571428571428571,102.3131868131868,True,Medium
2024-11-01,SKU010,62,48,6,17,33,444644.78,119.36538461538461,0.5194135653294667,False,False,0.8571428571428571,102.3131868131868,True,Medium
2024-12-01,SKU010,27,22,5,21,39,193635.63,119.36538461538461,0.2261962300628323,True,False,0.7142857142857143,85.26098901098901,True,Medium
2025-01-01,SKU010,37,0,12,18,59,265352.53,119.36538461538461,0.309972611567585,True,False,1.7142857142857142,204.6263736263736,True,Medium
2025-02-01,SKU010,115,62,9,22,52,824744.35,119.36538461538461,0.9634283873046561,False,False,1.2857142857142858,153.46978021978023,True,Medium
2025-03-01,SKU010,43,6,12,10,46,308382.67,119.36538461538461,0.3602384404704366,True,False,1.7142857142857142,204.6263736263736,True,Medium
2025-04-01,SKU010,89,73,14,25,82,638280.41,119.36538461538461,0.745609795392299,False,False,2.0,238.73076923076923,True,Medium
2025-05-01,SKU010,53,90,5,22,46,380099.57,119.36538461538461,0.4440148219751893,False,False,0.7142857142857143,85.26098901098901,True,Medium
2025-06-01,SKU010,36,6,10,18,59,258180.84,119.36538461538461,0.3015949734171097,True,False,1.4285714285714286,170.52197802197801,True,Medium
2025-07-01,SKU010,69,83,5,32,52,494846.61,119.36538461538461,0.5780570323827936,False,False,0.7142857142857143,85.26098901098901,True,Medium
2025-08-01,SKU010,38,4,4,14,27,272524.22,119.36538461538461,0.31835024971806025,False,False,0.5714285714285714,68.2087912087912,True,Medium
2025-09-01,SKU010,37,46,9,19,48,265352.53,119.36538461538461,0.309972611567585,True,False,1.2857142857142858,153.46978021978023,True,Medium
2025-10-01,SKU010,117,1,12,25,67,839087.73,119.36538461538461,0.9801836636056066,False,False,1.7142857142857142,204.6263736263736,True,Medium
2025-11-01,SKU010,83,62,10,14,41,595250.27,119.36538461538461,0.6953439664894474,False,False,1.4285714285714286,170.52197802197801,True,Medium
2025-12-01,SKU010,83,70,13,22,60,595250.27,119.36538461538461,0.6953439664894474,False,False,1.8571428571428572,221.67857142857144,True,Medium
2024-01-01,SKU011,5,3,3,5,10,19335.45,18.73076923076923,0.2669404517453799,True,True,0.42857142857142855,8.027472527472527,True,High
2024-02-01,SKU011,596,324,13,139,466,2304785.64,18.73076923076923,31.81930184804928,False,False,1.8571428571428572,34.785714285714285,False,Low
2024-03-01,SKU011,574,255,5,217,355,2219709.66,18.73076923076923,30.64476386036961,False,False,0.7142857142857143,13.37912087912088,False,Low
2024-04-01,SKU011,708,493,5,161,317,2737899.72,18.73076923076923,37.79876796714579,False,False,0.7142857142857143,13.37912087912088,False,Low
2024-05-01,SKU011,301,26,14,149,531,1163994.09,18.73076923076923,16.069815195071868,True,False,2.0,37.46153846153846,False,Medium
2024-06-01,SKU011,916,171,8,183,416,3542254.44,18.73076923076923,48.903490759753595,False,False,1.1428571428571428,21.406593406593405,False,Low
2024-07-01,SKU011,946,45,7,137,357,3658267.14,18.73076923076923,50.50513347022587,False,False,1.0,18.73076923076923,False,Low
2024-08-01,SKU011,863,544,7,165,342,3337298.67,18.73076923076923,46.07392197125257,False,False,1.0,18.73076923076923,False,Low
2024-09-01,SKU011,536,391,11,122,365,2072760.24,18.73076923076923,28.616016427104725,False,False,1.5714285714285714,29.43406593406593,False,Low
2024-10-01,SKU011,433,143,7,141,300,1674449.97,18.73076923076923,23.117043121149898,False,False,1.0,18.73076923076923,False,Low
2024-11-01,SKU011,338,108,3,67,126,1307076.42,18.73076923076923,18.04517453798768,False,False,0.42857142857142855,8.027472527472527,False,Low
2024-12-01,SKU011,421,675,14,121,445,1628044.89,18.73076923076923,22.476386036960985,True,False,2.0,37.46153846153846,False,Medium
2025-01-01,SKU011,437,659,14,107,426,1689918.33,18.73076923076923,23.3305954825462,False,False,2.0,37.46153846153846,False,Low
2025-02-01,SKU011,715,562,12,132,423,2764969.35,18.73076923076923,38.172484599589325,False,False,1.7142857142857142,32.10989010989011,False,Low
2025-03-01,SKU011,610,289,11,160,456,2358924.9,18.73076923076923,32.56673511293635,False,False,1.5714285714285714,29.43406593406593,False,Low
2025-04-01,SKU011,853,577,6,198,386,3298627.77,18.73076923076923,45.540041067761805,False,False,0.8571428571428571,16.054945054945055,False,Low
2025-05-01,SKU011,752,83,14,122,515,2908051.68,18.73076923076923,40.14784394250513,False,False,2.0,37.46153846153846,False,Low
2025-06-01,SKU011,735,114,3,155,236,2842311.15,18.73076923076923,39.24024640657084,False,False,0.42857142857142855,8.027472527472527,False,Low
2025-07-01,SKU011,214,218,7,103,309,827557.26,18.73076923076923,11.425051334702259,True,False,1.0,18.73076923076923,False,Medium
2025-08-01,SKU011,145,441,4,178,276,560728.05,18.73076923076923,7.7412731006160165,True,True,0.5714285714285714,10.703296703296703,False,High
2025-09-01,SKU011,592,979,14,180,515,2289317.28,18.73076923076923,31.60574948665298,False,False,2.0,37.46153846153846,False,Low
2025-10-01,SKU011,330,213,7,117,264,1276139.7,18.73076923076923,17.618069815195074,False,False,1.0,18.73076923076923,False,Low
2025-11-01,SKU011,346,118,3,60,118,1338013.14,18.73076923076923,18.472279260780287,False,False,0.42857142857142855,8.027472527472527,False,Low
2025-12-01,SKU011,753,269,3,179,247,2911918.77,18.73076923076923,40.201232032854215,False,False,0.42857142857142855,8.027472527472527,False,Low
2024-01-01,SKU012,24,14,3,5,10,34697.76,182.65384615384616,0.131396083385976,False,False,0.42857142857142855,78.28021978021978,True,Medium
2024-02-01,SKU012,67,83,13,13,56,96864.58,182.65384615384616,0.366814066119183,False,False,1.8571428571428572,339.2142857142857,True,Medium
2024-03-01,SKU012,93,39,5,11,29,134453.82,182.65384615384616,0.509159823120657,False,False,0.7142857142857143,130.46703296703296,True,Medium
2024-04-01,SKU012,22,32,4,21,38,31806.28,182.65384615384616,0.12044640977047799,True,False,0.5714285714285714,104.37362637362637,True,Medium
2024-05-01,SKU012,100,14,12,18,67,144574.0,182.65384615384616,0.5474836807749,False,False,1.7142857142857142,313.1208791208791,True,Medium
2024-06-01,SKU012,36,50,13,25,69,52046.64,182.65384615384616,0.19709412507896398,True,False,1.8571428571428572,339.2142857142857,True,Medium
2024-07-01,SKU012,151,18,6,23,49,218306.74,182.65384615384616,0.8267003579700989,False,False,0.8571428571428571,156.56043956043956,True,Medium
2024-08-01,SKU012,30,43,13,21,61,43372.2,182.65384615384616,0.16424510423247,True,False,1.8571428571428572,339.2142857142857,True,Medium
2024-09-01,SKU012,51,28,3,15,25,73732.74,182.65384615384616,0.279216677195199,False,False,0.42857142857142855,78.28021978021978,True,Medium
2024-10-01,SKU012,99,73,12,14,48,143128.26,182.65384615384616,0.542008843967151,False,False,1.7142857142857142,313.1208791208791,True,Medium
2024-11-01,SKU012,99,94,11,22,53,143128.26,182.65384615384616,0.542008843967151,False,False,1.5714285714285714,287.0274725274725,True,Medium
2024-12-01,SKU012,70,1,13,24,63,101201.8,182.65384615384616,0.38323857654243,False,False,1.8571428571428572,339.2142857142857,True,Medium
2025-01-01,SKU012,60,18,4,15,27,86744.4,182.65384615384616,0.32849020846494,False,False,0.5714285714285714,104.37362637362637,True,Medium
2025-02-01,SKU012,76,12,3,11,20,109876.24,182.65384615384616,0.416087597388924,False,False,0.42857142857142855,78.28021978021978,True,Medium
2025-03-01,SKU012,59,57,13,25,77,85298.66,182.65384615384616,0.32301537165719096,True,False,1.8571428571428572,339.2142857142857,True,Medium
2025-04-01,SKU012,103,60,6,22,46,148911.22,182.65384615384616,0.563908191198147,False,False,0.8571428571428571,156.56043956043956,True,Medium
2025-05-01,SKU012,61,61,3,24,35,88190.14,182.65384615384616,0.333965045272689,False,False,0.42857142857142855,78.28021978021978,True,Medium
2025-06-01,SKU012,62,73,3,24,37,89635.88,182.65384615384616,0.33943988208043796,False,False,0.42857142857142855,78.28021978021978,True,Medium
2025-07-01,SKU012,128,164,14,27,84,185054.72,182.65384615384616,0.700779111391872,False,False,2.0,365.3076923076923,True,Medium
2025-08-01,SKU012,55,112,13,27,82,79515.7,182.65384615384616,0.30111602442619495,True,False,1.8571428571428572,339.2142857142857,True,Medium
2025-09-01,SKU012,43,17,12,21,57,62166.82,182.65384615384616,0.235417982733207,True,False,1.7142857142857142,313.1208791208791,True,Medium
2025-10-01,SKU012,42,13,3,12,20,60721.08,182.65384615384616,0.22994314592545798,False,False,0.42857142857142855,78.28021978021978,True,Medium
2025-11-01,SKU012,36,46,7,15,35,52046.64,182.65384615384616,0.19709412507896398,False,False,1.0,182.65384615384616,True,Medium
2025-12-01,SKU012,47,60,12,16,58,67949.78,182.65384615384616,0.257317329964203,True,False,1.7142857142857142,313.1208791208791,True,Medium
2024-01-01,SKU013,5,19,4,6,10,38741.0,98.67307692307692,0.05067238355096473,True,True,0.5714285714285714,56.38461538461538,True,High
2024-02-01,SKU013,269,157,10,25,104,2084265.8,98.67307692307692,2.7261742350419023,False,False,1.4285714285714286,140.96153846153845,False,Low
2024-03-01,SKU013,344,197,4,64,105,2665380.8,98.67307692307692,3.486259988306373,False,False,0.5714285714285714,56.38461538461538,False,Low
2024-04-01,SKU013,229,253,11,33,151,1774337.8,98.67307692307692,2.3207951666341846,False,False,1.5714285714285714,155.0576923076923,False,Low
2024-05-01,SKU013,166,0,6,41,104,1286201.2,98.67307692307692,1.6823231338920288,False,False,0.8571428571428571,84.57692307692307,False,Low
2024-06-01,SKU013,186,14,3,32,61,1441165.2,98.67307692307692,1.8850126680958879,False,False,0.42857142857142855,42.28846153846153,False,Low
2024-07-01,SKU013,141,117,13,54,186,1092496.2,98.67307692307692,1.4289612161372052,True,False,1.8571428571428572,183.25,True,Medium
2024-08-01,SKU013,281,305,14,65,193,2177244.2,98.67307692307692,2.8477879555642174,False,False,2.0,197.34615384615384,False,Low
2024-09-01,SKU013,138,299,14,56,164,1069251.6,98.67307692307692,1.3985577860066265,True,False,2.0,197.34615384615384,True,Medium
2024-10-01,SKU013,273,65,3,29,52,2115258.6,98.67307692307692,2.766712141882674,False,False,0.42857142857142855,42.28846153846153,False,Low
2024-11-01,SKU013,249,102,5,41,81,1929301.8,98.67307692307692,2.5234847008380434,False,False,0.7142857142857143,70.48076923076923,False,Low
2024-12-01,SKU013,249,200,5,68,112,1929301.8,98.67307692307692,2.5234847008380434,False,False,0.7142857142857143,70.48076923076923,False,Low
2025-01-01,SKU013,50,224,12,48,150,387410.0,98.67307692307692,0.5067238355096473,True,False,1.7142857142857142,169.15384615384613,True,Medium
2025-02-01,SKU013,115,167,9,43,123,891043.0,98.67307692307692,1.1654648216721888,True,False,1.2857142857142858,126.86538461538463,True,Medium
2025-03-01,SKU013,83,75,8,41,128,643100.6,98.67307692307692,0.8411615669460144,True,False,1.1428571428571428,112.76923076923076,True,Medium
2025-04-01,SKU013,165,89,14,65,214,1278453.0,98.67307692307692,1.6721886571818358,True,False,2.0,197.34615384615384,True,Medium
2025-05-01,SKU013,158,61,8,43,125,1224215.6,98.67307692307692,1.6012473202104853,False,False,1.1428571428571428,112.76923076923076,False,Low
2025-06-01,SKU013,177,207,7,44,121,1371431.4,98.67307692307692,1.7938023777041514,False,False,1.0,98.67307692307692,False,Low
2025-07-01,SKU013,332,189,6,35,97,2572402.4,98.67307692307692,3.3646462677840576,False,False,0.8571428571428571,84.57692307692307,False,Low
2025-08-01,SKU013,272,91,7,36,95,2107510.4,98.67307692307692,2.756577665172481,False,False,1.0,98.67307692307692,False,Low
2025-09-01,SKU013,202,226,7,69,133,1565136.4,98.67307692307692,2.047164295458975,False,False,1.0,98.67307692307692,False,Low
2025-10-01,SKU013,110,218,11,43,123,852302.0,98.67307692307692,1.114792438121224,True,False,1.5714285714285714,155.0576923076923,True,Medium
2025-11-01,SKU013,54,126,9,25,86,418402.8,98.67307692307692,0.547261742350419,True,False,1.2857142857142858,126.86538461538463,True,Medium
2025-12-01,SKU013,151,95,4,32,61,1169978.2,98.67307692307692,1.5303059832391348,False,False,0.5714285714285714,56.38461538461538,False,Low
2024-01-01,SKU014,20,12,6,6,12,62421.2,151.27884615384616,0.1322061908091273,False,False,0.8571428571428571,129.66758241758242,True,Medium
2024-02-01,SKU014,383,1,8,98,241,1195365.98,151.27884615384616,2.5317485539947877,False,False,1.1428571428571428,172.8901098901099,False,Low
2024-03-01,SKU014,336,8,14,133,408,1048676.16,151.27884615384616,2.221064005593339,True,False,2.0,302.5576923076923,False,Medium
2024-04-01,SKU014,140,297,5,88,202,436948.4,151.27884615384616,0.9254433356638911,True,False,0.7142857142857143,108.05631868131869,False,Medium
2024-05-01,SKU014,182,396,13,91,370,568032.92,151.27884615384616,1.2030763363630586,True,False,1.8571428571428572,280.9464285714286,True,Medium
2024-06-01,SKU014,274,27,7,63,210,855170.44,151.27884615384616,1.811224814085044,False,False,1.0,151.27884615384616,False,Low
2024-07-01,SKU014,636,321,7,160,307,1984994.16,151.27884615384616,4.204156867730249,False,False,1.0,151.27884615384616,False,Low
2024-08-01,SKU014,435,351,8,101,245,1357661.1,151.27884615384616,2.8754846500985187,False,False,1.1428571428571428,172.8901098901099,False,Low
2024-09-01,SKU014,94,291,13,123,331,293379.64,151.27884615384616,0.6213690968028983,True,True,1.8571428571428572,280.9464285714286,True,High
2024-10-01,SKU014,228,47,14,108,335,711601.68,151.27884615384616,1.5071505752240513,True,False,2.0,302.5576923076923,True,Medium
2024-11-01,SKU014,139,31,9,67,210,433827.34,151.27884615384616,0.9188330261234348,True,False,1.2857142857142858,194.50137362637366,True,Medium
2024-12-01,SKU014,419,507,13,115,337,1307724.14,151.27884615384616,2.769719697451217,False,False,1.8571428571428572,280.9464285714286,False,Low
2025-01-01,SKU014,99,209,3,126,174,308984.94,151.27884615384616,0.6544206445051801,True,True,0.42857142857142855,64.83379120879121,False,High
2025-02-01,SKU014,183,26,14,94,358,571153.98,151.27884615384616,1.209686645903515,True,False,2.0,302.5576923076923,True,Medium
2025-03-01,SKU014,650,677,14,93,371,2028689.0,151.27884615384616,4.296701201296638,False,False,2.0,302.5576923076923,False,Low
2025-04-01,SKU014,375,298,8,101,294,1170397.5,151.27884615384616,2.478866077671137,False,False,1.1428571428571428,172.8901098901099,False,Low
2025-05-01,SKU014,426,304,9,72,264,1329571.56,151.27884615384616,2.8159918642344115,False,False,1.2857142857142858,194.50137362637366,False,Low
2025-06-01,SKU014,236,52,10,72,297,736570.16,151.27884615384616,1.560033051547702,True,False,1.4285714285714286,216.11263736263737,False,Medium
2025-07-01,SKU014,345,450,14,94,395,1076765.7,151.27884615384616,2.280556791457446,True,False,2.0,302.5576923076923,False,Medium
2025-08-01,SKU014,376,384,8,100,246,1173518.56,151.27884615384616,2.4854763872115933,False,False,1.1428571428571428,172.8901098901099,False,Low
2025-09-01,SKU014,346,269,7,117,230,1079886.76,151.27884615384616,2.287167100997902,False,False,1.0,151.27884615384616,False,Low
2025-10-01,SKU014,564,306,7,104,219,1760277.84,151.27884615384616,3.72821458081739,False,False,1.0,151.27884615384616,False,Low
2025-11-01,SKU014,362,290,8,74,188,1129823.72,151.27884615384616,2.3929320536452043,False,False,1.1428571428571428,172.8901098901099,False,Low
2025-12-01,SKU014,309,334,10,130,299,964407.54,151.27884615384616,2.0425856480010167,False,False,1.4285714285714286,216.11263736263737,False,Low
2024-01-01,SKU015,23,20,6,5,11,28908.47,28.721153846153847,0.8008034817542685,False,False,0.8571428571428571,24.61813186813187,True,Medium
2024-02-01,SKU015,607,325,10,120,297,762932.23,28.721153846153847,21.134248409775694,False,False,1.4285714285714286,41.03021978021978,False,Low
2024-03-01,SKU015,429,85,4,122,198,539205.81,28.721153846153847,14.936725811851355,False,False,0.5714285714285714,16.412087912087912,False,Low
2024-04-01,SKU015,536,125,3,71,141,673693.04,28.721153846153847,18.662202879142953,False,False,0.42857142857142855,12.309065934065934,False,Low
2024-05-01,SKU015,279,387,7,92,234,350672.31,28.721153846153847,9.714094409106126,False,False,1.0,28.721153846153847,False,Low
2024-06-01,SKU015,526,626,7,170,327,661124.14,28.721153846153847,18.31402745229327,False,False,1.0,28.721153846153847,False,Low
2024-07-01,SKU015,709,2,9,96,313,891135.01,28.721153846153847,24.68563776364245,False,False,1.2857142857142858,36.9271978021978,False,Low
2024-08-01,SKU015,322,412,10,82,258,404718.58,28.721153846153847,11.211248744559759,False,False,1.4285714285714286,41.03021978021978,False,Low
2024-09-01,SKU015,327,205,4,106,171,411003.03,28.721153846153847,11.3853364579846,False,False,0.5714285714285714,16.412087912087912,False,Low
2024-10-01,SKU015,509,121,14,128,376,639757.01,28.721153846153847,17.72212922664881,False,False,2.0,57.44230769230769,False,Low
2024-11-01,SKU015,264,248,9,106,253,331818.96,28.721153846153847,9.191831268831603,False,False,1.2857142857142858,36.9271978021978,False,Low
2024-12-01,SKU015,587,380,7,121,245,737794.43,28.721153846153847,20.43789755607633,False,False,1.0,28.721153846153847,False,Low
2025-01-01,SKU015,186,92,3,85,135,233781.54,28.721153846153847,6.476062939404084,False,False,0.42857142857142855,12.309065934065934,False,Low
2025-02-01,SKU015,190,638,14,67,339,238809.1,28.721153846153847,6.615333110143957,True,False,2.0,57.44230769230769,False,Medium
2025-03-01,SKU015,403,396,9,126,298,506526.67,28.721153846153847,14.031469702042182,False,False,1.2857142857142858,36.9271978021978,False,Low
2025-04-01,SKU015,481,195,10,148,385,604564.09,28.721153846153847,16.747238031469703,False,False,1.4285714285714286,41.03021978021978,False,Low
2025-05-01,SKU015,366,160,9,71,270,460021.74,28.721153846153847,12.74322062269836,False,False,1.2857142857142858,36.9271978021978,False,Low
2025-06-01,SKU015,324,115,8,130,299,407232.36,28.721153846153847,11.280883829929696,False,False,1.1428571428571428,32.824175824175825,False,Low
2025-07-01,SKU015,420,423,10,125,343,527893.8,28.721153846153847,14.623367927686642,False,False,1.4285714285714286,41.03021978021978,False,Low
2025-08-01,SKU015,109,481,9,79,241,137001.01,28.721153846153847,3.7951121526615332,True,False,1.2857142857142858,36.9271978021978,False,Medium
2025-09-01,SKU015,268,69,6,76,182,336846.52,28.721153846153847,9.331101439571476,False,False,0.8571428571428571,24.61813186813187,False,Low
2025-10-01,SKU015,314,386,14,89,334,394663.46,28.721153846153847,10.932708403080014,True,False,2.0,57.44230769230769,False,Medium
2025-11-01,SKU015,399,237,4,58,121,501499.11,28.721153846153847,13.89219953130231,False,False,0.5714285714285714,16.412087912087912,False,Low
2025-12-01,SKU015,187,245,9,119,265,235038.43,28.721153846153847,6.5108804820890525,True,False,1.2857142857142858,36.9271978021978,False,Medium
2024-01-01,SKU016,20,18,3,7,10,40171.0,97.17307692307692,0.20581832574708095,False,False,0.42857142857142855,41.645604395604394,True,Medium
2024-02-01,SKU016,299,121,11,66,173,600556.45,97.17307692307692,3.07698396991886,False,False,1.5714285714285714,152.70054945054943,False,Low
2024-03-01,SKU016,311,97,12,63,217,624659.05,97.17307692307692,3.2004749653671087,False,False,1.7142857142857142,166.58241758241758,False,Low
2024-04-01,SKU016,188,93,4,44,95,377607.4,97.17307692307692,1.9346922620225608,False,False,0.5714285714285714,55.527472527472526,False,Low
2024-05-01,SKU016,63,74,10,93,217,126538.65,97.17307692307692,0.648327726103305,True,True,1.4285714285714286,138.8186813186813,True,High
2024-06-01,SKU016,424,0,13,88,247,851625.2,97.17307692307692,4.3633485058381165,False,False,1.8571428571428572,180.46428571428572,False,Low
2024-07-01,SKU016,229,294,11,77,218,459957.95,97.17307692307692,2.356619829804077,False,False,1.5714285714285714,152.70054945054943,False,Low
2024-08-01,SKU016,79,92,11,58,170,158675.45,97.17307692307692,0.8129823867009698,True,False,1.5714285714285714,152.70054945054943,True,Medium
2024-09-01,SKU016,93,5,13,36,149,186795.15,97.17307692307692,0.9570552147239264,True,False,1.8571428571428572,180.46428571428572,True,Medium
2024-10-01,SKU016,252,148,6,41,101,506154.6,97.17307692307692,2.59331090441322,False,False,0.8571428571428571,83.29120879120879,False,Low
2024-11-01,SKU016,47,5,5,57,101,94401.85,97.17307692307692,0.4836730655056402,True,True,0.7142857142857143,69.40934065934066,True,High
2024-12-01,SKU016,320,181,10,64,170,642736.0,97.17307692307692,3.293093211953295,False,False,1.4285714285714286,138.8186813186813,False,Low
2025-01-01,SKU016,73,171,4,64,105,146624.15,97.17307692307692,0.7512368889768455,True,False,0.5714285714285714,55.527472527472526,False,Medium
2025-02-01,SKU016,341,270,11,80,192,684915.55,97.17307692307692,3.5092024539877302,False,False,1.5714285714285714,152.70054945054943,False,Low
2025-03-01,SKU016,124,104,13,65,217,249060.2,97.17307692307692,1.2760736196319018,True,False,1.8571428571428572,180.46428571428572,True,Medium
2025-04-01,SKU016,348,22,3,56,98,698975.4,97.17307692307692,3.5812388679992084,False,False,0.42857142857142855,41.645604395604394,False,Low
2025-05-01,SKU016,425,192,7,105,199,853633.75,97.17307692307692,4.37363942212547,False,False,1.0,97.17307692307692,False,Low
2025-06-01,SKU016,123,148,6,79,147,247051.65,97.17307692307692,1.265782703344548,True,False,0.8571428571428571,83.29120879120879,False,Medium
2025-07-01,SKU016,269,1,3,50,86,540299.95,97.17307692307692,2.7682564812982386,False,False,0.42857142857142855,41.645604395604394,False,Low
2025-08-01,SKU016,236,119,10,46,152,474017.8,97.17307692307692,2.428656243815555,False,False,1.4285714285714286,138.8186813186813,False,Low
2025-09-01,SKU016,312,96,9,51,131,626667.6,97.17307692307692,3.2107658816544626,False,False,1.2857142857142858,124.9368131868132,False,Low
2025-10-01,SKU016,158,80,7,34,100,317350.9,97.17307692307692,1.6259647734019396,False,False,1.0,97.17307692307692,False,Low
2025-11-01,SKU016,313,63,6,69,126,628676.15,97.17307692307692,3.221056797941817,False,False,0.8571428571428571,83.29120879120879,False,Low
2025-12-01,SKU016,255,187,11,30,129,512180.25,97.17307692307692,2.6241836532752822,False,False,1.5714285714285714,152.70054945054943,False,Low
2024-01-01,SKU017,28,11,7,5,12,187691.28,99.39423076923077,0.28170649124504205,False,False,1.0,99.39423076923077,True,Medium
2024-02-01,SKU017,218,315,7,85,175,1461310.68,99.39423076923077,2.1932862532649704,False,False,1.0,99.39423076923077,False,Low
2024-03-01,SKU017,237,170,6,89,168,1588672.62,99.39423076923077,2.3844442294669634,False,False,0.8571428571428571,85.19505494505495,False,Low
2024-04-01,SKU017,425,409,14,60,282,2848885.5,99.39423076923077,4.275902099255103,False,False,2.0,198.78846153846155,False,Low
2024-05-01,SKU017,231,107,6,102,192,1548453.06,99.39423076923077,2.324078552771597,False,False,0.8571428571428571,85.19505494505495,False,Low
2024-06-01,SKU017,127,202,4,66,126,851314.02,99.39423076923077,1.2777401567185838,False,False,0.5714285714285714,56.7967032967033,False,Low
2024-07-01,SKU017,205,120,7,85,199,1374168.3,99.39423076923077,2.0624939537583438,False,False,1.0,99.39423076923077,False,Low
2024-08-01,SKU017,70,227,4,83,134,469228.2,99.39423076923077,0.7042662281126052,True,True,0.5714285714285714,56.7967032967033,False,High
2024-09-01,SKU017,197,199,4,76,123,1320542.22,99.39423076923077,1.9820063848311888,False,False,0.5714285714285714,56.7967032967033,False,Low
2024-10-01,SKU017,317,68,4,84,128,2124933.42,99.39423076923077,3.189319918738512,False,False,0.5714285714285714,56.7967032967033,False,Low
2024-11-01,SKU017,276,32,12,39,158,1850099.76,99.39423076923077,2.7768211279868433,False,False,1.7142857142857142,170.3901098901099,False,Low
2024-12-01,SKU017,142,186,7,65,142,951862.92,99.39423076923077,1.4286543484569991,True,False,1.0,99.39423076923077,False,Medium
2025-01-01,SKU017,212,82,8,76,162,1421091.12,99.39423076923077,2.1329205765696044,False,False,1.1428571428571428,113.5934065934066,False,Low
2025-02-01,SKU017,291,111,8,48,143,1950648.66,99.39423076923077,2.9277353197252585,False,False,1.1428571428571428,113.5934065934066,False,Low
2025-03-01,SKU017,247,48,9,96,220,1655705.22,99.39423076923077,2.485053690625907,False,False,1.2857142857142858,127.79258241758244,False,Low
2025-04-01,SKU017,510,559,11,119,301,3418662.6,99.39423076923077,5.131082519106124,False,False,1.5714285714285714,156.19093406593407,False,Low
2025-05-01,SKU017,375,119,13,90,298,2513722.5,99.39423076923077,3.7728547934603847,False,False,1.8571428571428572,184.58928571428572,False,Low
2025-06-01,SKU017,443,222,5,53,131,2969544.18,99.39423076923077,4.4569991293412015,False,False,0.7142857142857143,70.99587912087912,False,Low
2025-07-01,SKU017,143,61,13,60,248,958566.18,99.39423076923077,1.4387152945728934,True,False,1.8571428571428572,184.58928571428572,True,Medium
2025-08-01,SKU017,275,371,13,61,231,1843396.5,99.39423076923077,2.766760181870949,False,False,1.8571428571428572,184.58928571428572,False,Low
2025-09-01,SKU017,239,206,6,71,134,1602079.14,99.39423076923077,2.404566121698752,False,False,0.8571428571428571,85.19505494505495,False,Low
2025-10-01,SKU017,312,66,7,68,151,2091417.12,99.39423076923077,3.13901518815904,False,False,1.0,99.39423076923077,False,Low
2025-11-01,SKU017,269,205,14,69,206,1803176.94,99.39423076923077,2.7063945051755827,False,False,2.0,198.78846153846155,False,Low
2025-12-01,SKU017,95,26,12,108,274,636809.7,99.39423076923077,0.9557898810099642,True,True,1.7142857142857142,170.3901098901099,True,High
2024-01-01,SKU018,32,37,13,7,20,85466.88,176.84615384615384,0.18094823836450633,False,False,1.8571428571428572,328.42857142857144,True,Medium
2024-02-01,SKU018,645,236,5,130,222,1722691.8,176.84615384615384,3.6472379295345805,False,False,0.7142857142857143,126.31868131868131,False,Low
2024-03-01,SKU018,270,347,13,85,331,721126.8,176.84615384615384,1.526750761200522,True,False,1.8571428571428572,328.42857142857144,True,Medium
2024-04-01,SKU018,455,300,3,178,247,1215232.2,176.84615384615384,2.5728577642453243,False,False,0.42857142857142855,75.79120879120879,False,Low
2024-05-01,SKU018,570,529,12,140,404,1522378.8,176.84615384615384,3.2231404958677685,False,False,1.7142857142857142,303.16483516483515,False,Low
2024-06-01,SKU018,477,484,12,117,363,1273990.68,176.84615384615384,2.6972596781209224,False,False,1.7142857142857142,303.16483516483515,False,Low
2024-07-01,SKU018,476,156,8,93,260,1271319.84,176.84615384615384,2.6916050456720315,False,False,1.1428571428571428,202.1098901098901,False,Low
2024-08-01,SKU018,346,526,13,116,353,924110.64,176.84615384615384,1.9565028273162246,True,False,1.8571428571428572,328.42857142857144,False,Medium
2024-09-01,SKU018,341,456,10,93,254,910756.44,176.84615384615384,1.9282296650717705,False,False,1.4285714285714286,252.63736263736263,False,Low
2024-10-01,SKU018,491,220,13,100,308,1311382.44,176.84615384615384,2.7764245324053936,False,False,1.8571428571428572,328.42857142857144,False,Low
2024-11-01,SKU018,86,207,5,49,125,229692.24,176.84615384615384,0.4862983906046107,True,False,0.7142857142857143,126.31868131868131,True,Medium
2024-12-01,SKU018,543,153,4,81,143,1450266.12,176.84615384615384,3.0704654197477166,False,False,0.5714285714285714,101.05494505494505,False,Low
2025-01-01,SKU018,150,272,4,79,141,400626.0,176.84615384615384,0.8481948673336234,False,False,0.5714285714285714,101.05494505494505,False,Low
2025-02-01,SKU018,196,276,9,123,279,523484.64,176.84615384615384,1.1083079599826011,True,False,1.2857142857142858,227.3736263736264,True,Medium
2025-03-01,SKU018,586,251,5,76,166,1565112.24,176.84615384615384,3.313614615050022,False,False,0.7142857142857143,126.31868131868131,False,Low
2025-04-01,SKU018,287,24,11,86,330,766531.08,176.84615384615384,1.622879512831666,True,False,1.5714285714285714,277.90109890109886,False,Medium
2025-05-01,SKU018,442,147,8,132,297,1180511.28,176.84615384615384,2.4993475424097435,False,False,1.1428571428571428,202.1098901098901,False,Low
2025-06-01,SKU018,568,78,11,69,277,1517037.12,176.84615384615384,3.2118312309699872,False,False,1.5714285714285714,277.90109890109886,False,Low
2025-07-01,SKU018,631,96,4,62,144,1685300.04,176.84615384615384,3.568073075250109,False,False,0.5714285714285714,101.05494505494505,False,Low
2025-08-01,SKU018,480,61,11,133,324,1282003.2,176.84615384615384,2.7142235754675945,False,False,1.5714285714285714,277.90109890109886,False,Low
2025-09-01,SKU018,277,317,11,125,305,739822.68,176.84615384615384,1.5663331883427578,True,False,1.5714285714285714,277.90109890109886,True,Medium
2025-10-01,SKU018,435,29,10,71,222,1161815.4,176.84615384615384,2.4597651152675075,False,False,1.4285714285714286,252.63736263736263,False,Low
2025-11-01,SKU018,492,375,8,82,196,1314053.28,176.84615384615384,2.7820791648542844,False,False,1.1428571428571428,202.1098901098901,False,Low
2025-12-01,SKU018,235,102,8,66,184,627647.4,176.84615384615384,1.3288386254893432,False,False,1.1428571428571428,202.1098901098901,False,Low
2024-01-01,SKU019,7,32,12,5,17,22770.72,113.10576923076923,0.06188897390121568,True,False,1.7142857142857142,193.89560439560438,True,Medium
2024-02-01,SKU019,163,199,11,25,111,530232.48,113.10576923076923,1.4411289636997364,False,False,1.5714285714285714,177.73763736263734,True,Medium
2024-03-01,SKU019,257,104,6,30,81,836010.72,113.10576923076923,2.272209470373204,False,False,0.8571428571428571,96.94780219780219,False,Low
2024-04-01,SKU019,144,99,7,34,103,468426.24,113.10576923076923,1.2731446059678655,False,False,1.0,113.10576923076923,False,Low
2024-05-01,SKU019,53,62,3,62,90,172406.88,113.10576923076923,0.46858794525206154,True,True,0.42857142857142855,48.473901098901095,False,High
2024-06-01,SKU019,216,88,13,43,153,702639.36,113.10576923076923,1.909716908951798,False,False,1.8571428571428572,210.05357142857142,False,Low
2024-07-01,SKU019,120,28,9,32,120,390355.2,113.10576923076923,1.0609538383065544,True,False,1.2857142857142858,145.4217032967033,True,Medium
2024-08-01,SKU019,39,5,10,24,96,126865.44,113.10576923076923,0.3448099974496302,True,False,1.4285714285714286,161.57967032967034,True,Medium
2024-09-01,SKU019,100,136,4,43,72,325296.0,113.10576923076923,0.8841281985887954,False,False,0.5714285714285714,64.63186813186813,False,Low
2024-10-01,SKU019,133,87,5,48,83,432643.68,113.10576923076923,1.1758905041230978,False,False,0.7142857142857143,80.78983516483517,False,Low
2024-11-01,SKU019,190,47,10,46,111,618062.4,113.10576923076923,1.6798435773187113,False,False,1.4285714285714286,161.57967032967034,False,Low
2024-12-01,SKU019,152,0,9,36,96,494449.92,113.10576923076923,1.343874861854969,False,False,1.2857142857142858,145.4217032967033,False,Low
2025-01-01,SKU019,127,90,5,21,56,413125.92,113.10576923076923,1.1228428122077703,False,False,0.7142857142857143,80.78983516483517,False,Low
2025-02-01,SKU019,218,131,14,39,152,709145.28,113.10576923076923,1.927399472923574,False,False,2.0,226.21153846153845,True,Medium
2025-03-01,SKU019,299,88,6,29,80,972635.04,113.10576923076923,2.6435433137804982,False,False,0.8571428571428571,96.94780219780219,False,Low
2025-04-01,SKU019,235,184,9,79,169,764445.6,113.10576923076923,2.077701266683669,False,False,1.2857142857142858,145.4217032967033,False,Low
2025-05-01,SKU019,117,7,10,45,137,380596.32,113.10576923076923,1.0344299923488907,True,False,1.4285714285714286,161.57967032967034,True,Medium
2025-06-01,SKU019,305,167,7,67,131,992152.8,113.10576923076923,2.696591005695826,False,False,1.0,113.10576923076923,False,Low
2025-07-01,SKU019,317,309,11,69,174,1031188.32,113.10576923076923,2.8026863895264813,False,False,1.5714285714285714,177.73763736263734,False,Low
2025-08-01,SKU019,185,231,11,62,154,601797.6,113.10576923076923,1.6356371673892716,False,False,1.5714285714285714,177.73763736263734,False,Low
2025-09-01,SKU019,78,192,11,44,118,253730.88,113.10576923076923,0.6896199948992604,True,False,1.5714285714285714,177.73763736263734,True,Medium
2025-10-01,SKU019,264,78,4,39,69,858781.44,113.10576923076923,2.33409844427442,False,False,0.5714285714285714,64.63186813186813,False,Low
2025-11-01,SKU019,121,2,3,37,56,393608.16,113.10576923076923,1.0697951202924425,False,False,0.42857142857142855,48.473901098901095,False,Low
2025-12-01,SKU019,227,114,14,25,126,738421.92,113.10576923076923,2.0069710107965655,False,False,2.0,226.21153846153845,False,Low
2024-01-01,SKU020,31,17,3,5,10,171719.54,97.0673076923077,0.3193660227835562,False,False,0.42857142857142855,41.60027472527472,True,Medium
2024-02-01,SKU020,643,650,7,204,468,3561795.62,97.0673076923077,6.624269440316988,False,False,1.0,97.0673076923077,False,Low
2024-03-01,SKU020,736,121,3,272,396,4076954.24,97.0673076923077,7.582367508667657,False,False,0.42857142857142855,41.60027472527472,False,Low
2024-04-01,SKU020,1186,802,9,374,803,6569657.24,97.0673076923077,12.218325903912827,False,False,1.2857142857142858,124.80082417582419,False,Low
2024-05-01,SKU020,332,591,6,181,439,1839060.88,97.0673076923077,3.420307082714215,True,False,0.8571428571428571,83.20054945054945,False,Medium
2024-06-01,SKU020,382,448,6,284,532,2116027.88,97.0673076923077,3.9354135710747893,True,False,0.8571428571428571,83.20054945054945,False,Medium
2024-07-01,SKU020,658,732,10,346,807,3644885.72,97.0673076923077,6.778801386825161,True,False,1.4285714285714286,138.66758241758242,False,Medium
2024-08-01,SKU020,565,30,11,268,656,3129727.1,97.0673076923077,5.820703318474492,True,False,1.5714285714285714,152.53434065934067,False,Medium
2024-09-01,SKU020,627,424,6,173,386,3473166.18,97.0673076923077,6.459435364041605,False,False,0.8571428571428571,83.20054945054945,False,Low
2024-10-01,SKU020,674,413,4,103,235,3733515.16,97.0673076923077,6.943635463100545,False,False,0.5714285714285714,55.467032967032964,False,Low
2024-11-01,SKU020,342,717,11,167,517,1894454.28,97.0673076923077,3.52332838038633,True,False,1.5714285714285714,152.53434065934067,False,Medium
2024-12-01,SKU020,881,266,6,184,378,4880158.54,97.0673076923077,9.076176324913323,False,False,0.8571428571428571,83.20054945054945,False,Low
2025-01-01,SKU020,785,165,11,167,538,4348381.9,97.0673076923077,8.08717186726102,False,False,1.5714285714285714,152.53434065934067,False,Low
2025-02-01,SKU020,491,30,5,283,475,2719815.94,97.0673076923077,5.058345715700842,False,False,0.7142857142857143,69.33379120879121,False,Low
2025-03-01,SKU020,487,36,3,153,274,2697658.58,97.0673076923077,5.017137196631996,False,False,0.42857142857142855,41.60027472527472,False,Low
2025-04-01,SKU020,1040,1007,5,296,524,5760913.6,97.0673076923077,10.71421495789995,False,False,0.7142857142857143,69.33379120879121,False,Low
2025-05-01,SKU020,1083,486,8,325,675,5999105.22,97.0673076923077,11.157206537890044,False,False,1.1428571428571428,110.93406593406593,False,Low
2025-06-01,SKU020,1031,884,6,265,511,5711059.54,97.0673076923077,10.621495789995047,False,False,0.8571428571428571,83.20054945054945,False,Low
2025-07-01,SKU020,568,558,5,194,415,3146345.12,97.0673076923077,5.851609707776126,False,False,0.7142857142857143,69.33379120879121,False,Low
2025-08-01,SKU020,636,223,5,117,292,3523020.24,97.0673076923077,6.552154531946508,False,False,0.7142857142857143,69.33379120879121,False,Low
2025-09-01,SKU020,851,406,5,246,413,4713978.34,97.0673076923077,8.767112431896978,False,False,0.7142857142857143,69.33379120879121,False,Low
2025-10-01,SKU020,774,183,4,101,230,4287449.16,97.0673076923077,7.973848439821694,False,False,0.5714285714285714,55.467032967032964,False,Low
2025-11-01,SKU020,338,826,11,105,434,1872296.92,97.0673076923077,3.482119861317484,True,False,1.5714285714285714,152.53434065934067,False,Medium
2025-12-01,SKU020,1002,353,3,129,227,5550418.68,97.0673076923077,10.322734026745914,False,False,0.42857142857142855,41.60027472527472,False,Low
2024-01-01,SKU021,26,17,4,5,10,7983.56,59.79807692307692,0.43479659109181545,False,False,0.5714285714285714,34.170329670329664,True,Medium
2024-02-01,SKU021,194,11,13,46,137,59569.64,59.79807692307692,3.244251487377392,False,False,1.8571428571428572,111.05357142857143,False,Low
2024-03-01,SKU021,146,114,6,25,70,44830.76,59.79807692307692,2.441550088438656,False,False,0.8571428571428571,51.2554945054945,False,Low
2024-04-01,SKU021,191,113,10,32,120,58648.46,59.79807692307692,3.194082649943721,False,False,1.4285714285714286,85.42582417582418,False,Low
2024-05-01,SKU021,168,17,7,42,96,51586.08,59.79807692307692,2.8094548962855765,False,False,1.0,59.79807692307692,False,Low
2024-06-01,SKU021,164,103,3,45,66,50357.84,59.79807692307692,2.742563113040682,False,False,0.42857142857142855,25.62774725274725,False,Low
2024-07-01,SKU021,262,102,12,27,121,80449.72,59.79807692307692,4.381411802540602,False,False,1.7142857142857142,102.510989010989,False,Low
2024-08-01,SKU021,191,58,9,27,81,58648.46,59.79807692307692,3.194082649943721,False,False,1.2857142857142858,76.88324175824177,False,Low
2024-09-01,SKU021,184,10,3,25,41,56499.04,59.79807692307692,3.0770220292651556,False,False,0.42857142857142855,25.62774725274725,False,Low
2024-10-01,SKU021,214,117,14,46,134,65710.84,59.79807692307692,3.5787104036018653,False,False,2.0,119.59615384615384,False,Low
2024-11-01,SKU021,40,119,9,16,66,12282.4,59.79807692307692,0.6689178324489468,True,False,1.2857142857142858,76.88324175824177,True,Medium
2024-12-01,SKU021,151,101,5,28,58,46366.06,59.79807692307692,2.5251648174947743,False,False,0.7142857142857143,42.71291208791209,False,Low
2025-01-01,SKU021,116,112,9,47,104,35618.96,59.79807692307692,1.9398617141019459,False,False,1.2857142857142858,76.88324175824177,False,Low
2025-02-01,SKU021,100,89,3,40,57,30706.0,59.79807692307692,1.672294581122367,False,False,0.42857142857142855,25.62774725274725,False,Low
2025-03-01,SKU021,131,179,8,42,95,40224.86,59.79807692307692,2.190705901270301,False,False,1.1428571428571428,68.34065934065933,False,Low
2025-04-01,SKU021,89,68,5,60,98,27328.34,59.79807692307692,1.4883421771989067,True,False,0.7142857142857143,42.71291208791209,False,Medium
2025-05-01,SKU021,123,197,11,32,122,37768.38,59.79807692307692,2.0569223347805115,False,False,1.5714285714285714,93.96840659340658,False,Low
2025-06-01,SKU021,248,70,4,37,66,76150.88,59.79807692307692,4.14729056118347,False,False,0.5714285714285714,34.170329670329664,False,Low
2025-07-01,SKU021,286,38,8,64,132,87819.16,59.79807692307692,4.7827625020099696,False,False,1.1428571428571428,68.34065934065933,False,Low
2025-08-01,SKU021,33,8,6,48,86,10132.98,59.79807692307692,0.5518572117703812,True,True,0.8571428571428571,51.2554945054945,True,High
2025-09-01,SKU021,89,123,9,21,74,27328.34,59.79807692307692,1.4883421771989067,False,False,1.2857142857142858,76.88324175824177,False,Low
2025-10-01,SKU021,101,48,6,34,73,31013.06,59.79807692307692,1.6890175269335908,False,False,0.8571428571428571,51.2554945054945,False,Low
2025-11-01,SKU021,56,194,13,40,113,17195.36,59.79807692307692,0.9364849654285256,True,False,1.8571428571428572,111.05357142857143,True,Medium
2025-12-01,SKU021,88,97,9,36,88,27021.28,59.79807692307692,1.471619231387683,True,False,1.2857142857142858,76.88324175824177,False,Medium
2024-01-01,SKU022,32,20,6,6,12,172882.88,71.1923076923077,0.44948676391139925,False,False,0.8571428571428571,61.02197802197802,True,Medium
2024-02-01,SKU022,394,205,14,45,218,2128620.46,71.1923076923077,5.534305780659103,False,False,2.0,142.3846153846154,False,Low
2024-03-01,SKU022,109,191,9,42,155,588882.31,71.1923076923077,1.5310642895732036,True,False,1.2857142857142858,91.53296703296704,False,Medium
2024-04-01,SKU022,399,434,12,70,238,2155633.41,71.1923076923077,5.604538087520259,False,False,1.7142857142857142,122.04395604395604,False,Low
2024-05-01,SKU022,444,150,6,80,157,2398749.96,71.1923076923077,6.236628849270664,False,False,0.8571428571428571,61.02197802197802,False,Low
2024-06-01,SKU022,95,271,11,67,218,513246.05,71.1923076923077,1.3344138303619666,True,False,1.5714285714285714,111.87362637362638,True,Medium
2024-07-01,SKU022,486,26,8,90,202,2625658.74,71.1923076923077,6.826580226904376,False,False,1.1428571428571428,81.36263736263736,False,Low
2024-08-01,SKU022,199,177,4,88,137,1075115.41,71.1923076923077,2.795245813074014,False,False,0.5714285714285714,40.68131868131868,False,Low
2024-09-01,SKU022,393,426,13,74,222,2123217.87,71.1923076923077,5.520259319286872,False,False,1.8571428571428572,132.21428571428572,False,Low
2024-10-01,SKU022,123,292,12,80,208,664518.57,71.1923076923077,1.7277147487844409,True,False,1.7142857142857142,122.04395604395604,False,Medium
2024-11-01,SKU022,226,260,12,57,169,1220985.34,71.1923076923077,3.1745002701242573,False,False,1.7142857142857142,122.04395604395604,False,Low
2024-12-01,SKU022,224,291,14,60,206,1210180.16,71.1923076923077,3.1464073473797947,False,False,2.0,142.3846153846154,False,Low
2025-01-01,SKU022,342,293,11,67,193,1847685.78,71.1923076923077,4.80388978930308,False,False,1.5714285714285714,111.87362637362638,False,Low
2025-02-01,SKU022,123,231,7,69,155,664518.57,71.1923076923077,1.7277147487844409,True,False,1.0,71.1923076923077,False,Medium
2025-03-01,SKU022,289,297,9,92,212,1561348.51,71.1923076923077,4.059427336574824,False,False,1.2857142857142858,91.53296703296704,False,Low
2025-04-01,SKU022,468,312,8,62,182,2528412.12,71.1923076923077,6.573743922204214,False,False,1.1428571428571428,81.36263736263736,False,Low
2025-05-01,SKU022,202,341,11,97,246,1091323.18,71.1923076923077,2.8373851971907076,True,False,1.5714285714285714,111.87362637362638,False,Medium
2025-06-01,SKU022,97,172,10,73,205,524051.23,71.1923076923077,1.362506753106429,True,False,1.4285714285714286,101.7032967032967,True,Medium
2025-07-01,SKU022,83,171,5,79,152,448414.97,71.1923076923077,1.1658562938951917,True,False,0.7142857142857143,50.85164835164835,False,Medium
2025-08-01,SKU022,74,116,13,60,211,399791.66,71.1923076923077,1.0394381415451108,True,False,1.8571428571428572,132.21428571428572,True,Medium
2025-09-01,SKU022,332,76,8,43,133,1793659.88,71.1923076923077,4.663425175580767,False,False,1.1428571428571428,81.36263736263736,False,Low
2025-10-01,SKU022,89,217,8,54,140,480830.51,71.1923076923077,1.2501350621285792,True,False,1.1428571428571428,81.36263736263736,False,Medium
2025-11-01,SKU022,118,383,14,73,226,637505.62,71.1923076923077,1.6574824419232848,True,False,2.0,142.3846153846154,True,Medium
2025-12-01,SKU022,95,194,8,76,163,513246.05,71.1923076923077,1.3344138303619666,True,False,1.1428571428571428,81.36263736263736,False,Medium
2024-01-01,SKU023,29,8,5,5,10,110391.4,103.75961538461539,0.27949216940042626,False,False,0.7142857142857143,74.11401098901099,True,Medium
2024-02-01,SKU023,46,153,14,61,183,175103.6,103.75961538461539,0.44333240663515894,True,True,2.0,207.51923076923077,True,High
2024-03-01,SKU023,151,321,14,59,203,574796.6,103.75961538461539,1.455286813084978,True,False,2.0,207.51923076923077,True,Medium
2024-04-01,SKU023,318,72,3,65,100,1210498.8,103.75961538461539,3.064776202390881,False,False,0.42857142857142855,44.46840659340659,False,Low
2024-05-01,SKU023,161,14,6,77,141,612862.6,103.75961538461539,1.5516634232230562,False,False,0.8571428571428571,88.93681318681318,False,Low
2024-06-01,SKU023,370,55,3,82,116,1408442.0,103.75961538461539,3.565934575108887,False,False,0.42857142857142855,44.46840659340659,False,Low
2024-07-01,SKU023,251,157,4,86,132,955456.6,103.75961538461539,2.4190529144657584,False,False,0.5714285714285714,59.29120879120879,False,Low
2024-08-01,SKU023,272,223,13,48,167,1035395.2,103.75961538461539,2.6214437957557224,False,False,1.8571428571428572,192.69642857142858,False,Low
2024-09-01,SKU023,73,269,11,51,149,277881.8,103.75961538461539,0.7035492540079696,True,False,1.5714285714285714,163.05082417582418,True,Medium
2024-10-01,SKU023,322,27,13,60,180,1225725.2,103.75961538461539,3.1033268464461123,False,False,1.8571428571428572,192.69642857142858,False,Low
2024-11-01,SKU023,243,43,9,47,120,925003.8,103.75961538461539,2.341951626355296,False,False,1.2857142857142858,133.4052197802198,False,Low
2024-12-01,SKU023,166,243,14,26,145,631895.6,103.75961538461539,1.5998517282920952,False,False,2.0,207.51923076923077,True,Medium
2025-01-01,SKU023,126,315,13,49,176,479631.6,103.75961538461539,1.2143452877397831,True,False,1.8571428571428572,192.69642857142858,True,Medium
2025-02-01,SKU023,145,20,7,42,109,551957.0,103.75961538461539,1.3974608470021315,False,False,1.0,103.75961538461539,False,Low
2025-03-01,SKU023,130,3,7,82,157,494858.0,103.75961538461539,1.2528959317950144,True,False,1.0,103.75961538461539,False,Medium
2025-04-01,SKU023,425,305,6,88,162,1617805.0,103.75961538461539,4.0960059308683165,False,False,0.8571428571428571,88.93681318681318,False,Low
2025-05-01,SKU023,257,37,10,32,135,978296.2,103.75961538461539,2.4768788805486053,False,False,1.4285714285714286,148.22802197802199,False,Low
2025-06-01,SKU023,201,180,3,73,108,765126.6,103.75961538461539,1.9371698637753683,False,False,0.42857142857142855,44.46840659340659,False,Low
2025-07-01,SKU023,290,166,12,78,210,1103914.0,103.75961538461539,2.794921694004263,False,False,1.7142857142857142,177.87362637362637,False,Low
2025-08-01,SKU023,228,286,13,37,151,867904.8,103.75961538461539,2.197386711148179,False,False,1.8571428571428572,192.69642857142858,False,Low
2025-09-01,SKU023,276,63,5,67,112,1050621.6,103.75961538461539,2.6599944398109536,False,False,0.7142857142857143,74.11401098901099,False,Low
2025-10-01,SKU023,221,176,12,52,155,841258.6,103.75961538461539,2.129923084051524,False,False,1.7142857142857142,177.87362637362637,False,Low
2025-11-01,SKU023,247,201,8,42,101,940230.2,103.75961538461539,2.380502270410527,False,False,1.1428571428571428,118.58241758241758,False,Low
2025-12-01,SKU023,130,79,12,41,148,494858.0,103.75961538461539,1.2528959317950144,True,False,1.7142857142857142,177.87362637362637,True,Medium
2024-01-01,SKU024,10,12,12,7,19,13334.3,91.61538461538461,0.109151973131822,True,False,1.7142857142857142,157.05494505494505,True,Medium
2024-02-01,SKU024,165,251,7,67,172,220015.95,91.61538461538461,1.801007556675063,True,False,1.0,91.61538461538461,False,Medium
2024-03-01,SKU024,436,379,8,66,195,581375.48,91.61538461538461,4.7590260285474395,False,False,1.1428571428571428,104.7032967032967,False,Low
2024-04-01,SKU024,167,338,9,119,294,222682.81,91.61538461538461,1.8228379513014275,True,False,1.2857142857142858,117.7912087912088,False,Medium
2024-05-01,SKU024,263,84,13,76,326,350692.09,91.61538461538461,2.870696893366919,True,False,1.8571428571428572,170.14285714285714,False,Medium
2024-06-01,SKU024,418,185,8,62,189,557373.74,91.61538461538461,4.5625524769101595,False,False,1.1428571428571428,104.7032967032967,False,Low
2024-07-01,SKU024,332,12,8,117,266,442698.76,91.61538461538461,3.6238455079764904,False,False,1.1428571428571428,104.7032967032967,False,Low
2024-08-01,SKU024,253,350,14,77,282,337357.79,91.61538461538461,2.761544920235097,True,False,2.0,183.23076923076923,False,Medium
2024-09-01,SKU024,152,125,12,72,237,202681.36,91.61538461538461,1.6591099916036944,True,False,1.7142857142857142,157.05494505494505,True,Medium
2024-10-01,SKU024,141,317,14,65,244,188013.63,91.61538461538461,1.5390428211586902,True,False,2.0,183.23076923076923,True,Medium
2024-11-01,SKU024,298,208,8,69,174,397362.14,91.61538461538461,3.252728799328296,False,False,1.1428571428571428,104.7032967032967,False,Low
2024-12-01,SKU024,263,44,5,48,112,350692.09,91.61538461538461,2.870696893366919,False,False,0.7142857142857143,65.43956043956044,False,Low
2025-01-01,SKU024,381,33,3,48,90,508036.83,91.61538461538461,4.158690176322418,False,False,0.42857142857142855,39.26373626373626,False,Low
2025-02-01,SKU024,241,148,10,70,220,321356.63,91.61538461538461,2.6305625524769103,False,False,1.4285714285714286,130.87912087912088,False,Low
2025-03-01,SKU024,310,427,13,81,287,413363.3,91.61538461538461,3.383711167086482,False,False,1.8571428571428572,170.14285714285714,False,Low
2025-04-01,SKU024,177,103,3,134,191,236017.11,91.61538461538461,1.9319899244332495,True,False,0.42857142857142855,39.26373626373626,False,Medium
2025-05-01,SKU024,345,362,13,97,311,460033.35,91.61538461538461,3.765743073047859,False,False,1.8571428571428572,170.14285714285714,False,Low
2025-06-01,SKU024,536,132,6,137,240,714718.48,91.61538461538461,5.85054575986566,False,False,0.8571428571428571,78.52747252747253,False,Low
2025-07-01,SKU024,429,261,12,125,340,572041.47,91.61538461538461,4.682619647355164,False,False,1.7142857142857142,157.05494505494505,False,Low
2025-08-01,SKU024,182,318,5,91,162,242684.26,91.61538461538461,1.9865659109991605,False,False,0.7142857142857143,65.43956043956044,False,Low
2025-09-01,SKU024,75,99,3,46,87,100007.25,91.61538461538461,0.818639798488665,True,False,0.42857142857142855,39.26373626373626,False,Medium
2025-10-01,SKU024,119,126,14,84,267,158678.17,91.61538461538461,1.2989084802686819,True,False,2.0,183.23076923076923,True,Medium
2025-11-01,SKU024,337,112,3,89,126,449365.91,91.61538461538461,3.6784214945424014,False,False,0.42857142857142855,39.26373626373626,False,Low
2025-12-01,SKU024,341,18,14,60,259,454699.63,91.61538461538461,3.7220822837951304,False,False,2.0,183.23076923076923,False,Low
2024-01-01,SKU025,34,10,12,7,19,132634.0,18.932692307692307,1.7958354494667346,False,False,1.7142857142857142,32.45604395604395,False,Low
2024-02-01,SKU025,532,517,8,211,489,2075332.0,18.932692307692307,28.099542915185374,False,False,1.1428571428571428,21.637362637362635,False,Low
2024-03-01,SKU025,585,659,6,137,372,2282085.0,18.932692307692307,30.898933468765872,False,False,0.8571428571428571,16.228021978021975,False,Low
2024-04-01,SKU025,1263,1100,10,350,810,4926963.0,18.932692307692307,66.71000507872017,False,False,1.4285714285714286,27.046703296703296,False,Low
2024-05-01,SKU025,1015,185,6,307,565,3959515.0,18.932692307692307,53.61097003555104,False,False,0.8571428571428571,16.228021978021975,False,Low
2024-06-01,SKU025,1407,841,9,255,626,5488707.0,18.932692307692307,74.31589639410869,False,False,1.2857142857142858,24.342032967032967,False,Low
2024-07-01,SKU025,1339,717,9,199,571,5223439.0,18.932692307692307,70.72422549517522,False,False,1.2857142857142858,24.342032967032967,False,Low
2024-08-01,SKU025,483,277,11,227,624,1884183.0,18.932692307692307,25.51142712036567,True,False,1.5714285714285714,29.751373626373624,False,Medium
2024-09-01,SKU025,606,242,9,240,537,2364006.0,18.932692307692307,32.00812595226003,False,False,1.2857142857142858,24.342032967032967,False,Low
2024-10-01,SKU025,916,356,11,183,527,3573316.0,18.932692307692307,48.381919756221436,False,False,1.5714285714285714,29.751373626373624,False,Low
2024-11-01,SKU025,306,647,5,203,338,1193706.0,18.932692307692307,16.16251904520061,True,False,0.7142857142857143,13.523351648351648,False,Medium
2024-12-01,SKU025,317,628,3,235,329,1236617.0,18.932692307692307,16.743524631792788,True,False,0.42857142857142855,8.114010989010987,False,Medium
2025-01-01,SKU025,968,203,4,162,295,3776168.0,18.932692307692307,51.12849162011174,False,False,0.5714285714285714,10.818681318681318,False,Low
2025-02-01,SKU025,448,67,3,196,303,1747648.0,18.932692307692307,23.662772981208736,False,False,0.42857142857142855,8.114010989010987,False,Low
2025-03-01,SKU025,298,870,6,225,463,1162498.0,18.932692307692307,15.739969527679026,True,False,0.8571428571428571,16.228021978021975,False,Medium
2025-04-01,SKU025,292,677,11,166,641,1139092.0,18.932692307692307,15.423057389537837,True,False,1.5714285714285714,29.751373626373624,False,Medium
2025-05-01,SKU025,847,772,4,303,477,3304147.0,18.932692307692307,44.737430167597765,False,False,0.5714285714285714,10.818681318681318,False,Low
2025-06-01,SKU025,1181,324,6,170,407,4607081.0,18.932692307692307,62.37887252412393,False,False,0.8571428571428571,16.228021978021975,False,Low
2025-07-01,SKU025,365,573,7,171,461,1423865.0,18.932692307692307,19.278821736922296,True,False,1.0,18.932692307692307,False,Medium
2025-08-01,SKU025,594,562,8,227,507,2317194.0,18.932692307692307,31.374301675977655,False,False,1.1428571428571428,21.637362637362635,False,Low
2025-09-01,SKU025,322,488,4,160,296,1256122.0,18.932692307692307,17.00761808024378,False,False,0.5714285714285714,10.818681318681318,False,Low
2025-10-01,SKU025,330,150,4,174,302,1287330.0,18.932692307692307,17.430167597765365,False,False,0.5714285714285714,10.818681318681318,False,Low
2025-11-01,SKU025,295,53,3,194,278,1150795.0,18.932692307692307,15.581513458608432,False,False,0.42857142857142855,8.114010989010987,False,Low
2025-12-01,SKU025,1124,61,14,121,582,4384724.0,18.932692307692307,59.36820721178263,False,False,2.0,37.86538461538461,False,Low
2024-01-01,SKU026,14,33,11,7,18,86502.36,158.46153846153845,0.0883495145631068,True,False,1.5714285714285714,249.010989010989,True,Medium
2024-02-01,SKU026,146,65,11,31,101,902096.04,158.46153846153845,0.921359223300971,False,False,1.5714285714285714,249.010989010989,True,Medium
2024-03-01,SKU026,140,20,9,35,98,865023.6,158.46153846153845,0.883495145631068,False,False,1.2857142857142858,203.73626373626374,True,Medium
2024-04-01,SKU026,85,5,9,43,110,525192.9,158.46153846153845,0.5364077669902912,True,False,1.2857142857142858,203.73626373626374,True,Medium
2024-05-01,SKU026,198,53,13,53,142,1223390.52,158.46153846153845,1.249514563106796,False,False,1.8571428571428572,294.2857142857143,True,Medium
2024-06-01,SKU026,223,283,13,48,149,1377859.02,158.46153846153845,1.4072815533980583,False,False,1.8571428571428572,294.2857142857143,True,Medium
2024-07-01,SKU026,220,75,8,41,101,1359322.8,158.46153846153845,1.3883495145631068,False,False,1.1428571428571428,181.09890109890108,False,Low
2024-08-01,SKU026,164,72,10,30,84,1013313.36,158.46153846153845,1.0349514563106796,False,False,1.4285714285714286,226.37362637362637,True,Medium
2024-09-01,SKU026,160,96,7,19,57,988598.4,158.46153846153845,1.0097087378640777,False,False,1.0,158.46153846153845,False,Low
2024-10-01,SKU026,144,7,9,52,111,889738.56,158.46153846153845,0.90873786407767,False,False,1.2857142857142858,203.73626373626374,True,Medium
2024-11-01,SKU026,108,3,6,15,43,667303.92,158.46153846153845,0.6815533980582524,False,False,0.8571428571428571,135.8241758241758,True,Medium
2024-12-01,SKU026,126,100,14,33,109,778521.24,158.46153846153845,0.7951456310679612,False,False,2.0,316.9230769230769,True,Medium
2025-01-01,SKU026,201,108,14,42,128,1241926.74,158.46153846153845,1.2684466019417477,False,False,2.0,316.9230769230769,True,Medium
2025-02-01,SKU026,29,162,11,42,104,179183.46,158.46153846153845,0.1830097087378641,True,True,1.5714285714285714,249.010989010989,True,High
2025-03-01,SKU026,40,20,10,38,101,247149.6,158.46153846153845,0.2524271844660194,True,False,1.4285714285714286,226.37362637362637,True,Medium
2025-04-01,SKU026,65,33,8,25,80,401618.1,158.46153846153845,0.4101941747572816,True,False,1.1428571428571428,181.09890109890108,True,Medium
2025-05-01,SKU026,136,42,6,40,85,840308.64,158.46153846153845,0.858252427184466,False,False,0.8571428571428571,135.8241758241758,False,Low
2025-06-01,SKU026,75,119,10,41,112,463405.5,158.46153846153845,0.4733009708737864,True,False,1.4285714285714286,226.37362637362637,True,Medium
2025-07-01,SKU026,172,248,13,52,138,1062743.28,158.46153846153845,1.0854368932038836,False,False,1.8571428571428572,294.2857142857143,True,Medium
2025-08-01,SKU026,96,90,12,20,97,593159.04,158.46153846153845,0.6058252427184466,True,False,1.7142857142857142,271.6483516483516,True,Medium
2025-09-01,SKU026,110,18,3,25,41,679661.4,158.46153846153845,0.6941747572815534,False,False,0.42857142857142855,67.9120879120879,False,Low
2025-10-01,SKU026,56,39,13,42,115,346009.44,158.46153846153845,0.3533980582524272,True,False,1.8571428571428572,294.2857142857143,True,Medium
2025-11-01,SKU026,47,59,12,20,77,290400.78,158.46153846153845,0.2966019417475728,True,False,1.7142857142857142,271.6483516483516,True,Medium
2025-12-01,SKU026,160,70,5,31,59,988598.4,158.46153846153845,1.0097087378640777,False,False,0.7142857142857143,113.18681318681318,False,Low
2024-01-01,SKU027,25,1,11,5,16,114596.5,169.71153846153845,0.1473087818696884,False,False,1.5714285714285714,266.6895604395604,True,Medium
2024-02-01,SKU027,568,306,7,69,198,2603632.48,169.71153846153845,3.34685552407932,False,False,1.0,169.71153846153845,False,Low
2024-03-01,SKU027,536,487,11,76,313,2456948.96,169.71153846153845,3.158300283286119,False,False,1.5714285714285714,266.6895604395604,False,Low
2024-04-01,SKU027,177,97,13,160,462,811343.22,169.71153846153845,1.042946175637394,True,False,1.8571428571428572,315.17857142857144,True,Medium
2024-05-01,SKU027,562,459,10,160,388,2576129.32,169.71153846153845,3.311501416430595,False,False,1.4285714285714286,242.44505494505495,False,Low
2024-06-01,SKU027,712,434,13,142,412,3263708.32,169.71153846153845,4.1953541076487255,False,False,1.8571428571428572,315.17857142857144,False,Low
2024-07-01,SKU027,519,230,5,153,259,2379023.34,169.71153846153845,3.058130311614731,False,False,0.7142857142857143,121.22252747252747,False,Low
2024-08-01,SKU027,579,183,5,127,213,2654054.94,169.71153846153845,3.411671388101983,False,False,0.7142857142857143,121.22252747252747,False,Low
2024-09-01,SKU027,350,44,13,82,296,1604351.0,169.71153846153845,2.0623229461756374,False,False,1.8571428571428572,315.17857142857144,False,Low
2024-10-01,SKU027,501,40,9,128,278,2296513.86,169.71153846153845,2.9520679886685555,False,False,1.2857142857142858,218.20054945054946,False,Low
2024-11-01,SKU027,439,385,14,108,333,2012314.54,169.71153846153845,2.586742209631728,False,False,2.0,339.4230769230769,False,Low
2024-12-01,SKU027,460,43,3,61,111,2108575.6,169.71153846153845,2.7104815864022664,False,False,0.42857142857142855,72.73351648351648,False,Low
2025-01-01,SKU027,99,310,13,54,272,453802.14,169.71153846153845,0.583342776203966,True,False,1.8571428571428572,315.17857142857144,True,Medium
2025-02-01,SKU027,205,215,6,104,211,939691.3,169.71153846153845,1.207932011331445,True,False,0.8571428571428571,145.46703296703296,False,Medium
2025-03-01,SKU027,232,96,7,79,220,1063455.52,169.71153846153845,1.3670254957507082,False,False,1.0,169.71153846153845,False,Low
2025-04-01,SKU027,775,125,11,108,380,3552491.5,169.71153846153845,4.56657223796034,False,False,1.5714285714285714,266.6895604395604,False,Low
2025-05-01,SKU027,614,389,12,68,332,2814490.04,169.71153846153845,3.6179036827195468,False,False,1.7142857142857142,290.9340659340659,False,Low
2025-06-01,SKU027,534,9,6,144,268,2447781.24,169.71153846153845,3.146515580736544,False,False,0.8571428571428571,145.46703296703296,False,Low
2025-07-01,SKU027,281,658,11,117,351,1288064.66,169.71153846153845,1.6557507082152976,True,False,1.5714285714285714,266.6895604395604,False,Medium
2025-08-01,SKU027,263,604,11,127,340,1205555.18,169.71153846153845,1.549688385269122,True,False,1.5714285714285714,266.6895604395604,True,Medium
2025-09-01,SKU027,368,36,6,102,206,1686860.48,169.71153846153845,2.168385269121813,False,False,0.8571428571428571,145.46703296703296,False,Low
2025-10-01,SKU027,133,79,3,76,123,609653.38,169.71153846153845,0.7836827195467423,False,False,0.42857142857142855,72.73351648351648,False,Low
2025-11-01,SKU027,540,365,9,90,230,2475284.4,169.71153846153845,3.181869688385269,False,False,1.2857142857142858,218.20054945054946,False,Low
2025-12-01,SKU027,567,103,3,83,133,2599048.62,169.71153846153845,3.340963172804533,False,False,0.42857142857142855,72.73351648351648,False,Low
2024-01-01,SKU028,5,3,9,7,16,2444.2,39.29807692307692,0.12723268901394666,True,True,1.2857142857142858,50.5260989010989,True,High
2024-02-01,SKU028,711,290,8,104,272,347565.24,39.29807692307692,18.092488377783216,False,False,1.1428571428571428,44.912087912087905,False,Low
2024-03-01,SKU028,292,420,8,152,323,142741.28,39.29807692307692,7.430389038414486,True,False,1.1428571428571428,44.912087912087905,False,Medium
2024-04-01,SKU028,841,202,6,142,306,411114.44,39.29807692307692,21.40053829214583,False,False,0.8571428571428571,33.68406593406593,False,Low
2024-05-01,SKU028,184,578,10,124,367,89946.56,39.29807692307692,4.682162955713237,True,False,1.4285714285714286,56.14010989010988,False,Medium
2024-06-01,SKU028,405,318,11,118,377,197980.2,39.29807692307692,10.30584781012968,False,False,1.5714285714285714,61.754120879120876,False,Low
2024-07-01,SKU028,248,741,13,153,484,121232.32,39.29807692307692,6.310741375091755,True,False,1.8571428571428572,72.98214285714285,False,Medium
2024-08-01,SKU028,361,54,3,110,172,176471.24,39.29807692307692,9.18620014680695,False,False,0.42857142857142855,16.842032967032964,False,Low
2024-09-01,SKU028,315,95,6,71,176,153984.6,39.29807692307692,8.01565940787864,False,False,0.8571428571428571,33.68406593406593,False,Low
2024-10-01,SKU028,345,118,3,69,127,168649.8,39.29807692307692,8.77905554196232,False,False,0.42857142857142855,16.842032967032964,False,Low
2024-11-01,SKU028,541,280,12,70,292,264462.44,39.29807692307692,13.76657695130903,False,False,1.7142857142857142,67.36813186813185,False,Low
2024-12-01,SKU028,390,122,6,61,177,190647.6,39.29807692307692,9.92414974308784,False,False,0.8571428571428571,33.68406593406593,False,Low
2025-01-01,SKU028,323,232,10,128,313,157895.32,39.29807692307692,8.219231710300955,False,False,1.4285714285714286,56.14010989010988,False,Low
2025-02-01,SKU028,583,312,11,146,372,284993.72,39.29807692307692,14.835331539026182,False,False,1.5714285714285714,61.754120879120876,False,Low
2025-03-01,SKU028,162,596,10,167,407,79192.08,39.29807692307692,4.122339124051872,True,True,1.4285714285714286,56.14010989010988,False,High
2025-04-01,SKU028,243,4,3,139,212,118788.12,39.29807692307692,6.183508686077809,False,False,0.42857142857142855,16.842032967032964,False,Low
2025-05-01,SKU028,455,166,10,101,358,222422.2,39.29807692307692,11.578174700269146,False,False,1.4285714285714286,56.14010989010988,False,Low
2025-06-01,SKU028,435,276,12,103,399,212645.4,39.29807692307692,11.06924394421336,False,False,1.7142857142857142,67.36813186813185,False,Low
2025-07-01,SKU028,823,18,6,125,268,402315.32,39.29807692307692,20.94250061169562,False,False,0.8571428571428571,33.68406593406593,False,Low
2025-08-01,SKU028,584,303,6,72,193,285482.56,39.29807692307692,14.860778076828971,False,False,0.8571428571428571,33.68406593406593,False,Low
2025-09-01,SKU028,149,313,3,103,159,72837.16,39.29807692307692,3.791534132615611,True,False,0.42857142857142855,16.842032967032964,False,Medium
2025-10-01,SKU028,269,142,7,136,258,131497.96,39.29807692307692,6.845118668950331,False,False,1.0,39.29807692307692,False,Low
2025-11-01,SKU028,491,548,14,61,317,240020.44,39.29807692307692,12.494250061169563,False,False,2.0,78.59615384615384,False,Low
2025-12-01,SKU028,174,55,11,114,337,85058.16,39.29807692307692,4.427697577685344,True,False,1.5714285714285714,61.754120879120876,False,Medium
2024-01-01,SKU029,5,17,13,5,18,17080.5,110.52884615384616,0.045237059591126574,True,True,1.8571428571428572,205.26785714285717,True,High
2024-02-01,SKU029,429,569,5,190,333,1465506.9,110.52884615384616,3.88133971291866,False,False,0.7142857142857143,78.94917582417582,False,Low
2024-03-01,SKU029,346,111,14,119,537,1181970.6,110.52884615384616,3.130404523705959,True,False,2.0,221.05769230769232,False,Medium
2024-04-01,SKU029,230,223,11,164,561,785703.0,110.52884615384616,2.0809047411918224,True,False,1.5714285714285714,173.68818681318683,False,Medium
2024-05-01,SKU029,176,580,13,162,612,601233.6,110.52884615384616,1.5923444976076555,True,False,1.8571428571428572,205.26785714285717,True,Medium
2024-06-01,SKU029,207,198,13,212,624,707132.7,110.52884615384616,1.8728142670726402,True,True,1.8571428571428572,205.26785714285717,False,High
2024-07-01,SKU029,1041,413,6,216,414,3556160.1,110.52884615384616,9.418355806872553,False,False,0.8571428571428571,94.73901098901099,False,Low
2024-08-01,SKU029,631,27,12,159,507,2155559.1,110.52884615384616,5.708916920400173,False,False,1.7142857142857142,189.47802197802199,False,Low
2024-09-01,SKU029,378,423,11,177,469,1291285.8,110.52884615384616,3.419921705089169,True,False,1.5714285714285714,173.68818681318683,False,Medium
2024-10-01,SKU029,243,364,10,99,368,830112.3,110.52884615384616,2.1985210961287516,True,False,1.4285714285714286,157.89835164835165,False,Medium
2024-11-01,SKU029,493,262,4,87,187,1684137.3,110.52884615384616,4.46037407568508,False,False,0.5714285714285714,63.15934065934066,False,Low
2024-12-01,SKU029,516,565,7,113,296,1762707.6,110.52884615384616,4.668464549804263,False,False,1.0,110.52884615384616,False,Low
2025-01-01,SKU029,673,161,3,83,160,2299035.3,110.52884615384616,6.088908220965637,False,False,0.42857142857142855,47.369505494505496,False,Low
2025-02-01,SKU029,651,305,6,173,349,2223881.1,110.52884615384616,5.88986515876468,False,False,0.8571428571428571,94.73901098901099,False,Low
2025-03-01,SKU029,533,427,4,113,240,1820781.3,110.52884615384616,4.822270552414093,False,False,0.5714285714285714,63.15934065934066,False,Low
2025-04-01,SKU029,544,266,11,107,488,1858358.4,110.52884615384616,4.921792083514571,False,False,1.5714285714285714,173.68818681318683,False,Low
2025-05-01,SKU029,516,644,10,195,518,1762707.6,110.52884615384616,4.668464549804263,True,False,1.4285714285714286,157.89835164835165,False,Medium
2025-06-01,SKU029,338,257,8,179,457,1154641.8,110.52884615384616,3.0580252283601563,True,False,1.1428571428571428,126.31868131868131,False,Medium
2025-07-01,SKU029,242,99,7,147,378,826696.2,110.52884615384616,2.189473684210526,True,False,1.0,110.52884615384616,False,Medium
2025-08-01,SKU029,773,394,6,169,338,2640645.3,110.52884615384616,6.9936494127881685,False,False,0.8571428571428571,94.73901098901099,False,Low
2025-09-01,SKU029,664,989,14,102,501,2268290.4,110.52884615384616,6.007481513701609,False,False,2.0,221.05769230769232,False,Low
2025-10-01,SKU029,684,138,9,164,381,2336612.4,110.52884615384616,6.188429752066115,False,False,1.2857142857142858,142.1085164835165,False,Low
2025-11-01,SKU029,317,287,4,95,194,1082903.7,110.52884615384616,2.868029578077425,False,False,0.5714285714285714,63.15934065934066,False,Low
2025-12-01,SKU029,261,520,5,196,329,891602.1,110.52884615384616,2.361374510656807,True,False,0.7142857142857143,78.94917582417582,False,Medium
2024-01-01,SKU030,30,23,10,5,15,61890.9,33.45192307692308,0.8968094279965506,False,False,1.4285714285714286,47.78846153846155,True,Medium
2024-02-01,SKU030,68,61,9,52,115,140286.04,33.45192307692308,2.0327680367921817,True,False,1.2857142857142858,43.009615384615394,False,Medium
2024-03-01,SKU030,115,22,4,48,76,237248.45,33.45192307692308,3.4377694739867777,False,False,0.5714285714285714,19.115384615384617,False,Low
2024-04-01,SKU030,85,76,4,48,83,175357.55,33.45192307692308,2.540960045990227,False,False,0.5714285714285714,19.115384615384617,False,Low
2024-05-01,SKU030,99,13,14,29,149,204239.97,33.45192307692308,2.9594711123886173,True,False,2.0,66.90384615384616,False,Medium
2024-06-01,SKU030,199,185,9,56,125,410542.97,33.45192307692308,5.948835872377119,False,False,1.2857142857142858,43.009615384615394,False,Low
2024-07-01,SKU030,292,138,6,63,120,602404.76,33.45192307692308,8.728945099166426,False,False,0.8571428571428571,28.673076923076923,False,Low
2024-08-01,SKU030,200,146,7,41,86,412606.0,33.45192307692308,5.978729519977004,False,False,1.0,33.45192307692308,False,Low
2024-09-01,SKU030,185,64,6,46,84,381660.55,33.45192307692308,5.530324805978729,False,False,0.8571428571428571,28.673076923076923,False,Low
2024-10-01,SKU030,163,41,3,32,52,336273.89,33.45192307692308,4.872664558781259,False,False,0.42857142857142855,14.336538461538462,False,Low
2024-11-01,SKU030,76,114,6,27,60,156790.28,33.45192307692308,2.2719172175912616,False,False,0.8571428571428571,28.673076923076923,False,Low
2024-12-01,SKU030,183,76,8,21,75,377534.49,33.45192307692308,5.470537510778959,False,False,1.1428571428571428,38.23076923076923,False,Low
2025-01-01,SKU030,179,46,6,23,60,369282.37,33.45192307692308,5.350962920379419,False,False,0.8571428571428571,28.673076923076923,False,Low
2025-02-01,SKU030,193,58,13,21,114,398164.79,33.45192307692308,5.769473986777809,False,False,1.8571428571428572,62.12500000000001,False,Low
2025-03-01,SKU030,79,80,12,29,123,162979.37,33.45192307692308,2.361598160390917,True,False,1.7142857142857142,57.34615384615385,False,Medium
2025-04-01,SKU030,271,64,3,45,72,559081.13,33.45192307692308,8.10117849956884,False,False,0.42857142857142855,14.336538461538462,False,Low
2025-05-01,SKU030,227,115,4,51,86,468307.81,33.45192307692308,6.7858580051739,False,False,0.5714285714285714,19.115384615384617,False,Low
2025-06-01,SKU030,265,76,3,30,54,546702.95,33.45192307692308,7.921816613969531,False,False,0.42857142857142855,14.336538461538462,False,Low
2025-07-01,SKU030,286,63,13,43,150,590026.58,33.45192307692308,8.549583213567116,False,False,1.8571428571428572,62.12500000000001,False,Low
2025-08-01,SKU030,83,56,6,24,65,171231.49,33.45192307692308,2.481172750790457,False,False,0.8571428571428571,28.673076923076923,False,Low
2025-09-01,SKU030,86,137,10,19,82,177420.58,33.45192307692308,2.570853693590112,False,False,1.4285714285714286,47.78846153846155,False,Low
2025-10-01,SKU030,142,208,13,39,123,292950.26,33.45192307692308,4.244897959183673,False,False,1.8571428571428572,62.12500000000001,False,Low
2025-11-01,SKU030,66,25,4,23,47,136159.98,33.45192307692308,1.9729807415924114,False,False,0.5714285714285714,19.115384615384617,False,Low
2025-12-01,SKU030,166,32,9,43,104,342462.98,33.45192307692308,4.962345501580914,False,False,1.2857142857142858,43.009615384615394,False,Low
2024-01-01,SKU031,22,17,4,5,10,55557.7,131.45192307692307,0.1673615682832273,False,False,0.5714285714285714,75.1153846153846,True,Medium
2024-02-01,SKU031,68,81,12,33,100,171723.8,131.45192307692307,0.5172993928754298,True,False,1.7142857142857142,225.3461538461538,True,Medium
2024-03-01,SKU031,159,66,7,27,78,401530.65,131.45192307692307,1.2095676980469607,False,False,1.0,131.45192307692307,False,Low
2024-04-01,SKU031,292,22,8,33,101,737402.2,131.45192307692307,2.2213444517591987,False,False,1.1428571428571428,150.2307692307692,False,Low
2024-05-01,SKU031,71,103,11,30,114,179299.85,131.45192307692307,0.5401214249140517,True,False,1.5714285714285714,206.56730769230768,True,Medium
2024-06-01,SKU031,181,40,14,53,164,457088.35,131.45192307692307,1.3769292663301882,False,False,2.0,262.90384615384613,True,Medium
2024-07-01,SKU031,178,70,14,42,156,449512.3,131.45192307692307,1.354107234291566,False,False,2.0,262.90384615384613,True,Medium
2024-08-01,SKU031,183,236,12,44,133,462139.05,131.45192307692307,1.392143954355936,False,False,1.7142857142857142,225.3461538461538,True,Medium
2024-09-01,SKU031,43,144,6,41,74,108590.05,131.45192307692307,0.3271157925535806,True,False,0.8571428571428571,112.6730769230769,True,Medium
2024-10-01,SKU031,187,158,12,41,109,472240.45,131.45192307692307,1.422573330407432,False,False,1.7142857142857142,225.3461538461538,True,Medium
2024-11-01,SKU031,170,30,13,30,112,429309.5,131.45192307692307,1.2932484821885744,False,False,1.8571428571428572,244.125,True,Medium
2024-12-01,SKU031,158,3,4,27,51,399005.3,131.45192307692307,1.2019603540340869,False,False,0.5714285714285714,75.1153846153846,False,Low
2025-01-01,SKU031,98,64,7,24,68,247484.3,131.45192307692307,0.7455197132616488,False,False,1.0,131.45192307692307,True,Medium
2025-02-01,SKU031,49,83,3,40,60,123742.15,131.45192307692307,0.3727598566308244,True,False,0.42857142857142855,56.33653846153845,True,Medium
2025-03-01,SKU031,203,19,8,26,88,512646.05,131.45192307692307,1.5442908346134154,False,False,1.1428571428571428,150.2307692307692,False,Low
2025-04-01,SKU031,75,4,14,28,148,189401.25,131.45192307692307,0.5705508009655476,True,False,2.0,262.90384615384613,True,Medium
2025-05-01,SKU031,138,37,10,55,125,348498.3,131.45192307692307,1.0498134737766076,False,False,1.4285714285714286,187.78846153846152,True,Medium
2025-06-01,SKU031,100,6,14,36,131,252535.0,131.45192307692307,0.7607344012873968,True,False,2.0,262.90384615384613,True,Medium
2025-07-01,SKU031,59,152,10,49,130,148995.65,131.45192307692307,0.44883329675956407,True,False,1.4285714285714286,187.78846153846152,True,Medium
2025-08-01,SKU031,31,33,5,18,49,78285.85,131.45192307692307,0.235827664399093,True,False,0.7142857142857143,93.89423076923076,True,Medium
2025-09-01,SKU031,202,1,8,23,72,510120.7,131.45192307692307,1.5366834906005413,False,False,1.1428571428571428,150.2307692307692,False,Low
2025-10-01,SKU031,132,192,11,51,125,333346.2,131.45192307692307,1.0041694096993636,False,False,1.5714285714285714,206.56730769230768,True,Medium
2025-11-01,SKU031,32,163,12,31,94,80811.2,131.45192307692307,0.24343500841196697,True,False,1.7142857142857142,225.3461538461538,True,Medium
2025-12-01,SKU031,93,40,13,28,113,234857.55,131.45192307692307,0.7074829931972789,True,False,1.8571428571428572,244.125,True,Medium
2024-01-01,SKU032,19,21,9,5,14,86773.0,65.33653846153847,0.29080206033848416,False,False,1.2857142857142858,84.00412087912089,True,Medium
2024-02-01,SKU032,272,122,5,64,122,1242224.0,65.33653846153847,4.163061074319352,False,False,0.7142857142857143,46.66895604395605,False,Low
2024-03-01,SKU032,429,87,7,47,134,1959243.0,65.33653846153847,6.566004415011037,False,False,1.0,65.33653846153847,False,Low
2024-04-01,SKU032,524,70,10,99,260,2393108.0,65.33653846153847,8.020014716703457,False,False,1.4285714285714286,93.3379120879121,False,Low
2024-05-01,SKU032,304,71,3,80,122,1388368.0,65.33653846153847,4.6528329654157465,False,False,0.42857142857142855,28.001373626373628,False,Low
2024-06-01,SKU032,385,273,9,67,191,1758295.0,65.33653846153847,5.892568064753495,False,False,1.2857142857142858,84.00412087912089,False,Low
2024-07-01,SKU032,311,92,13,49,216,1420337.0,65.33653846153847,4.759970566593083,False,False,1.8571428571428572,121.33928571428572,False,Low
2024-08-01,SKU032,385,206,10,61,177,1758295.0,65.33653846153847,5.892568064753495,False,False,1.4285714285714286,93.3379120879121,False,Low
2024-09-01,SKU032,96,375,13,60,196,438432.0,65.33653846153847,1.469315673289183,True,False,1.8571428571428572,121.33928571428572,True,Medium
2024-10-01,SKU032,176,177,7,43,116,803792.0,65.33653846153847,2.693745401030169,False,False,1.0,65.33653846153847,False,Low
2024-11-01,SKU032,150,294,8,76,155,685050.0,65.33653846153847,2.2958057395143485,True,False,1.1428571428571428,74.67032967032968,False,Medium
2024-12-01,SKU032,64,91,8,49,132,292288.0,65.33653846153847,0.9795437821927887,True,False,1.1428571428571428,74.67032967032968,True,Medium
2025-01-01,SKU032,170,9,6,37,104,776390.0,65.33653846153847,2.601913171449595,False,False,0.8571428571428571,56.002747252747255,False,Low
2025-02-01,SKU032,382,68,14,83,262,1744594.0,65.33653846153847,5.846651949963208,False,False,2.0,130.67307692307693,False,Low
2025-03-01,SKU032,339,138,12,81,236,1548213.0,65.33653846153847,5.188520971302427,False,False,1.7142857142857142,112.00549450549451,False,Low
2025-04-01,SKU032,355,172,8,113,229,1621285.0,65.33653846153847,5.433406916850625,False,False,1.1428571428571428,74.67032967032968,False,Low
2025-05-01,SKU032,295,2,3,71,113,1347265.0,65.33653846153847,4.515084621044886,False,False,0.42857142857142855,28.001373626373628,False,Low
2025-06-01,SKU032,129,410,12,93,268,589143.0,65.33653846153847,1.9743929359823398,True,False,1.7142857142857142,112.00549450549451,False,Medium
2025-07-01,SKU032,408,231,13,63,259,1863336.0,65.33653846153847,6.244591611479028,False,False,1.8571428571428572,121.33928571428572,False,Low
2025-08-01,SKU032,175,140,3,57,91,799225.0,65.33653846153847,2.6784400294334065,False,False,0.42857142857142855,28.001373626373628,False,Low
2025-09-01,SKU032,126,113,3,42,75,575442.0,65.33653846153847,1.9284768211920529,False,False,0.42857142857142855,28.001373626373628,False,Low
2025-10-01,SKU032,115,462,14,87,246,525205.0,65.33653846153847,1.7601177336276672,True,False,2.0,130.67307692307693,True,Medium
2025-11-01,SKU032,271,354,13,71,206,1237657.0,65.33653846153847,4.1477557027225895,False,False,1.8571428571428572,121.33928571428572,False,Low
2025-12-01,SKU032,278,214,11,60,185,1269626.0,65.33653846153847,4.254893303899926,False,False,1.5714285714285714,102.6717032967033,False,Low
2024-01-01,SKU033,10,17,4,5,10,33995.0,126.75,0.07889546351084813,True,False,0.5714285714285714,72.42857142857143,True,Medium
2024-02-01,SKU033,266,80,9,43,150,904267.0,126.75,2.09861932938856,False,False,1.2857142857142858,162.96428571428572,False,Low
2024-03-01,SKU033,312,346,9,68,179,1060644.0,126.75,2.4615384615384617,False,False,1.2857142857142858,162.96428571428572,False,Low
2024-04-01,SKU033,242,423,10,118,270,822679.0,126.75,1.9092702169625246,True,False,1.4285714285714286,181.07142857142858,False,Medium
2024-05-01,SKU033,380,152,5,111,187,1291810.0,126.75,2.998027613412229,False,False,0.7142857142857143,90.53571428571429,False,Low
2024-06-01,SKU033,271,44,7,104,197,921264.5,126.75,2.138067061143984,False,False,1.0,126.75,False,Low
2024-07-01,SKU033,307,136,10,94,233,1043646.5,126.75,2.4220907297830374,False,False,1.4285714285714286,181.07142857142858,False,Low
2024-08-01,SKU033,128,181,3,90,126,435136.0,126.75,1.009861932938856,False,False,0.42857142857142855,54.32142857142857,False,Low
2024-09-01,SKU033,336,273,12,65,192,1142232.0,126.75,2.6508875739644973,False,False,1.7142857142857142,217.28571428571428,False,Low
2024-10-01,SKU033,237,125,7,43,120,805681.5,126.75,1.8698224852071006,False,False,1.0,126.75,False,Low
2024-11-01,SKU033,328,24,4,62,100,1115036.0,126.75,2.5877712031558184,False,False,0.5714285714285714,72.42857142857143,False,Low
2024-12-01,SKU033,82,239,9,40,137,278759.0,126.75,0.6469428007889546,True,False,1.2857142857142858,162.96428571428572,True,Medium
2025-01-01,SKU033,316,175,12,67,195,1074242.0,126.75,2.4930966469428006,False,False,1.7142857142857142,217.28571428571428,False,Low
2025-02-01,SKU033,385,233,5,74,129,1308807.5,126.75,3.037475345167653,False,False,0.7142857142857143,90.53571428571429,False,Low
2025-03-01,SKU033,209,20,14,92,267,710495.5,126.75,1.6489151873767258,True,False,2.0,253.5,True,Medium
2025-04-01,SKU033,142,65,4,71,135,482729.0,126.75,1.1203155818540433,False,False,0.5714285714285714,72.42857142857143,False,Low
2025-05-01,SKU033,261,295,8,74,182,887269.5,126.75,2.059171597633136,False,False,1.1428571428571428,144.85714285714286,False,Low
2025-06-01,SKU033,380,79,12,44,216,1291810.0,126.75,2.998027613412229,False,False,1.7142857142857142,217.28571428571428,False,Low
2025-07-01,SKU033,332,299,7,76,166,1128634.0,126.75,2.619329388560158,False,False,1.0,126.75,False,Low
2025-08-01,SKU033,214,218,5,81,147,727493.0,126.75,1.6883629191321499,False,False,0.7142857142857143,90.53571428571429,False,Low
2025-09-01,SKU033,371,95,8,40,131,1261214.5,126.75,2.9270216962524653,False,False,1.1428571428571428,144.85714285714286,False,Low
2025-10-01,SKU033,259,94,6,81,144,880470.5,126.75,2.0433925049309667,False,False,0.8571428571428571,108.64285714285714,False,Low
2025-11-01,SKU033,212,101,9,54,129,720694.0,126.75,1.6725838264299804,False,False,1.2857142857142858,162.96428571428572,False,Low
2025-12-01,SKU033,208,168,12,55,183,707096.0,126.75,1.641025641025641,False,False,1.7142857142857142,217.28571428571428,True,Medium
2024-01-01,SKU034,29,2,6,5,11,44777.16,141.2403846153846,0.20532371162094085,False,False,0.8571428571428571,121.0631868131868,True,Medium
2024-02-01,SKU034,37,67,11,23,81,57129.48,141.2403846153846,0.2619647355163728,True,False,1.5714285714285714,221.94917582417582,True,Medium
2024-03-01,SKU034,197,162,14,42,139,304175.88,141.2403846153846,1.3947852134250118,False,False,2.0,282.4807692307692,True,Medium
2024-04-01,SKU034,105,67,6,24,68,162124.2,141.2403846153846,0.7434134386275444,False,False,0.8571428571428571,121.0631868131868,True,Medium
2024-05-01,SKU034,94,174,9,32,89,145139.76,141.2403846153846,0.6655320307713255,False,False,1.2857142857142858,181.59478021978023,True,Medium
2024-06-01,SKU034,168,22,3,44,65,259398.72,141.2403846153846,1.189461501804071,False,False,0.42857142857142855,60.5315934065934,False,Low
2024-07-01,SKU034,171,238,13,49,139,264030.84,141.2403846153846,1.2107018857648582,False,False,1.8571428571428572,262.30357142857144,True,Medium
2024-08-01,SKU034,206,6,5,24,54,318072.24,141.2403846153846,1.4585063653073729,False,False,0.7142857142857143,100.88598901098901,False,Low
2024-09-01,SKU034,137,39,14,34,104,211533.48,141.2403846153846,0.9699775342092722,False,False,2.0,282.4807692307692,True,Medium
2024-10-01,SKU034,99,49,5,23,50,152859.96,141.2403846153846,0.7009326707059704,False,False,0.7142857142857143,100.88598901098901,True,Medium
2024-11-01,SKU034,166,27,14,37,107,256310.64,141.2403846153846,1.175301245830213,False,False,2.0,282.4807692307692,True,Medium
2024-12-01,SKU034,33,28,11,30,83,50953.32,141.2403846153846,0.23364422356865683,True,False,1.5714285714285714,221.94917582417582,True,Medium
2025-01-01,SKU034,41,88,12,35,103,63305.64,141.2403846153846,0.2902852474640888,True,False,1.7142857142857142,242.1263736263736,True,Medium
2025-02-01,SKU034,188,31,7,20,61,290279.52,141.2403846153846,1.331064061542651,False,False,1.0,141.2403846153846,False,Low
2025-03-01,SKU034,174,4,4,37,62,268662.96,141.2403846153846,1.231942269725645,False,False,0.5714285714285714,80.7087912087912,False,Low
2025-04-01,SKU034,129,86,6,32,77,199181.16,141.2403846153846,0.9133365103138403,False,False,0.8571428571428571,121.0631868131868,False,Low
2025-05-01,SKU034,75,154,9,49,106,115803.0,141.2403846153846,0.5310095990196746,True,False,1.2857142857142858,181.59478021978023,True,Medium
2025-06-01,SKU034,50,112,6,50,91,77202.0,141.2403846153846,0.35400639934644973,True,True,0.8571428571428571,121.0631868131868,True,High
2025-07-01,SKU034,137,205,13,22,113,211533.48,141.2403846153846,0.9699775342092722,False,False,1.8571428571428572,262.30357142857144,True,Medium
2025-08-01,SKU034,104,83,9,36,89,160580.16,141.2403846153846,0.7363333106406155,False,False,1.2857142857142858,181.59478021978023,True,Medium
2025-09-01,SKU034,94,61,13,29,96,145139.76,141.2403846153846,0.6655320307713255,True,False,1.8571428571428572,262.30357142857144,True,Medium
2025-10-01,SKU034,46,83,10,24,70,71025.84,141.2403846153846,0.3256858873987338,True,False,1.4285714285714286,201.77197802197801,True,Medium
2025-11-01,SKU034,109,105,12,21,84,168300.36,141.2403846153846,0.7717339505752604,False,False,1.7142857142857142,242.1263736263736,True,Medium
2025-12-01,SKU034,34,103,5,34,58,52497.36,141.2403846153846,0.2407243515555858,True,True,0.7142857142857143,100.88598901098901,True,High
2024-01-01,SKU035,23,18,5,5,10,134510.44,149.25,0.1541038525963149,False,False,0.7142857142857143,106.60714285714286,True,Medium
2024-02-01,SKU035,552,394,13,169,460,3228250.56,149.25,3.698492462311558,False,False,1.8571428571428572,277.17857142857144,False,Low
2024-03-01,SKU035,349,30,4,129,229,2041049.72,149.25,2.338358458961474,False,False,0.5714285714285714,85.28571428571428,False,Low
2024-04-01,SKU035,210,529,5,136,272,1228138.8,149.25,1.407035175879397,True,False,0.7142857142857143,106.60714285714286,False,Medium
2024-05-01,SKU035,571,124,3,105,183,3339367.88,149.25,3.825795644891122,False,False,0.42857142857142855,63.96428571428571,False,Low
2024-06-01,SKU035,799,666,9,136,349,4672775.72,149.25,5.353433835845896,False,False,1.2857142857142858,191.89285714285717,False,Low
2024-07-01,SKU035,567,216,3,102,182,3315974.76,149.25,3.798994974874372,False,False,0.42857142857142855,63.96428571428571,False,Low
2024-08-01,SKU035,220,377,12,127,413,1286621.6,149.25,1.4740368509212731,True,False,1.7142857142857142,255.85714285714283,True,Medium
2024-09-01,SKU035,676,349,13,90,343,3953437.28,149.25,4.5293132328308205,False,False,1.8571428571428572,277.17857142857144,False,Low
2024-10-01,SKU035,563,254,6,94,216,3292581.64,149.25,3.7721943048576216,False,False,0.8571428571428571,127.92857142857142,False,Low
2024-11-01,SKU035,541,390,11,97,273,3163919.48,149.25,3.624790619765494,False,False,1.5714285714285714,234.53571428571428,False,Low
2024-12-01,SKU035,486,93,12,98,333,2842264.08,149.25,3.2562814070351758,False,False,1.7142857142857142,255.85714285714283,False,Low
2025-01-01,SKU035,599,155,10,117,312,3503119.72,149.25,4.013400335008376,False,False,1.4285714285714286,213.21428571428572,False,Low
2025-02-01,SKU035,395,233,6,82,207,2310070.6,149.25,2.646566164154104,False,False,0.8571428571428571,127.92857142857142,False,Low
2025-03-01,SKU035,495,388,9,128,330,2894898.6,149.25,3.3165829145728645,False,False,1.2857142857142858,191.89285714285717,False,Low
2025-04-01,SKU035,700,499,4,152,261,4093796.0,149.25,4.690117252931323,False,False,0.5714285714285714,85.28571428571428,False,Low
2025-05-01,SKU035,349,465,8,190,394,2041049.72,149.25,2.338358458961474,True,False,1.1428571428571428,170.57142857142856,False,Medium
2025-06-01,SKU035,621,356,5,173,302,3631781.88,149.25,4.160804020100502,False,False,0.7142857142857143,106.60714285714286,False,Low
2025-07-01,SKU035,830,605,10,91,331,4854072.4,149.25,5.561139028475712,False,False,1.4285714285714286,213.21428571428572,False,Low
2025-08-01,SKU035,554,621,14,98,383,3239947.12,149.25,3.711892797319933,False,False,2.0,298.5,False,Low
2025-09-01,SKU035,491,201,8,140,292,2871505.48,149.25,3.289782244556114,False,False,1.1428571428571428,170.57142857142856,False,Low
2025-10-01,SKU035,394,292,4,131,207,2304222.32,149.25,2.6398659966499163,False,False,0.5714285714285714,85.28571428571428,False,Low
2025-11-01,SKU035,579,5,4,117,185,3386154.12,149.25,3.879396984924623,False,False,0.5714285714285714,85.28571428571428,False,Low
2025-12-01,SKU035,670,76,8,137,304,3918347.6,149.25,4.489112227805695,False,False,1.1428571428571428,170.57142857142856,False,Low
2024-01-01,SKU036,25,16,6,6,12,37496.5,33.64423076923077,0.7430694484138326,False,False,0.8571428571428571,28.837912087912084,True,Medium
2024-02-01,SKU036,223,124,14,130,414,334468.78,33.64423076923077,6.6281794798513864,True,False,2.0,67.28846153846153,False,Medium
2024-03-01,SKU036,428,259,4,80,171,641940.08,33.64423076923077,12.721348956844814,False,False,0.5714285714285714,19.225274725274723,False,Low
2024-04-01,SKU036,395,361,14,91,429,592444.7,33.64423076923077,11.740497284938554,True,False,2.0,67.28846153846153,False,Medium
2024-05-01,SKU036,355,190,5,92,206,532450.3,33.64423076923077,10.551586167476422,False,False,0.7142857142857143,24.031593406593405,False,Low
2024-06-01,SKU036,214,501,7,118,272,320970.04,33.64423076923077,6.360674478422407,True,False,1.0,33.64423076923077,False,Medium
2024-07-01,SKU036,166,599,9,133,334,248976.76,33.64423076923077,4.933981137467848,True,False,1.2857142857142858,43.25686813186813,False,Medium
2024-08-01,SKU036,351,202,4,75,151,526450.86,33.64423076923077,10.432695055730209,False,False,0.5714285714285714,19.225274725274723,False,Low
2024-09-01,SKU036,296,578,11,119,311,443958.56,33.64423076923077,8.797942269219778,True,False,1.5714285714285714,52.86950549450549,False,Medium
2024-10-01,SKU036,533,84,4,66,140,799425.38,33.64423076923077,15.842240640182911,False,False,0.5714285714285714,19.225274725274723,False,Low
2024-11-01,SKU036,82,329,10,72,222,122988.52,33.64423076923077,2.437267790797371,True,False,1.4285714285714286,48.06318681318681,False,Medium
2024-12-01,SKU036,466,326,13,136,368,698934.76,33.64423076923077,13.85081451843384,False,False,1.8571428571428572,62.482142857142854,False,Low
2025-01-01,SKU036,216,140,14,94,348,323969.76,33.64423076923077,6.420120034295514,True,False,2.0,67.28846153846153,False,Medium
2025-02-01,SKU036,411,228,8,110,263,616442.46,33.64423076923077,12.216061731923407,False,False,1.1428571428571428,38.450549450549445,False,Low
2025-03-01,SKU036,472,56,13,113,419,707933.92,33.64423076923077,14.02915118605316,False,False,1.8571428571428572,62.482142857142854,False,Low
2025-04-01,SKU036,512,471,13,75,397,767928.32,33.64423076923077,15.21806230351529,False,False,1.8571428571428572,62.482142857142854,False,Low
2025-05-01,SKU036,330,635,10,135,378,494953.8,33.64423076923077,9.80851671906259,True,False,1.4285714285714286,48.06318681318681,False,Medium
2025-06-01,SKU036,348,375,9,84,303,521951.28,33.64423076923077,10.343526721920549,False,False,1.2857142857142858,43.25686813186813,False,Low
2025-07-01,SKU036,687,362,4,183,276,1030403.82,33.64423076923077,20.41954844241212,False,False,0.5714285714285714,19.225274725274723,False,Low
2025-08-01,SKU036,555,373,13,67,335,832422.3,33.64423076923077,16.496141754787082,False,False,1.8571428571428572,62.482142857142854,False,Low
2025-09-01,SKU036,300,447,8,119,261,449958.0,33.64423076923077,8.916833380965992,False,False,1.1428571428571428,38.450549450549445,False,Low
2025-10-01,SKU036,423,156,13,120,352,634440.78,33.64423076923077,12.572735067162048,False,False,1.8571428571428572,62.482142857142854,False,Low
2025-11-01,SKU036,318,61,11,77,245,476955.48,33.64423076923077,9.45184338382395,False,False,1.5714285714285714,52.86950549450549,False,Low
2025-12-01,SKU036,383,135,3,77,129,574446.38,33.64423076923077,11.383823949699915,False,False,0.42857142857142855,14.418956043956042,False,Low
2024-01-01,SKU037,32,1,4,5,10,180687.36,174.0,0.1839080459770115,False,False,0.5714285714285714,99.42857142857142,True,Medium
2024-02-01,SKU037,870,906,7,352,674,4912437.6,174.0,5.0,False,False,1.0,174.0,False,Low
2024-03-01,SKU037,414,283,8,188,579,2337642.72,174.0,2.3793103448275863,True,False,1.1428571428571428,198.85714285714283,False,Medium
2024-04-01,SKU037,553,630,9,202,751,3122503.44,174.0,3.17816091954023,True,False,1.2857142857142858,223.71428571428572,False,Medium
2024-05-01,SKU037,283,1095,5,413,675,1597953.84,174.0,1.6264367816091954,True,True,0.7142857142857143,124.28571428571429,False,High
2024-06-01,SKU037,1382,464,9,261,728,7803435.36,174.0,7.942528735632184,False,False,1.2857142857142858,223.71428571428572,False,Low
2024-07-01,SKU037,1844,510,13,251,951,10412109.12,174.0,10.597701149425287,False,False,1.8571428571428572,323.14285714285717,False,Low
2024-08-01,SKU037,1066,818,14,365,1013,6019147.68,174.0,6.126436781609195,False,False,2.0,348.0,False,Low
2024-09-01,SKU037,1296,275,4,251,413,7317838.08,174.0,7.448275862068965,False,False,0.5714285714285714,99.42857142857142,False,Low
2024-10-01,SKU037,763,906,10,175,578,4308264.24,174.0,4.385057471264368,False,False,1.4285714285714286,248.57142857142858,False,Low
2024-11-01,SKU037,785,956,14,207,709,4432486.8,174.0,4.511494252873563,False,False,2.0,348.0,False,Low
2024-12-01,SKU037,986,887,12,204,712,5567429.28,174.0,5.666666666666667,False,False,1.7142857142857142,298.2857142857143,False,Low
2025-01-01,SKU037,906,889,11,211,655,5115710.88,174.0,5.206896551724138,False,False,1.5714285714285714,273.42857142857144,False,Low
2025-02-01,SKU037,548,1706,13,321,939,3094271.04,174.0,3.1494252873563218,True,False,1.8571428571428572,323.14285714285717,False,Medium
2025-03-01,SKU037,1199,1019,6,333,645,6770129.52,174.0,6.890804597701149,False,False,0.8571428571428571,149.14285714285714,False,Low
2025-04-01,SKU037,455,502,7,183,581,2569148.4,174.0,2.6149425287356323,True,False,1.0,174.0,False,Medium
2025-05-01,SKU037,737,831,14,295,1041,4161455.76,174.0,4.235632183908046,True,False,2.0,348.0,False,Medium
2025-06-01,SKU037,338,638,10,391,928,1908510.24,174.0,1.9425287356321839,True,True,1.4285714285714286,248.57142857142858,False,High
2025-07-01,SKU037,749,612,10,354,907,4229213.52,174.0,4.304597701149425,True,False,1.4285714285714286,248.57142857142858,False,Medium
2025-08-01,SKU037,640,585,7,304,643,3613747.2,174.0,3.67816091954023,True,False,1.0,174.0,False,Medium
2025-09-01,SKU037,1077,263,14,239,816,6081258.96,174.0,6.189655172413793,False,False,2.0,348.0,False,Low
2025-10-01,SKU037,555,167,12,132,638,3133796.4,174.0,3.189655172413793,True,False,1.7142857142857142,298.2857142857143,False,Medium
2025-11-01,SKU037,573,712,13,142,613,3235433.04,174.0,3.293103448275862,True,False,1.8571428571428572,323.14285714285717,False,Medium
2025-12-01,SKU037,355,687,8,315,644,2004500.4,174.0,2.0402298850574714,True,False,1.1428571428571428,198.85714285714283,False,Medium
2024-01-01,SKU038,23,21,8,7,15,73666.93,53.94230769230769,0.42638146167557933,False,False,1.1428571428571428,61.64835164835165,True,Medium
2024-02-01,SKU038,301,57,7,75,153,964075.91,53.94230769230769,5.580035650623886,False,False,1.0,53.94230769230769,False,Low
2024-03-01,SKU038,122,61,9,73,184,390755.02,53.94230769230769,2.261675579322638,True,False,1.2857142857142858,69.3543956043956,False,Medium
2024-04-01,SKU038,452,340,12,72,229,1447715.32,53.94230769230769,8.379322638146167,False,False,1.7142857142857142,92.47252747252747,False,Low
2024-05-01,SKU038,305,169,8,81,183,976887.55,53.94230769230769,5.6541889483065955,False,False,1.1428571428571428,61.64835164835165,False,Low
2024-06-01,SKU038,118,237,4,90,140,377943.38,53.94230769230769,2.1875222816399287,True,False,0.5714285714285714,30.824175824175825,False,Medium
2024-07-01,SKU038,236,82,9,52,164,755886.76,53.94230769230769,4.375044563279857,False,False,1.2857142857142858,69.3543956043956,False,Low
2024-08-01,SKU038,220,369,12,64,193,704640.2,53.94230769230769,4.078431372549019,False,False,1.7142857142857142,92.47252747252747,False,Low
2024-09-01,SKU038,344,177,6,63,122,1101801.04,53.94230769230769,6.377183600713012,False,False,0.8571428571428571,46.23626373626374,False,Low
2024-10-01,SKU038,245,166,9,47,129,784712.95,53.94230769230769,4.541889483065954,False,False,1.2857142857142858,69.3543956043956,False,Low
2024-11-01,SKU038,68,270,12,55,172,217797.88,53.94230769230769,1.2606060606060605,True,False,1.7142857142857142,92.47252747252747,True,Medium
2024-12-01,SKU038,214,98,6,49,104,685422.74,53.94230769230769,3.9672014260249555,False,False,0.8571428571428571,46.23626373626374,False,Low
2025-01-01,SKU038,263,300,13,61,187,842365.33,53.94230769230769,4.875579322638146,False,False,1.8571428571428572,100.17857142857143,False,Low
2025-02-01,SKU038,214,201,4,73,113,685422.74,53.94230769230769,3.9672014260249555,False,False,0.5714285714285714,30.824175824175825,False,Low
2025-03-01,SKU038,290,202,11,45,170,928843.9,53.94230769230769,5.376114081996435,False,False,1.5714285714285714,84.76648351648352,False,Low
2025-04-01,SKU038,146,169,13,81,261,467624.86,53.94230769230769,2.706595365418895,True,False,1.8571428571428572,100.17857142857143,False,Medium
2025-05-01,SKU038,111,164,14,48,214,355523.01,53.94230769230769,2.057754010695187,True,False,2.0,107.88461538461539,False,Medium
2025-06-01,SKU038,367,137,8,90,187,1175467.97,53.94230769230769,6.803565062388592,False,False,1.1428571428571428,61.64835164835165,False,Low
2025-07-01,SKU038,346,93,9,60,177,1108206.86,53.94230769230769,6.414260249554367,False,False,1.2857142857142858,69.3543956043956,False,Low
2025-08-01,SKU038,148,73,11,35,153,474030.68,53.94230769230769,2.7436720142602495,True,False,1.5714285714285714,84.76648351648352,False,Medium
2025-09-01,SKU038,132,118,7,73,144,422784.12,53.94230769230769,2.4470588235294115,True,False,1.0,53.94230769230769,False,Medium
2025-10-01,SKU038,212,80,8,42,118,679016.92,53.94230769230769,3.9301247771836008,False,False,1.1428571428571428,61.64835164835165,False,Low
2025-11-01,SKU038,60,47,6,32,83,192174.6,53.94230769230769,1.1122994652406417,True,False,0.8571428571428571,46.23626373626374,False,Medium
2025-12-01,SKU038,159,310,12,56,175,509262.69,53.94230769230769,2.9475935828877007,True,False,1.7142857142857142,92.47252747252747,False,Medium
2024-01-01,SKU039,17,25,14,6,20,51918.85,22.0,0.7727272727272727,True,False,2.0,44.0,True,Medium
2024-02-01,SKU039,24,111,5,33,56,73297.2,22.0,1.0909090909090908,True,True,0.7142857142857143,15.714285714285715,False,High
2024-03-01,SKU039,71,87,6,30,66,216837.55,22.0,3.227272727272727,False,False,0.8571428571428571,18.857142857142858,False,Low
2024-04-01,SKU039,135,16,10,21,85,412296.75,22.0,6.136363636363637,False,False,1.4285714285714286,31.42857142857143,False,Low
2024-05-01,SKU039,143,155,7,47,92,436729.15,22.0,6.5,False,False,1.0,22.0,False,Low
2024-06-01,SKU039,171,195,10,42,112,522242.55,22.0,7.7727272727272725,False,False,1.4285714285714286,31.42857142857143,False,Low
2024-07-01,SKU039,91,63,5,53,87,277918.55,22.0,4.136363636363637,False,False,0.7142857142857143,15.714285714285715,False,Low
2024-08-01,SKU039,96,13,4,27,46,293188.8,22.0,4.363636363636363,False,False,0.5714285714285714,12.571428571428571,False,Low
2024-09-01,SKU039,79,57,9,40,85,241269.95,22.0,3.590909090909091,True,False,1.2857142857142858,28.28571428571429,False,Medium
2024-10-01,SKU039,108,124,13,27,89,329837.4,22.0,4.909090909090909,False,False,1.8571428571428572,40.85714285714286,False,Low
2024-11-01,SKU039,63,55,5,29,52,192405.15,22.0,2.8636363636363638,False,False,0.7142857142857143,15.714285714285715,False,Low
2024-12-01,SKU039,104,20,4,16,35,317621.2,22.0,4.7272727272727275,False,False,0.5714285714285714,12.571428571428571,False,Low
2025-01-01,SKU039,45,5,11,28,92,137432.25,22.0,2.0454545454545454,True,False,1.5714285714285714,34.57142857142857,False,Medium
2025-02-01,SKU039,166,63,11,26,91,506972.3,22.0,7.545454545454546,False,False,1.5714285714285714,34.57142857142857,False,Low
2025-03-01,SKU039,154,181,13,32,107,470323.7,22.0,7.0,False,False,1.8571428571428572,40.85714285714286,False,Low
2025-04-01,SKU039,71,63,3,42,61,216837.55,22.0,3.227272727272727,False,False,0.42857142857142855,9.428571428571429,False,Low
2025-05-01,SKU039,95,38,5,25,59,290134.75,22.0,4.318181818181818,False,False,0.7142857142857143,15.714285714285715,False,Low
2025-06-01,SKU039,231,38,9,40,103,705485.55,22.0,10.5,False,False,1.2857142857142858,28.28571428571429,False,Low
2025-07-01,SKU039,122,64,4,43,65,372594.1,22.0,5.545454545454546,False,False,0.5714285714285714,12.571428571428571,False,Low
2025-08-01,SKU039,127,181,11,41,107,387864.35,22.0,5.7727272727272725,False,False,1.5714285714285714,34.57142857142857,False,Low
2025-09-01,SKU039,67,150,14,32,107,204621.35,22.0,3.0454545454545454,True,False,2.0,44.0,False,Medium
2025-10-01,SKU039,135,113,4,43,65,412296.75,22.0,6.136363636363637,False,False,0.5714285714285714,12.571428571428571,False,Low
2025-11-01,SKU039,152,94,6,20,53,464215.6,22.0,6.909090909090909,False,False,0.8571428571428571,18.857142857142858,False,Low
2025-12-01,SKU039,93,35,3,17,31,284026.65,22.0,4.2272727272727275,False,False,0.42857142857142855,9.428571428571429,False,Low
2024-01-01,SKU040,22,0,4,5,10,25620.1,109.28846153846153,0.20130212915713533,False,False,0.5714285714285714,62.450549450549445,True,Medium
2024-02-01,SKU040,67,68,3,36,55,78024.85,109.28846153846153,0.6130564842512758,False,False,0.42857142857142855,46.83791208791208,False,Low
2024-03-01,SKU040,86,155,9,38,97,100151.3,109.28846153846153,0.7869083230688018,True,False,1.2857142857142858,140.51373626373626,True,Medium
2024-04-01,SKU040,185,32,5,37,79,215441.75,109.28846153846153,1.6927679042759107,False,False,0.7142857142857143,78.06318681318682,False,Low
2024-05-01,SKU040,222,98,11,45,124,258530.1,109.28846153846153,2.031321485131093,False,False,1.5714285714285714,171.73901098901098,False,Low
2024-06-01,SKU040,262,4,9,50,120,305112.1,109.28846153846153,2.3973253563258843,False,False,1.2857142857142858,140.51373626373626,False,Low
2024-07-01,SKU040,175,90,3,29,53,203796.25,109.28846153846153,1.6012669364772127,False,False,0.42857142857142855,46.83791208791208,False,Low
2024-08-01,SKU040,47,64,3,27,44,54733.85,109.28846153846153,0.43005454865388004,False,False,0.42857142857142855,46.83791208791208,False,Low
2024-09-01,SKU040,149,27,8,17,63,173517.95,109.28846153846153,1.3633644202005983,False,False,1.1428571428571428,124.90109890109889,False,Low
2024-10-01,SKU040,35,48,5,38,70,40759.25,109.28846153846153,0.32025338729544256,True,True,0.7142857142857143,78.06318681318682,True,High
2024-11-01,SKU040,67,6,9,18,71,78024.85,109.28846153846153,0.6130564842512758,True,False,1.2857142857142858,140.51373626373626,True,Medium
2024-12-01,SKU040,53,78,7,40,77,61721.15,109.28846153846153,0.48495512933309876,True,False,1.0,109.28846153846153,True,Medium
2025-01-01,SKU040,84,25,10,31,99,97822.2,109.28846153846153,0.7686081295090621,True,False,1.4285714285714286,156.12637362637363,True,Medium
2025-02-01,SKU040,71,103,7,43,92,82683.05,109.28846153846153,0.6496568713707549,True,False,1.0,109.28846153846153,True,Medium
2025-03-01,SKU040,64,146,13,24,103,74531.2,109.28846153846153,0.5856061939116664,True,False,1.8571428571428572,202.96428571428572,True,Medium
2025-04-01,SKU040,205,97,13,66,176,238732.75,109.28846153846153,1.8757698398733065,False,False,1.8571428571428572,202.96428571428572,False,Low
2025-05-01,SKU040,188,241,12,55,153,218935.4,109.28846153846153,1.7202181946155202,False,False,1.7142857142857142,187.35164835164832,False,Low
2025-06-01,SKU040,152,208,13,56,160,177011.6,109.28846153846153,1.3908147105402078,True,False,1.8571428571428572,202.96428571428572,True,Medium
2025-07-01,SKU040,145,53,3,31,54,168859.75,109.28846153846153,1.3267640330811192,False,False,0.42857142857142855,46.83791208791208,False,Low
2025-08-01,SKU040,52,83,14,50,143,60556.6,109.28846153846153,0.475805032553229,True,False,2.0,218.57692307692307,True,Medium
2025-09-01,SKU040,32,122,11,29,84,37265.6,109.28846153846153,0.2928030969558332,True,False,1.5714285714285714,171.73901098901098,True,Medium
2025-10-01,SKU040,123,119,11,36,99,143239.65,109.28846153846153,1.125461903923984,False,False,1.5714285714285714,171.73901098901098,True,Medium
2025-11-01,SKU040,181,30,10,22,81,210783.55,109.28846153846153,1.6561675171564316,False,False,1.4285714285714286,156.12637362637363,False,Low
2025-12-01,SKU040,67,29,9,36,93,78024.85,109.28846153846153,0.6130564842512758,True,False,1.2857142857142858,140.51373626373626,True,Medium
2024-01-01,SKU041,23,8,9,5,14,130472.79,78.15384615384616,0.29429133858267714,False,False,1.2857142857142858,100.4835164835165,True,Medium
2024-02-01,SKU041,301,16,6,71,170,1707491.73,78.15384615384616,3.851377952755905,False,False,0.8571428571428571,66.98901098901099,False,Low
2024-03-01,SKU041,234,279,11,85,293,1327418.82,78.15384615384616,2.994094488188976,True,False,1.5714285714285714,122.81318681318682,False,Medium
2024-04-01,SKU041,179,159,3,69,135,1015418.67,78.15384615384616,2.290354330708661,False,False,0.42857142857142855,33.494505494505496,False,Low
2024-05-01,SKU041,480,764,13,146,401,2722910.4,78.15384615384616,6.141732283464567,False,False,1.8571428571428572,145.14285714285717,False,Low
2024-06-01,SKU041,449,392,11,146,360,2547055.77,78.15384615384616,5.74507874015748,False,False,1.5714285714285714,122.81318681318682,False,Low
2024-07-01,SKU041,746,322,12,149,413,4231856.58,78.15384615384616,9.54527559055118,False,False,1.7142857142857142,133.97802197802199,False,Low
2024-08-01,SKU041,123,254,3,106,156,697745.79,78.15384615384616,1.5738188976377951,True,False,0.42857142857142855,33.494505494505496,False,Medium
2024-09-01,SKU041,168,457,10,88,236,953018.64,78.15384615384616,2.149606299212598,True,False,1.4285714285714286,111.64835164835166,False,Medium
2024-10-01,SKU041,248,219,4,61,126,1406837.04,78.15384615384616,3.1732283464566926,False,False,0.5714285714285714,44.659340659340664,False,Low
2024-11-01,SKU041,330,260,11,85,238,1872000.9,78.15384615384616,4.22244094488189,False,False,1.5714285714285714,122.81318681318682,False,Low
2024-12-01,SKU041,222,206,13,96,286,1259346.06,78.15384615384616,2.840551181102362,True,False,1.8571428571428572,145.14285714285717,False,Medium
2025-01-01,SKU041,329,151,6,82,167,1866328.17,78.15384615384616,4.209645669291338,False,False,0.8571428571428571,66.98901098901099,False,Low
2025-02-01,SKU041,186,33,7,129,247,1055127.78,78.15384615384616,2.3799212598425195,True,False,1.0,78.15384615384616,False,Medium
2025-03-01,SKU041,110,436,11,80,278,624000.3,78.15384615384616,1.4074803149606299,True,False,1.5714285714285714,122.81318681318682,True,Medium
2025-04-01,SKU041,737,235,6,126,259,4180802.01,78.15384615384616,9.43011811023622,False,False,0.8571428571428571,66.98901098901099,False,Low
2025-05-01,SKU041,327,1,4,58,134,1854982.71,78.15384615384616,4.184055118110236,False,False,0.5714285714285714,44.659340659340664,False,Low
2025-06-01,SKU041,476,429,11,75,290,2700219.48,78.15384615384616,6.090551181102362,False,False,1.5714285714285714,122.81318681318682,False,Low
2025-07-01,SKU041,620,70,14,145,424,3517092.6,78.15384615384616,7.9330708661417315,False,False,2.0,156.30769230769232,False,Low
2025-08-01,SKU041,145,50,10,97,271,822545.85,78.15384615384616,1.855314960629921,True,False,1.4285714285714286,111.64835164835166,False,Medium
2025-09-01,SKU041,324,195,3,96,143,1837964.52,78.15384615384616,4.145669291338582,False,False,0.42857142857142855,33.494505494505496,False,Low
2025-10-01,SKU041,469,261,12,63,250,2660510.37,78.15384615384616,6.000984251968504,False,False,1.7142857142857142,133.97802197802199,False,Low
2025-11-01,SKU041,292,418,14,97,311,1656437.16,78.15384615384616,3.7362204724409445,True,False,2.0,156.30769230769232,False,Medium
2025-12-01,SKU041,440,40,4,78,139,2496001.2,78.15384615384616,5.6299212598425195,False,False,0.5714285714285714,44.659340659340664,False,Low
2024-01-01,SKU042,15,26,9,6,15,116416.8,159.22115384615384,0.09420858747508908,True,False,1.2857142857142858,204.7129120879121,True,Medium
2024-02-01,SKU042,70,86,4,37,67,543278.4,159.22115384615384,0.439640074883749,False,False,0.5714285714285714,90.98351648351648,True,Medium
2024-03-01,SKU042,72,50,10,62,141,558800.64,159.22115384615384,0.4522012198804276,True,False,1.4285714285714286,227.4587912087912,True,Medium
2024-04-01,SKU042,164,37,5,44,92,1272823.68,159.22115384615384,1.0300138897276405,False,False,0.7142857142857143,113.7293956043956,False,Low
2024-05-01,SKU042,170,50,3,51,78,1319390.4,159.22115384615384,1.0676973247176762,False,False,0.42857142857142855,68.23763736263736,False,Low
2024-06-01,SKU042,271,295,14,39,156,2103263.52,159.22115384615384,1.7020351470499426,False,False,2.0,318.4423076923077,True,Medium
2024-07-01,SKU042,123,197,14,63,185,954617.76,159.22115384615384,0.7725104172957304,True,False,2.0,318.4423076923077,True,Medium
2024-08-01,SKU042,188,97,7,45,96,1459090.56,159.22115384615384,1.180747629687783,False,False,1.0,159.22115384615384,False,Low
2024-09-01,SKU042,228,132,8,38,95,1769535.36,159.22115384615384,1.431970529621354,False,False,1.1428571428571428,181.96703296703296,False,Low
2024-10-01,SKU042,233,11,4,48,76,1808340.96,159.22115384615384,1.4633733921130503,False,False,0.5714285714285714,90.98351648351648,False,Low
2024-11-01,SKU042,161,26,3,38,56,1249540.32,159.22115384615384,1.0111721722326228,False,False,0.42857142857142855,68.23763736263736,False,Low
2024-12-01,SKU042,95,68,11,46,117,737306.4,159.22115384615384,0.5966543873422309,True,False,1.5714285714285714,250.2046703296703,True,Medium
2025-01-01,SKU042,65,24,12,29,101,504472.8,159.22115384615384,0.4082372123920527,True,False,1.7142857142857142,272.95054945054943,True,Medium
2025-02-01,SKU042,226,108,9,54,125,1754013.12,159.22115384615384,1.4194093846246754,False,False,1.2857142857142858,204.7129120879121,False,Low
2025-03-01,SKU042,215,42,3,61,86,1668640.8,159.22115384615384,1.3503230871429435,False,False,0.42857142857142855,68.23763736263736,False,Low
2025-04-01,SKU042,272,38,8,43,113,2111024.64,159.22115384615384,1.7083157195482819,False,False,1.1428571428571428,181.96703296703296,False,Low
2025-05-01,SKU042,224,150,9,57,141,1738490.88,159.22115384615384,1.4068482396279969,False,False,1.2857142857142858,204.7129120879121,False,Low
2025-06-01,SKU042,117,126,4,38,75,908051.04,159.22115384615384,0.7348269823056948,False,False,0.5714285714285714,90.98351648351648,False,Low
2025-07-01,SKU042,186,40,8,37,106,1443568.32,159.22115384615384,1.1681864846911045,False,False,1.1428571428571428,181.96703296703296,False,Low
2025-08-01,SKU042,116,68,3,19,38,900289.92,159.22115384615384,0.7285464098073555,False,False,0.42857142857142855,68.23763736263736,False,Low
2025-09-01,SKU042,206,190,13,41,123,1598790.72,159.22115384615384,1.29379793465789,False,False,1.8571428571428572,295.69642857142856,True,Medium
2025-10-01,SKU042,70,82,8,53,109,543278.4,159.22115384615384,0.439640074883749,True,False,1.1428571428571428,181.96703296703296,True,Medium
2025-11-01,SKU042,151,48,8,44,96,1171929.12,159.22115384615384,0.94836644724923,False,False,1.1428571428571428,181.96703296703296,True,Medium
2025-12-01,SKU042,90,120,6,41,88,698500.8,159.22115384615384,0.5652515248505344,False,False,0.8571428571428571,136.47527472527472,True,Medium
2024-01-01,SKU043,17,2,13,5,18,63453.35,155.77884615384616,0.10912906610703042,True,False,1.8571428571428572,289.30357142857144,True,Medium
2024-02-01,SKU043,114,410,5,97,208,425510.7,155.77884615384616,0.7318066786000864,True,False,0.7142857142857143,111.27060439560441,False,Medium
2024-03-01,SKU043,165,429,9,125,336,615870.75,155.77884615384616,1.0591938769211777,True,False,1.2857142857142858,200.28708791208794,True,Medium
2024-04-01,SKU043,340,841,13,141,494,1269067.0,155.77884615384616,2.1825813221406083,True,False,1.8571428571428572,289.30357142857144,False,Medium
2024-05-01,SKU043,534,236,13,80,422,1993181.7,155.77884615384616,3.4279365471267202,False,False,1.8571428571428572,289.30357142857144,False,Low
2024-06-01,SKU043,553,22,12,86,399,2064100.15,155.77884615384616,3.5499043268934014,False,False,1.7142857142857142,267.04945054945057,False,Low
2024-07-01,SKU043,873,729,13,117,454,3258516.15,155.77884615384616,5.604098512437504,False,False,1.8571428571428572,289.30357142857144,False,Low
2024-08-01,SKU043,444,39,11,64,300,1657252.2,155.77884615384616,2.8501944324424415,False,False,1.5714285714285714,244.79532967032966,False,Low
2024-09-01,SKU043,188,117,5,125,222,701719.4,155.77884615384616,1.20683908400716,True,False,0.7142857142857143,111.27060439560441,False,Medium
2024-10-01,SKU043,466,28,9,104,287,1739368.3,155.77884615384616,2.991420282698599,False,False,1.2857142857142858,200.28708791208794,False,Low
2024-11-01,SKU043,104,213,11,138,336,388185.2,155.77884615384616,0.6676131103018332,True,True,1.5714285714285714,244.79532967032966,True,High
2024-12-01,SKU043,338,353,4,107,193,1261601.9,155.77884615384616,2.169742608480958,False,False,0.5714285714285714,89.01648351648352,False,Low
2025-01-01,SKU043,425,218,11,114,325,1586333.75,155.77884615384616,2.728226652675761,False,False,1.5714285714285714,244.79532967032966,False,Low
2025-02-01,SKU043,589,11,10,120,317,2198471.95,155.77884615384616,3.781001172767113,False,False,1.4285714285714286,222.54120879120882,False,Low
2025-03-01,SKU043,428,7,8,80,281,1597531.4,155.77884615384616,2.7474847231652366,False,False,1.1428571428571428,178.03296703296704,False,Low
2025-04-01,SKU043,785,470,13,166,534,2930051.75,155.77884615384616,5.039195111412876,False,False,1.8571428571428572,289.30357142857144,False,Low
2025-05-01,SKU043,213,479,6,117,273,795033.15,155.77884615384616,1.367323004752793,True,False,0.8571428571428571,133.52472527472528,False,Medium
2025-06-01,SKU043,490,465,5,195,326,1828949.5,155.77884615384616,3.1454848466144063,False,False,0.7142857142857143,111.27060439560441,False,Low
2025-07-01,SKU043,565,297,12,176,505,2108890.75,155.77884615384616,3.6269366088513055,False,False,1.7142857142857142,267.04945054945057,False,Low
2025-08-01,SKU043,337,437,5,156,264,1257869.35,155.77884615384616,2.1633232516511325,False,False,0.7142857142857143,111.27060439560441,False,Low
2025-09-01,SKU043,617,326,12,66,320,2302983.35,155.77884615384616,3.960743164002222,False,False,1.7142857142857142,267.04945054945057,False,Low
2025-10-01,SKU043,540,528,11,63,276,2015577.0,155.77884615384616,3.4664526881056723,False,False,1.5714285714285714,244.79532967032966,False,Low
2025-11-01,SKU043,112,491,10,75,251,418045.6,155.77884615384616,0.7189679649404358,True,False,1.4285714285714286,222.54120879120882,True,Medium
2025-12-01,SKU043,559,211,12,142,393,2086495.45,155.77884615384616,3.5884204678723535,False,False,1.7142857142857142,267.04945054945057,False,Low
2024-01-01,SKU044,27,6,13,5,18,26919.81,68.51923076923077,0.3940499579006455,False,False,1.8571428571428572,127.25000000000001,True,Medium
2024-02-01,SKU044,257,185,14,27,136,256236.71,68.51923076923077,3.750771821498737,False,False,2.0,137.03846153846155,False,Low
2024-03-01,SKU044,47,64,3,44,68,46860.41,68.51923076923077,0.6859388156048274,True,False,0.42857142857142855,29.365384615384617,False,Medium
2024-04-01,SKU044,143,148,3,81,112,142575.29,68.51923076923077,2.0870053325849,False,False,0.42857142857142855,29.365384615384617,False,Low
2024-05-01,SKU044,205,170,7,52,118,204391.15,68.51923076923077,2.991860791467864,False,False,1.0,68.51923076923077,False,Low
2024-06-01,SKU044,321,323,14,67,205,320046.63,68.51923076923077,4.684816166152118,False,False,2.0,137.03846153846155,False,Low
2024-07-01,SKU044,60,26,3,45,74,59821.8,68.51923076923077,0.8756665731125456,True,False,0.42857142857142855,29.365384615384617,False,Medium
2024-08-01,SKU044,194,231,10,65,147,193423.82,68.51923076923077,2.831321919730564,False,False,1.4285714285714286,97.88461538461539,False,Low
2024-09-01,SKU044,73,164,10,37,105,72783.19,68.51923076923077,1.0653943306202638,True,False,1.4285714285714286,97.88461538461539,True,Medium
2024-10-01,SKU044,174,31,11,55,138,173483.22,68.51923076923077,2.539433062026382,False,False,1.5714285714285714,107.67307692307693,False,Low
2024-11-01,SKU044,53,201,11,30,111,52842.59,68.51923076923077,0.7735054729160818,True,False,1.5714285714285714,107.67307692307693,True,Medium
2024-12-01,SKU044,129,102,10,35,118,128616.87,68.51923076923077,1.882683132191973,False,False,1.4285714285714286,97.88461538461539,False,Low
2025-01-01,SKU044,193,49,6,36,80,192426.79,68.51923076923077,2.816727476845355,False,False,0.8571428571428571,58.73076923076923,False,Low
2025-02-01,SKU044,165,7,4,24,54,164509.95,68.51923076923077,2.4080830760595004,False,False,0.5714285714285714,39.15384615384615,False,Low
2025-03-01,SKU044,170,125,8,47,119,169495.1,68.51923076923077,2.481055290485546,False,False,1.1428571428571428,78.3076923076923,False,Low
2025-04-01,SKU044,191,337,12,63,190,190432.73,68.51923076923077,2.7875385910749366,False,False,1.7142857142857142,117.46153846153847,False,Low
2025-05-01,SKU044,219,338,13,52,184,218349.57,68.51923076923077,3.196182991860791,False,False,1.8571428571428572,127.25000000000001,False,Low
2025-06-01,SKU044,54,239,9,47,128,53839.62,68.51923076923077,0.788099915801291,True,False,1.2857142857142858,88.09615384615385,True,Medium
2025-07-01,SKU044,268,105,7,39,101,267204.04,68.51923076923077,3.911310693236037,False,False,1.0,68.51923076923077,False,Low
2025-08-01,SKU044,297,88,12,49,155,296117.91,68.51923076923077,4.3345495369071,False,False,1.7142857142857142,117.46153846153847,False,Low
2025-09-01,SKU044,87,101,6,35,78,86741.61,68.51923076923077,1.269716531013191,False,False,0.8571428571428571,58.73076923076923,False,Low
2025-10-01,SKU044,169,7,7,24,74,168498.07,68.51923076923077,2.4664608476003367,False,False,1.0,68.51923076923077,False,Low
2025-11-01,SKU044,112,13,13,28,110,111667.36,68.51923076923077,1.6345776031434183,False,False,1.8571428571428572,127.25000000000001,True,Medium
2025-12-01,SKU044,223,39,5,55,93,222337.69,68.51923076923077,3.254560763401628,False,False,0.7142857142857143,48.94230769230769,False,Low
2024-01-01,SKU045,16,6,3,7,10,29093.12,178.39423076923077,0.08968899908370613,False,False,0.42857142857142855,76.45467032967032,True,Medium
2024-02-01,SKU045,491,158,7,50,157,892795.12,178.39423076923077,2.752331159381232,False,False,1.0,178.39423076923077,False,Low
2024-03-01,SKU045,453,182,3,75,129,823698.96,178.39423076923077,2.53931978655743,False,False,0.42857142857142855,76.45467032967032,False,Low
2024-04-01,SKU045,198,124,7,61,199,360027.36,178.39423076923077,1.1099013636608634,True,False,1.0,178.39423076923077,False,Medium
2024-05-01,SKU045,547,376,13,109,353,994621.04,178.39423076923077,3.0662426561742038,False,False,1.8571428571428572,331.30357142857144,False,Low
2024-06-01,SKU045,163,184,5,66,162,296386.16,178.39423076923077,0.9137066781652563,False,False,0.7142857142857143,127.42445054945055,False,Low
2024-07-01,SKU045,149,349,12,56,259,270929.68,178.39423076923077,0.8352288039670134,True,False,1.7142857142857142,305.8186813186813,True,Medium
2024-08-01,SKU045,223,246,10,114,261,405485.36,178.39423076923077,1.2500404247291543,True,False,1.4285714285714286,254.8489010989011,True,Medium
2024-09-01,SKU045,466,218,6,47,129,847337.12,178.39423076923077,2.612192098312941,False,False,0.8571428571428571,152.90934065934064,False,Low
2024-10-01,SKU045,416,183,5,81,150,756421.12,178.39423076923077,2.3319139761763594,False,False,0.7142857142857143,127.42445054945055,False,Low
2024-11-01,SKU045,247,389,14,100,284,449125.04,178.39423076923077,1.3845739233547134,True,False,2.0,356.78846153846155,True,Medium
2024-12-01,SKU045,391,164,9,48,167,710963.12,178.39423076923077,2.1917749151080685,False,False,1.2857142857142858,229.364010989011,False,Low
2025-01-01,SKU045,125,339,6,101,188,227290.0,178.39423076923077,0.7006953053414542,True,False,0.8571428571428571,152.90934065934064,True,Medium
2025-02-01,SKU045,229,577,14,105,322,416395.28,178.39423076923077,1.283673799385544,True,False,2.0,356.78846153846155,True,Medium
2025-03-01,SKU045,376,215,9,87,241,683688.32,178.39423076923077,2.1076914784670944,False,False,1.2857142857142858,229.364010989011,False,Low
2025-04-01,SKU045,98,0,3,71,128,178195.36,178.39423076923077,0.5493451193877001,True,False,0.42857142857142855,76.45467032967032,False,Medium
2025-05-01,SKU045,471,283,9,53,210,856428.72,178.39423076923077,2.6402199105265995,False,False,1.2857142857142858,229.364010989011,False,Low
2025-06-01,SKU045,496,303,8,128,265,901886.72,178.39423076923077,2.7803589715948904,False,False,1.1428571428571428,203.87912087912088,False,Low
2025-07-01,SKU045,352,159,6,58,168,640048.64,178.39423076923077,1.973157979841535,False,False,0.8571428571428571,152.90934065934064,False,Low
2025-08-01,SKU045,234,268,10,73,234,425486.88,178.39423076923077,1.3117016115992022,True,False,1.4285714285714286,254.8489010989011,True,Medium
2025-09-01,SKU045,104,279,9,82,217,189105.28,178.39423076923077,0.5829784940440899,True,False,1.2857142857142858,229.364010989011,True,Medium
2025-10-01,SKU045,216,224,14,43,240,392757.12,178.39423076923077,1.2108014876300328,True,False,2.0,356.78846153846155,True,Medium
2025-11-01,SKU045,284,121,13,70,227,516402.88,178.39423076923077,1.591979733735784,False,False,1.8571428571428572,331.30357142857144,True,Medium
2025-12-01,SKU045,307,142,4,88,142,558224.24,178.39423076923077,1.7209076699186114,False,False,0.5714285714285714,101.93956043956044,False,Low
2024-01-01,SKU046,22,21,9,5,14,104256.9,64.84615384615384,0.33926453143534996,False,False,1.2857142857142858,83.37362637362637,True,Medium
2024-02-01,SKU046,89,167,12,82,234,421766.55,64.84615384615384,1.372479240806643,True,False,1.7142857142857142,111.16483516483515,True,Medium
2024-03-01,SKU046,456,53,9,64,194,2160961.2,64.84615384615384,7.03202846975089,False,False,1.2857142857142858,83.37362637362637,False,Low
2024-04-01,SKU046,256,194,5,76,155,1213171.2,64.84615384615384,3.9478054567022545,False,False,0.7142857142857143,46.318681318681314,False,Low
2024-05-01,SKU046,142,103,14,51,258,672930.9,64.84615384615384,2.1897983392645317,True,False,2.0,129.69230769230768,False,Medium
2024-06-01,SKU046,250,163,13,45,234,1184737.5,64.84615384615384,3.855278766310795,False,False,1.8571428571428572,120.42857142857142,False,Low
2024-07-01,SKU046,372,398,12,98,281,1762889.4,64.84615384615384,5.736654804270463,False,False,1.7142857142857142,111.16483516483515,False,Low
2024-08-01,SKU046,108,455,14,93,262,511806.6,64.84615384615384,1.6654804270462635,True,False,2.0,129.69230769230768,True,Medium
2024-09-01,SKU046,147,273,10,89,211,696625.65,64.84615384615384,2.2669039145907477,True,False,1.4285714285714286,92.63736263736263,False,Medium
2024-10-01,SKU046,226,47,5,36,90,1071002.7,64.84615384615384,3.485172004744959,False,False,0.7142857142857143,46.318681318681314,False,Low
2024-11-01,SKU046,317,52,3,88,121,1502247.15,64.84615384615384,4.888493475682088,False,False,0.42857142857142855,27.79120879120879,False,Low
2024-12-01,SKU046,156,140,4,65,112,739276.2,64.84615384615384,2.405693950177936,False,False,0.5714285714285714,37.05494505494505,False,Low
2025-01-01,SKU046,110,46,11,45,175,521284.5,64.84615384615384,1.6963226571767498,True,False,1.5714285714285714,101.90109890109889,False,Medium
2025-02-01,SKU046,212,277,11,63,205,1004657.4,64.84615384615384,3.269276393831554,False,False,1.5714285714285714,101.90109890109889,False,Low
2025-03-01,SKU046,326,226,9,100,223,1544897.7,64.84615384615384,5.027283511269277,False,False,1.2857142857142858,83.37362637362637,False,Low
2025-04-01,SKU046,129,85,5,120,198,611324.55,64.84615384615384,1.9893238434163703,True,False,0.7142857142857143,46.318681318681314,False,Medium
2025-05-01,SKU046,517,32,14,94,307,2450037.15,64.84615384615384,7.9727164887307245,False,False,2.0,129.69230769230768,False,Low
2025-06-01,SKU046,321,297,13,81,277,1521202.95,64.84615384615384,4.950177935943061,False,False,1.8571428571428572,120.42857142857142,False,Low
2025-07-01,SKU046,125,316,3,126,176,592368.75,64.84615384615384,1.9276393831553975,True,True,0.42857142857142855,27.79120879120879,False,High
2025-08-01,SKU046,305,163,5,71,135,1445379.75,64.84615384615384,4.70344009489917,False,False,0.7142857142857143,46.318681318681314,False,Low
2025-09-01,SKU046,323,23,5,62,122,1530680.85,64.84615384615384,4.981020166073547,False,False,0.7142857142857143,46.318681318681314,False,Low
2025-10-01,SKU046,246,47,5,75,131,1165781.7,64.84615384615384,3.7935943060498225,False,False,0.7142857142857143,46.318681318681314,False,Low
2025-11-01,SKU046,257,56,8,31,113,1217910.15,64.84615384615384,3.9632265717674975,False,False,1.1428571428571428,74.1098901098901,False,Low
2025-12-01,SKU046,119,182,4,46,96,563935.05,64.84615384615384,1.8351126927639385,False,False,0.5714285714285714,37.05494505494505,False,Low
2024-01-01,SKU047,23,11,4,7,11,140956.19,104.00961538461539,0.2211334011278543,False,False,0.5714285714285714,59.434065934065934,True,Medium
2024-02-01,SKU047,59,135,9,32,94,361583.27,104.00961538461539,0.5672552463714523,True,False,1.2857142857142858,133.72664835164835,True,Medium
2024-03-01,SKU047,56,99,6,38,83,343197.68,104.00961538461539,0.5384117592678191,True,False,0.8571428571428571,89.1510989010989,True,Medium
2024-04-01,SKU047,119,58,4,36,65,729295.07,104.00961538461539,1.1441249884441158,False,False,0.5714285714285714,59.434065934065934,False,Low
2024-05-01,SKU047,52,271,14,59,166,318683.56,104.00961538461539,0.49995377646297495,True,True,2.0,208.01923076923077,True,High
2024-06-01,SKU047,108,9,7,23,72,661881.24,104.00961538461539,1.0383655357307942,False,False,1.0,104.00961538461539,False,Low
2024-07-01,SKU047,95,160,8,43,105,582210.35,104.00961538461539,0.9133770916150503,True,False,1.1428571428571428,118.86813186813187,True,Medium
2024-08-01,SKU047,177,71,4,40,65,1084749.81,104.00961538461539,1.701765739114357,False,False,0.5714285714285714,59.434065934065934,False,Low
2024-09-01,SKU047,99,8,4,25,49,606724.47,104.00961538461539,0.9518350744198946,False,False,0.5714285714285714,59.434065934065934,False,Low
2024-10-01,SKU047,149,90,3,41,59,913150.97,104.00961538461539,1.4325598594804474,False,False,0.42857142857142855,44.57554945054945,False,Low
2024-11-01,SKU047,44,113,7,30,65,269655.32,104.00961538461539,0.4230378108532865,True,False,1.0,104.00961538461539,True,Medium
2024-12-01,SKU047,98,30,7,42,83,600595.94,104.00961538461539,0.9422205787186836,False,False,1.0,104.00961538461539,True,Medium
2025-01-01,SKU047,191,38,8,31,75,1170549.23,104.00961538461539,1.8363686789313118,False,False,1.1428571428571428,118.86813186813187,False,Low
2025-02-01,SKU047,168,23,7,46,94,1029593.04,104.00961538461539,1.6152352778034575,False,False,1.0,104.00961538461539,False,Low
2025-03-01,SKU047,148,116,3,57,79,907022.44,104.00961538461539,1.4229453637792364,False,False,0.42857142857142855,44.57554945054945,False,Low
2025-04-01,SKU047,162,40,13,39,150,992821.86,104.00961538461539,1.5575483035961912,False,False,1.8571428571428572,193.1607142857143,True,Medium
2025-05-01,SKU047,120,113,11,48,127,735423.6,104.00961538461539,1.1537394841453268,True,False,1.5714285714285714,163.4436813186813,True,Medium
2025-06-01,SKU047,53,162,6,43,85,324812.09,104.00961538461539,0.509568272164186,True,False,0.8571428571428571,89.1510989010989,True,Medium
2025-07-01,SKU047,70,198,10,49,124,428997.1,104.00961538461539,0.673014699084774,True,False,1.4285714285714286,148.58516483516485,True,Medium
2025-08-01,SKU047,148,68,3,35,55,907022.44,104.00961538461539,1.4229453637792364,False,False,0.42857142857142855,44.57554945054945,False,Low
2025-09-01,SKU047,176,21,5,20,49,1078621.28,104.00961538461539,1.692151243413146,False,False,0.7142857142857143,74.29258241758242,False,Low
2025-10-01,SKU047,91,75,14,31,110,557696.23,104.00961538461539,0.8749191088102062,True,False,2.0,208.01923076923077,True,Medium
2025-11-01,SKU047,98,125,8,44,88,600595.94,104.00961538461539,0.9422205787186836,False,False,1.1428571428571428,118.86813186813187,True,Medium
2025-12-01,SKU047,201,129,9,44,99,1231834.53,104.00961538461539,1.9325136359434223,False,False,1.2857142857142858,133.72664835164835,False,Low
2024-01-01,SKU048,15,10,8,5,13,53980.8,59.17307692307692,0.25349366265843354,False,False,1.1428571428571428,67.62637362637362,True,Medium
2024-02-01,SKU048,134,20,6,24,47,482228.48,59.17307692307692,2.26454338641534,False,False,0.8571428571428571,50.71978021978021,False,Low
2024-03-01,SKU048,70,12,5,25,43,251910.4,59.17307692307692,1.1829704257393565,False,False,0.7142857142857143,42.26648351648352,False,Low
2024-04-01,SKU048,73,46,4,21,39,262706.56,59.17307692307692,1.2336691582710433,False,False,0.5714285714285714,33.81318681318681,False,Low
2024-05-01,SKU048,112,91,12,20,67,403056.64,59.17307692307692,1.8927526811829705,False,False,1.7142857142857142,101.43956043956042,False,Low
2024-06-01,SKU048,59,103,8,17,53,212324.48,59.17307692307692,0.997075073123172,False,False,1.1428571428571428,67.62637362637362,True,Medium
2024-07-01,SKU048,32,141,10,29,74,115159.04,59.17307692307692,0.5407864803379916,True,False,1.4285714285714286,84.53296703296704,True,Medium
2024-08-01,SKU048,65,63,12,33,85,233916.8,59.17307692307692,1.0984725381865454,True,False,1.7142857142857142,101.43956043956042,True,Medium
2024-09-01,SKU048,54,60,9,16,44,194330.88,59.17307692307692,0.9125771855703608,False,False,1.2857142857142858,76.07967032967034,True,Medium
2024-10-01,SKU048,73,29,12,14,57,262706.56,59.17307692307692,1.2336691582710433,False,False,1.7142857142857142,101.43956043956042,True,Medium
2024-11-01,SKU048,58,89,13,19,61,208725.76,59.17307692307692,0.9801754956126097,True,False,1.8571428571428572,109.89285714285714,True,Medium
2024-12-01,SKU048,43,40,8,20,49,154744.96,59.17307692307692,0.7266818329541762,True,False,1.1428571428571428,67.62637362637362,True,Medium
2025-01-01,SKU048,94,55,6,27,50,338279.68,59.17307692307692,1.5885602859928503,False,False,0.8571428571428571,50.71978021978021,False,Low
2025-02-01,SKU048,46,23,11,16,53,165541.12,59.17307692307692,0.7773805654858629,True,False,1.5714285714285714,92.98626373626372,True,Medium
2025-03-01,SKU048,109,55,7,26,53,392260.48,59.17307692307692,1.842053948651284,False,False,1.0,59.17307692307692,False,Low
2025-04-01,SKU048,90,26,10,28,77,323884.8,59.17307692307692,1.5209619759506012,False,False,1.4285714285714286,84.53296703296704,False,Low
2025-05-01,SKU048,83,53,5,15,37,298693.76,59.17307692307692,1.4026649333766656,False,False,0.7142857142857143,42.26648351648352,False,Low
2025-06-01,SKU048,121,92,13,32,84,435445.12,59.17307692307692,2.044848878778031,False,False,1.8571428571428572,109.89285714285714,False,Low
2025-07-01,SKU048,55,78,5,22,43,197929.6,59.17307692307692,0.929476763080923,False,False,0.7142857142857143,42.26648351648352,False,Low
2025-08-01,SKU048,31,23,13,15,58,111560.32,59.17307692307692,0.5238869028274293,True,False,1.8571428571428572,109.89285714285714,True,Medium
2025-09-01,SKU048,99,22,5,15,30,356273.28,59.17307692307692,1.6730581735456616,False,False,0.7142857142857143,42.26648351648352,False,Low
2025-10-01,SKU048,70,4,3,20,31,251910.4,59.17307692307692,1.1829704257393565,False,False,0.42857142857142855,25.359890109890106,False,Low
2025-11-01,SKU048,73,59,7,17,37,262706.56,59.17307692307692,1.2336691582710433,False,False,1.0,59.17307692307692,False,Low
2025-12-01,SKU048,106,50,3,22,31,381464.32,59.17307692307692,1.7913552161195971,False,False,0.42857142857142855,25.359890109890106,False,Low
2024-01-01,SKU049,11,1,11,5,16,58149.41,176.21153846153845,0.0624249699879952,True,False,1.5714285714285714,276.90384615384613,True,Medium
2024-02-01,SKU049,730,566,5,167,327,3859006.3,176.21153846153845,4.142748008294227,False,False,0.7142857142857143,125.86538461538461,False,Low
2024-03-01,SKU049,813,310,3,216,309,4297770.03,176.21153846153845,4.613772781840009,False,False,0.42857142857142855,75.51923076923076,False,Low
2024-04-01,SKU049,697,321,4,184,336,3684558.07,176.21153846153845,3.9554730983302413,False,False,0.5714285714285714,100.69230769230768,False,Low
2024-05-01,SKU049,456,207,8,112,391,2410557.36,176.21153846153845,2.587798755865983,False,False,1.1428571428571428,201.38461538461536,False,Low
2024-06-01,SKU049,418,536,5,138,314,2209677.58,176.21153846153845,2.3721488595438176,False,False,0.7142857142857143,125.86538461538461,False,Low
2024-07-01,SKU049,856,822,7,293,552,4525081.36,176.21153846153845,4.857797664520354,False,False,1.0,176.21153846153845,False,Low
2024-08-01,SKU049,635,127,8,231,463,3356806.85,176.21153846153845,3.603623267488814,False,False,1.1428571428571428,201.38461538461536,False,Low
2024-09-01,SKU049,471,170,9,215,457,2489852.01,176.21153846153845,2.672923714940522,False,False,1.2857142857142858,226.55769230769232,False,Low
2024-10-01,SKU049,832,178,8,186,405,4398209.92,176.21153846153845,4.721597730001092,False,False,1.1428571428571428,201.38461538461536,False,Low
2024-11-01,SKU049,307,215,5,73,190,1622897.17,176.21153846153845,1.7422241623922297,False,False,0.7142857142857143,125.86538461538461,False,Low
2024-12-01,SKU049,180,456,12,131,461,951535.8,176.21153846153845,1.021499508894467,True,False,1.7142857142857142,302.07692307692304,True,Medium
2025-01-01,SKU049,408,532,13,90,467,2156814.48,176.21153846153845,2.315398886827458,True,False,1.8571428571428572,327.25,False,Medium
2025-02-01,SKU049,267,159,3,126,215,1411444.77,176.21153846153845,1.5152242715267925,False,False,0.42857142857142855,75.51923076923076,False,Low
2025-03-01,SKU049,182,497,12,126,495,962108.42,176.21153846153845,1.0328495034377387,True,False,1.7142857142857142,302.07692307692304,True,Medium
2025-04-01,SKU049,806,632,8,177,476,4260765.86,176.21153846153845,4.5740478009385575,False,False,1.1428571428571428,201.38461538461536,False,Low
2025-05-01,SKU049,407,723,10,199,552,2151528.17,176.21153846153845,2.3097238895558223,True,False,1.4285714285714286,251.73076923076923,False,Medium
2025-06-01,SKU049,720,860,12,252,672,3806143.2,176.21153846153845,4.085998035577868,False,False,1.7142857142857142,302.07692307692304,False,Low
2025-07-01,SKU049,1119,127,5,195,372,5915380.89,176.21153846153845,6.3503219469606025,False,False,0.7142857142857143,125.86538461538461,False,Low
2025-08-01,SKU049,674,344,5,239,392,3562972.94,176.21153846153845,3.8249481610826153,False,False,0.7142857142857143,125.86538461538461,False,Low
2025-09-01,SKU049,349,247,10,136,408,1844922.19,176.21153846153845,1.9805740478009386,True,False,1.4285714285714286,251.73076923076923,False,Medium
2025-10-01,SKU049,751,177,14,99,491,3970018.81,176.21153846153845,4.261922950998581,False,False,2.0,352.4230769230769,False,Low
2025-11-01,SKU049,410,337,12,113,407,2167387.1,176.21153846153845,2.3267488813707304,False,False,1.7142857142857142,302.07692307692304,False,Low
2025-12-01,SKU049,780,599,5,206,344,4123321.8,176.21153846153845,4.426497871876023,False,False,0.7142857142857143,125.86538461538461,False,Low
2024-01-01,SKU050,19,18,11,6,17,65977.69,43.36538461538461,0.4381374722838138,False,False,1.5714285714285714,68.1456043956044,True,Medium
2024-02-01,SKU050,312,154,5,114,205,1083423.12,43.36538461538461,7.194678492239468,False,False,0.7142857142857143,30.975274725274723,False,Low
2024-03-01,SKU050,458,35,4,108,186,1590409.58,43.36538461538461,10.561419068736143,False,False,0.5714285714285714,24.780219780219777,False,Low
2024-04-01,SKU050,214,491,4,172,258,743117.14,43.36538461538461,4.934811529933482,True,False,0.5714285714285714,24.780219780219777,False,Medium
2024-05-01,SKU050,621,258,7,86,220,2156428.71,43.36538461538461,14.320177383592018,False,False,1.0,43.36538461538461,False,Low
2024-06-01,SKU050,504,179,5,155,255,1750145.04,43.36538461538461,11.622172949002218,False,False,0.7142857142857143,30.975274725274723,False,Low
2024-07-01,SKU050,440,147,12,152,400,1527904.4,43.36538461538461,10.146341463414634,False,False,1.7142857142857142,74.34065934065933,False,Low
2024-08-01,SKU050,360,104,6,83,186,1250103.6,43.36538461538461,8.301552106430156,False,False,0.8571428571428571,37.170329670329664,False,Low
2024-09-01,SKU050,116,133,8,69,191,402811.16,43.36538461538461,2.6749445676274948,True,False,1.1428571428571428,49.560439560439555,False,Medium
2024-10-01,SKU050,372,380,9,59,205,1291773.72,43.36538461538461,8.578270509977827,False,False,1.2857142857142858,55.755494505494504,False,Low
2024-11-01,SKU050,296,364,8,103,222,1027862.96,43.36538461538461,6.8257206208425725,False,False,1.1428571428571428,49.560439560439555,False,Low
2024-12-01,SKU050,160,268,8,56,183,555601.6,43.36538461538461,3.689578713968958,True,False,1.1428571428571428,49.560439560439555,False,Medium
2025-01-01,SKU050,500,101,11,51,230,1736255.0,43.36538461538461,11.529933481152995,False,False,1.5714285714285714,68.1456043956044,False,Low
2025-02-01,SKU050,547,381,11,54,245,1899462.97,43.36538461538461,12.613747228381376,False,False,1.5714285714285714,68.1456043956044,False,Low
2025-03-01,SKU050,552,272,6,76,198,1916825.52,43.36538461538461,12.729046563192906,False,False,0.8571428571428571,37.170329670329664,False,Low
2025-04-01,SKU050,456,87,5,118,235,1583464.56,43.36538461538461,10.51529933481153,False,False,0.7142857142857143,30.975274725274723,False,Low
2025-05-01,SKU050,684,96,9,121,309,2375196.84,43.36538461538461,15.772949002217295,False,False,1.2857142857142858,55.755494505494504,False,Low
2025-06-01,SKU050,370,439,14,151,440,1284828.7,43.36538461538461,8.532150776053216,True,False,2.0,86.73076923076923,False,Medium
2025-07-01,SKU050,202,220,7,106,249,701447.02,43.36538461538461,4.658093126385809,True,False,1.0,43.36538461538461,False,Medium
2025-08-01,SKU050,499,98,9,59,207,1732782.49,43.36538461538461,11.506873614190688,False,False,1.2857142857142858,55.755494505494504,False,Low
2025-09-01,SKU050,405,45,14,113,355,1406366.55,43.36538461538461,9.339246119733925,False,False,2.0,86.73076923076923,False,Low
2025-10-01,SKU050,519,206,4,105,172,1802232.69,43.36538461538461,11.968070953436808,False,False,0.5714285714285714,24.780219780219777,False,Low
2025-11-01,SKU050,94,132,13,87,266,326415.94,43.36538461538461,2.167627494456763,True,False,1.8571428571428572,80.53571428571428,False,Medium
2025-12-01,SKU050,328,525,14,69,316,1138983.28,43.36538461538461,7.563636363636364,False,False,2.0,86.73076923076923,False,Low
