Fold,SKU,Date,Actual_Units,Model_Forecast,Baseline_Forecast
1,SKU001,2024-12-08,83,82.10253363053135,0.0
1,SKU002,2024-12-08,66,57.77783020779636,0.0
1,SKU003,2024-12-08,38,37.49672979301968,0.0
1,SKU004,2024-12-08,30,24.256831291540482,0.0
1,SKU005,2024-12-08,95,96.84463985945855,0.0
1,SKU006,2024-12-08,44,39.93694523609846,0.0
1,SKU007,2024-12-08,148,144.91130888840237,0.0
1,SKU008,2024-12-08,109,97.4155014757186,0.0
1,SKU009,2024-12-08,55,59.543106209715965,0.0
1,SKU010,2024-12-08,99,94.30370116023082,0.0
1,SKU011,2024-12-08,25,17.827777892799624,0.0
1,SKU012,2024-12-08,147,166.0793034776356,0.0
1,SKU013,2024-12-08,95,90.00906009466905,0.0
1,SKU014,2024-12-08,128,135.9319244780107,0.0
1,SKU015,2024-12-08,29,23.271349924174746,0.0
1,SKU016,2024-12-08,83,98.53815848074765,0.0
1,SKU017,2024-12-08,81,91.01721415640776,0.0
1,SKU018,2024-12-08,182,149.59120022624987,0.0
1,SKU019,2024-12-08,120,101.20186032633362,0.0
1,SKU020,2024-12-08,88,80.92817643722951,0.0
1,SKU021,2024-12-08,55,51.10550447954232,0.0
1,SKU022,2024-12-08,62,59.333275570319636,0.0
1,SKU023,2024-12-08,104,100.81776042723777,0.0
1,SKU024,2024-12-08,76,69.82043118434487,0.0
1,SKU025,2024-12-08,22,15.894294451406289,0.0
1,SKU026,2024-12-08,162,130.39295324779627,0.0
1,SKU027,2024-12-08,153,152.64909561508736,0.0
1,SKU028,2024-12-08,36,33.00591811066905,0.0
1,SKU029,2024-12-08,110,95.08639992348895,0.0
1,SKU030,2024-12-08,30,28.59615655570947,0.0
1,SKU031,2024-12-08,114,103.1148836350012,0.0
1,SKU032,2024-12-08,54,51.83803448629725,0.0
1,SKU033,2024-12-08,107,99.04496523629194,0.0
1,SKU034,2024-12-08,128,130.7950362344663,0.0
1,SKU035,2024-12-08,135,128.92145793590396,0.0
1,SKU036,2024-12-08,26,31.47225820116665,0.0
1,SKU037,2024-12-08,171,146.28006981438796,0.0
1,SKU038,2024-12-08,55,42.99600757289144,0.0
1,SKU039,2024-12-08,14,15.328354636591472,0.0
1,SKU040,2024-12-08,97,96.00162667199561,0.0
1,SKU041,2024-12-08,75,67.99417412609787,0.0
1,SKU042,2024-12-08,159,134.03239431847518,0.0
1,SKU043,2024-12-08,147,131.47937739758723,0.0
1,SKU044,2024-12-08,50,55.19930720131718,0.0
1,SKU045,2024-12-08,151,152.0562654287267,0.0
1,SKU046,2024-12-08,51,51.84854820299486,0.0
1,SKU047,2024-12-08,78,83.09566325537952,0.0
1,SKU048,2024-12-08,50,56.02318780409161,0.0
1,SKU049,2024-12-08,149,140.53246689059043,0.0
1,SKU050,2024-12-08,33,42.3591113641727,0.0
1,SKU001,2024-12-15,94,83.25715440194581,0.0
1,SKU002,2024-12-15,57,60.07124722341414,0.0
1,SKU003,2024-12-15,23,36.89796633931694,0.0
1,SKU004,2024-12-15,33,25.319655246095948,0.0
1,SKU005,2024-12-15,107,97.18104731387172,0.0
1,SKU006,2024-12-15,34,39.04250782940986,0.0
1,SKU007,2024-12-15,137,148.29754238880733,0.0
1,SKU008,2024-12-15,104,101.73249906426922,0.0
1,SKU009,2024-12-15,71,58.23924087866798,0.0
1,SKU010,2024-12-15,106,96.15505655998592,0.0
1,SKU011,2024-12-15,15,17.326066252587992,0.0
1,SKU012,2024-12-15,184,158.3230382561146,0.0
1,SKU013,2024-12-15,94,85.73656736384413,0.0
1,SKU014,2024-12-15,135,133.37585448506513,0.0
1,SKU015,2024-12-15,21,24.148667466615876,0.0
1,SKU016,2024-12-15,71,95.33052495153058,0.0
1,SKU017,2024-12-15,88,88.14172799779179,0.0
1,SKU018,2024-12-15,150,151.34002225530975,0.0
1,SKU019,2024-12-15,97,95.20734740717023,0.0
1,SKU020,2024-12-15,80,80.43564155762834,0.0
1,SKU021,2024-12-15,63,54.69272199776101,0.0
1,SKU022,2024-12-15,70,63.14507273235365,0.0
1,SKU023,2024-12-15,80,96.97721829254323,0.0
1,SKU024,2024-12-15,101,67.13990474806462,0.0
1,SKU025,2024-12-15,24,18.9420081306417,0.0
1,SKU026,2024-12-15,148,138.41889169548574,0.0
1,SKU027,2024-12-15,154,152.98180135827175,0.0
1,SKU028,2024-12-15,48,35.637943161920084,0.0
1,SKU029,2024-12-15,95,101.4490083116657,0.0
1,SKU030,2024-12-15,38,29.68294440720498,0.0
1,SKU031,2024-12-15,107,106.51195458021563,0.0
1,SKU032,2024-12-15,58,51.2325242258883,0.0
1,SKU033,2024-12-15,127,98.78685718056754,0.0
1,SKU034,2024-12-15,137,132.04848061845917,0.0
1,SKU035,2024-12-15,133,130.5042913566973,0.0
1,SKU036,2024-12-15,36,30.43082923079522,0.0
1,SKU037,2024-12-15,173,150.92620574512952,0.0
1,SKU038,2024-12-15,56,43.548412545624295,0.0
1,SKU039,2024-12-15,17,15.824714424951253,0.0
1,SKU040,2024-12-15,90,98.22822860825967,0.0
1,SKU041,2024-12-15,54,65.7804212751244,0.0
1,SKU042,2024-12-15,132,137.47430722488167,0.0
1,SKU043,2024-12-15,133,135.4472186621322,0.0
1,SKU044,2024-12-15,54,52.05703114714179,0.0
1,SKU045,2024-12-15,149,147.72381950176282,0.0
1,SKU046,2024-12-15,63,51.647074714976725,0.0
1,SKU047,2024-12-15,85,83.67274945409426,0.0
1,SKU048,2024-12-15,55,54.48231116449818,0.0
1,SKU049,2024-12-15,150,145.7058388904056,0.0
1,SKU050,2024-12-15,37,40.77669600745348,0.0
1,SKU001,2024-12-22,77,82.94924017703715,0.0
1,SKU002,2024-12-22,59,60.856069637195795,0.0
1,SKU003,2024-12-22,48,38.4865204184169,0.0
1,SKU004,2024-12-22,27,25.384169391621636,0.0
1,SKU005,2024-12-22,110,103.95752973531815,0.0
1,SKU006,2024-12-22,44,37.98009826381528,0.0
1,SKU007,2024-12-22,167,147.30906302445482,0.0
1,SKU008,2024-12-22,82,100.98941096761004,0.0
1,SKU009,2024-12-22,76,58.09602506202424,0.0
1,SKU010,2024-12-22,109,101.00619389770328,0.0
1,SKU011,2024-12-22,20,14.334607142857145,0.0
1,SKU012,2024-12-22,161,161.16225149768184,0.0
1,SKU013,2024-12-22,84,90.7355681211815,0.0
1,SKU014,2024-12-22,141,134.6695431700947,0.0
1,SKU015,2024-12-22,26,23.977495927289663,0.0
1,SKU016,2024-12-22,82,88.80753860022233,0.0
1,SKU017,2024-12-22,80,85.9769408757034,0.0
1,SKU018,2024-12-22,172,153.2697672086652,0.0
1,SKU019,2024-12-22,106,95.87533010260483,0.0
1,SKU020,2024-12-22,81,82.54696614508285,0.0
1,SKU021,2024-12-22,50,55.00153983875359,0.0
1,SKU022,2024-12-22,46,59.08689995685894,0.0
1,SKU023,2024-12-22,90,95.4131750305949,0.0
1,SKU024,2024-12-22,75,78.85293791416517,0.0
1,SKU025,2024-12-22,22,16.087406885268727,0.0
1,SKU026,2024-12-22,131,137.7464883295846,0.0
1,SKU027,2024-12-22,133,155.2350779736317,0.0
1,SKU028,2024-12-22,45,38.64567371446205,0.0
1,SKU029,2024-12-22,109,96.20054363299947,0.0
1,SKU030,2024-12-22,32,29.855844284780517,0.0
1,SKU031,2024-12-22,106,104.30880611156627,0.0
1,SKU032,2024-12-22,59,58.894147089270334,0.0
1,SKU033,2024-12-22,120,104.701453721803,0.0
1,SKU034,2024-12-22,114,135.4398357271104,0.0
1,SKU035,2024-12-22,134,141.01893853406693,0.0
1,SKU036,2024-12-22,25,31.814501481509286,0.0
1,SKU037,2024-12-22,177,156.9600738531412,0.0
1,SKU038,2024-12-22,45,43.664475719983834,0.0
1,SKU039,2024-12-22,13,17.141016012252848,0.0
1,SKU040,2024-12-22,99,99.36530525545038,0.0
1,SKU041,2024-12-22,79,64.70460337468592,0.0
1,SKU042,2024-12-22,122,134.4893128531787,0.0
1,SKU043,2024-12-22,133,135.31582840581962,0.0
1,SKU044,2024-12-22,52,56.48174813056169,0.0
1,SKU045,2024-12-22,159,147.76692225420211,0.0
1,SKU046,2024-12-22,59,53.982940199058476,0.0
1,SKU047,2024-12-22,92,82.95685698638856,0.0
1,SKU048,2024-12-22,41,54.017537093959966,0.0
1,SKU049,2024-12-22,161,143.12853288470006,0.0
1,SKU050,2024-12-22,32,38.58465467660961,0.0
1,SKU001,2024-12-29,105,87.56806508861011,0.0
1,SKU002,2024-12-29,65,57.24955545180838,0.0
1,SKU003,2024-12-29,30,37.47314421551342,0.0
1,SKU004,2024-12-29,28,25.288353665662772,0.0
1,SKU005,2024-12-29,106,107.3763653348025,0.0
1,SKU006,2024-12-29,48,40.28654830685844,0.0
1,SKU007,2024-12-29,147,154.7771026922557,0.0
1,SKU008,2024-12-29,97,96.28178658081907,0.0
1,SKU009,2024-12-29,68,62.387862681801515,0.0
1,SKU010,2024-12-29,109,106.30309378674266,0.0
1,SKU011,2024-12-29,17,15.394257743939285,0.0
1,SKU012,2024-12-29,161,162.29509963081307,0.0
1,SKU013,2024-12-29,83,91.26586980205639,0.0
1,SKU014,2024-12-29,135,137.38139180847062,0.0
1,SKU015,2024-12-29,32,24.653221239384234,0.0
1,SKU016,2024-12-29,75,87.27317493716349,0.0
1,SKU017,2024-12-29,94,86.84582797204575,0.0
1,SKU018,2024-12-29,154,150.76332296259065,0.0
1,SKU019,2024-12-29,86,98.84025512710878,0.0
1,SKU020,2024-12-29,87,81.32292392964624,0.0
1,SKU021,2024-12-29,54,52.715962049693765,0.0
1,SKU022,2024-12-29,59,58.954521905992806,0.0
1,SKU023,2024-12-29,99,96.63718606038715,0.0
1,SKU024,2024-12-29,71,83.39157677857365,0.0
1,SKU025,2024-12-29,16,18.802133245779988,0.0
1,SKU026,2024-12-29,145,132.32756298024873,0.0
1,SKU027,2024-12-29,172,145.04513964895085,0.0
1,SKU028,2024-12-29,37,39.20467930609403,0.0
1,SKU029,2024-12-29,96,103.50842916899451,0.0
1,SKU030,2024-12-29,27,29.241614763451427,0.0
1,SKU031,2024-12-29,108,101.22657927509633,0.0
1,SKU032,2024-12-29,64,52.209609564077816,0.0
1,SKU033,2024-12-29,108,108.58905408390116,0.0
1,SKU034,2024-12-29,127,130.54774816581613,0.0
1,SKU035,2024-12-29,126,141.54856247957014,0.0
1,SKU036,2024-12-29,37,29.895384589203168,0.0
1,SKU037,2024-12-29,137,161.7538454153059,0.0
1,SKU038,2024-12-29,45,42.4215529453184,0.0
1,SKU039,2024-12-29,16,16.423712962962956,0.0
1,SKU040,2024-12-29,103,95.7659887275735,0.0
1,SKU041,2024-12-29,80,69.43464416723158,0.0
1,SKU042,2024-12-29,158,132.94091319019455,0.0
1,SKU043,2024-12-29,131,133.84713818101997,0.0
1,SKU044,2024-12-29,60,51.783403884181475,0.0
1,SKU045,2024-12-29,190,153.5365489665878,0.0
1,SKU046,2024-12-29,66,57.663836086310575,0.0
1,SKU047,2024-12-29,82,85.24002764839813,0.0
1,SKU048,2024-12-29,62,54.15014884881866,0.0
1,SKU049,2024-12-29,135,148.67710500932745,0.0
1,SKU050,2024-12-29,54,37.89548136667596,0.0
1,SKU001,2025-01-05,78,97.0438793898795,106.0
1,SKU002,2025-01-05,70,68.2981743640547,83.0
1,SKU003,2025-01-05,32,42.36802529840733,36.0
1,SKU004,2025-01-05,37,27.78891072460819,31.0
1,SKU005,2025-01-05,111,112.79761003048496,109.0
1,SKU006,2025-01-05,45,51.41065387560784,38.0
1,SKU007,2025-01-05,175,160.39706126886753,172.0
1,SKU008,2025-01-05,103,107.00121001534279,119.0
1,SKU009,2025-01-05,66,78.44035012129578,70.0
1,SKU010,2025-01-05,116,119.57319312169317,111.0
1,SKU011,2025-01-05,17,20.64065787436254,14.0
1,SKU012,2025-01-05,161,178.71265446871968,181.0
1,SKU013,2025-01-05,82,99.17888211420984,101.0
1,SKU014,2025-01-05,131,141.75897796587574,155.0
1,SKU015,2025-01-05,31,25.769959408726297,35.0
1,SKU016,2025-01-05,92,87.90360808730527,81.0
1,SKU017,2025-01-05,85,95.98137125602476,84.0
1,SKU018,2025-01-05,181,178.02434832800054,176.0
1,SKU019,2025-01-05,100,111.0938165339562,101.0
1,SKU020,2025-01-05,93,87.51187989648754,92.0
1,SKU021,2025-01-05,48,60.54966582751988,50.0
1,SKU022,2025-01-05,77,64.12872992716866,64.0
1,SKU023,2025-01-05,117,106.68149469089686,100.0
1,SKU024,2025-01-05,101,83.8685363554412,93.0
1,SKU025,2025-01-05,15,19.88766475147236,14.0
1,SKU026,2025-01-05,147,152.02290306915305,166.0
1,SKU027,2025-01-05,185,171.22946979228502,162.0
1,SKU028,2025-01-05,47,47.80896743153361,32.0
1,SKU029,2025-01-05,114,110.26841396130364,114.0
1,SKU030,2025-01-05,21,33.605147564948346,39.0
1,SKU031,2025-01-05,138,122.60211535509809,143.0
1,SKU032,2025-01-05,57,62.14541785650998,53.0
1,SKU033,2025-01-05,103,124.92499894864777,114.0
1,SKU034,2025-01-05,129,136.3994780003671,131.0
1,SKU035,2025-01-05,139,136.25792068443155,146.0
1,SKU036,2025-01-05,22,35.150562823051146,25.0
1,SKU037,2025-01-05,159,176.94689726979945,168.0
1,SKU038,2025-01-05,57,55.34100027847396,50.0
1,SKU039,2025-01-05,13,21.05329232804233,24.0
1,SKU040,2025-01-05,101,107.75396268064543,104.0
1,SKU041,2025-01-05,74,83.92697831797832,73.0
1,SKU042,2025-01-05,157,145.67193174526415,166.0
1,SKU043,2025-01-05,169,138.77522890931579,157.0
1,SKU044,2025-01-05,63,58.799003794816294,66.0
1,SKU045,2025-01-05,162,180.72788137587048,170.0
1,SKU046,2025-01-05,56,65.51036225851317,63.0
1,SKU047,2025-01-05,114,95.00195867649266,109.0
1,SKU048,2025-01-05,52,59.32885928885933,76.0
1,SKU049,2025-01-05,198,154.27476011205636,177.0
1,SKU050,2025-01-05,47,49.3720677432589,49.0
1,SKU001,2025-01-12,100,97.43933595313088,85.0
1,SKU002,2025-01-12,63,68.53451916261123,61.0
1,SKU003,2025-01-12,34,40.78197005772006,32.0
1,SKU004,2025-01-12,35,27.863130885586155,25.0
1,SKU005,2025-01-12,97,117.89737043433325,116.0
1,SKU006,2025-01-12,50,49.93355410963306,34.0
1,SKU007,2025-01-12,171,172.22840656565657,178.0
1,SKU008,2025-01-12,105,107.09945540729652,137.0
1,SKU009,2025-01-12,55,77.62974605024607,66.0
1,SKU010,2025-01-12,118,121.11822142616846,108.0
1,SKU011,2025-01-12,21,21.9512446556664,20.0
1,SKU012,2025-01-12,180,183.47319909719909,176.0
1,SKU013,2025-01-12,93,97.6788504526682,99.0
1,SKU014,2025-01-12,131,140.73554335114335,152.0
1,SKU015,2025-01-12,25,24.817230399774516,27.0
1,SKU016,2025-01-12,97,89.17410417289369,104.0
1,SKU017,2025-01-12,97,99.07446886269446,84.0
1,SKU018,2025-01-12,172,180.43722230064625,175.0
1,SKU019,2025-01-12,114,107.39993036544645,115.0
1,SKU020,2025-01-12,83,92.34325963690071,102.0
1,SKU021,2025-01-12,63,59.88889577349981,65.0
1,SKU022,2025-01-12,77,65.73472410614077,72.0
1,SKU023,2025-01-12,114,109.71006984126977,83.0
1,SKU024,2025-01-12,77,90.24466611907977,81.0
1,SKU025,2025-01-12,21,18.867514513264506,21.0
1,SKU026,2025-01-12,165,142.46386060504605,156.0
1,SKU027,2025-01-12,167,177.7457763975156,170.0
1,SKU028,2025-01-12,41,54.32275782258675,35.0
1,SKU029,2025-01-12,110,114.56117025567022,120.0
1,SKU030,2025-01-12,31,32.272163404142994,41.0
1,SKU031,2025-01-12,145,126.66688055463058,107.0
1,SKU032,2025-01-12,54,62.78315587580061,66.0
1,SKU033,2025-01-12,123,123.41360536681447,133.0
1,SKU034,2025-01-12,128,138.95283242834083,146.0
1,SKU035,2025-01-12,149,141.43787065666493,159.0
1,SKU036,2025-01-12,32,35.973660862285875,28.0
1,SKU037,2025-01-12,156,177.26068865675384,160.0
1,SKU038,2025-01-12,48,56.408016271739946,62.0
1,SKU039,2025-01-12,25,19.575818181818182,16.0
1,SKU040,2025-01-12,115,108.23331161386638,116.0
1,SKU041,2025-01-12,98,86.80977413327413,80.0
1,SKU042,2025-01-12,137,151.13085596901283,157.0
1,SKU043,2025-01-12,166,148.7957117692525,141.0
1,SKU044,2025-01-12,76,60.49008273208274,83.0
1,SKU045,2025-01-12,169,180.8170932404954,157.0
1,SKU046,2025-01-12,72,69.6854599016108,45.0
1,SKU047,2025-01-12,110,100.27415155677662,89.0
1,SKU048,2025-01-12,57,58.32295342880747,51.0
1,SKU049,2025-01-12,177,174.85629002760518,178.0
1,SKU050,2025-01-12,40,50.95768737131604,40.0
1,SKU001,2025-01-19,89,97.59644886094536,117.0
1,SKU002,2025-01-19,67,74.68782250465584,57.0
1,SKU003,2025-01-19,41,42.35022452510658,32.0
1,SKU004,2025-01-19,24,29.784351395608745,38.0
1,SKU005,2025-01-19,133,119.4048387445888,108.0
1,SKU006,2025-01-19,46,55.93386601921469,43.0
1,SKU007,2025-01-19,156,178.63692236024846,189.0
1,SKU008,2025-01-19,111,106.4506042726954,118.0
1,SKU009,2025-01-19,70,70.37525529100527,73.0
1,SKU010,2025-01-19,113,123.93835111208534,115.0
1,SKU011,2025-01-19,19,24.044892328042344,14.0
1,SKU012,2025-01-19,194,183.1336584759327,178.0
1,SKU013,2025-01-19,98,95.892114894086,105.0
1,SKU014,2025-01-19,144,141.0208397004383,145.0
1,SKU015,2025-01-19,27,25.627542016625355,30.0
1,SKU016,2025-01-19,76,98.90854135080879,88.0
1,SKU017,2025-01-19,106,100.4466438110585,88.0
1,SKU018,2025-01-19,164,181.5647309638831,153.0
1,SKU019,2025-01-19,113,116.30042809042808,103.0
1,SKU020,2025-01-19,95,95.82333745088744,100.0
1,SKU021,2025-01-19,60,59.92619659044661,51.0
1,SKU022,2025-01-19,69,74.83834363476028,74.0
1,SKU023,2025-01-19,92,118.8276103896104,97.0
1,SKU024,2025-01-19,73,88.75345228242169,95.0
1,SKU025,2025-01-19,12,21.959605307163237,16.0
1,SKU026,2025-01-19,136,161.67242388167378,152.0
1,SKU027,2025-01-19,190,179.3889044011544,170.0
1,SKU028,2025-01-19,43,49.97346867886013,39.0
1,SKU029,2025-01-19,124,119.22407594178878,93.0
1,SKU030,2025-01-19,34,32.55519371973383,23.0
1,SKU031,2025-01-19,132,137.4815520960521,132.0
1,SKU032,2025-01-19,67,61.327019621873646,72.0
1,SKU033,2025-01-19,138,124.25688312657903,132.0
1,SKU034,2025-01-19,134,135.22339745700853,137.0
1,SKU035,2025-01-19,122,141.51187166454957,154.0
1,SKU036,2025-01-19,36,32.58911477992292,40.0
1,SKU037,2025-01-19,158,176.66529869204865,169.0
1,SKU038,2025-01-19,48,55.39976014279978,50.0
1,SKU039,2025-01-19,25,21.955491577263302,16.0
1,SKU040,2025-01-19,112,115.45559884559883,105.0
1,SKU041,2025-01-19,74,84.61470202205832,66.0
1,SKU042,2025-01-19,155,146.94423593968241,136.0
1,SKU043,2025-01-19,157,162.10200661375663,140.0
1,SKU044,2025-01-19,81,65.13858941099035,71.0
1,SKU045,2025-01-19,145,177.7327359307359,160.0
1,SKU046,2025-01-19,66,68.40615049805146,52.0
1,SKU047,2025-01-19,84,113.49043816738813,118.0
1,SKU048,2025-01-19,61,61.28327246827249,52.0
1,SKU049,2025-01-19,183,180.74188227513233,184.0
1,SKU050,2025-01-19,40,50.65467296211411,25.0
1,SKU001,2025-01-26,103,100.63307596561899,89.0
1,SKU002,2025-01-26,66,73.0516500721501,62.0
1,SKU003,2025-01-26,23,41.574874687209615,43.0
1,SKU004,2025-01-26,38,29.278935114667462,33.0
1,SKU005,2025-01-26,110,122.20080233192738,102.0
1,SKU006,2025-01-26,51,56.08711006683374,39.0
1,SKU007,2025-01-26,179,173.60810614661943,176.0
1,SKU008,2025-01-26,106,114.9117467532467,108.0
1,SKU009,2025-01-26,71,72.26610704264868,80.0
1,SKU010,2025-01-26,118,123.77283367581789,115.0
1,SKU011,2025-01-26,24,24.474649417571175,15.0
1,SKU012,2025-01-26,191,190.89686741076954,185.0
1,SKU013,2025-01-26,87,102.03702131967685,97.0
1,SKU014,2025-01-26,181,142.75601061381184,132.0
1,SKU015,2025-01-26,32,26.71469083539918,27.0
1,SKU016,2025-01-26,100,97.11783273864353,103.0
1,SKU017,2025-01-26,89,106.37195206642326,94.0
1,SKU018,2025-01-26,163,178.85765805531017,188.0
1,SKU019,2025-01-26,115,115.33265545565546,107.0
1,SKU020,2025-01-26,100,95.91556437422945,92.0
1,SKU021,2025-01-26,57,60.374544492544494,50.0
1,SKU022,2025-01-26,79,83.10634868834867,74.0
1,SKU023,2025-01-26,83,116.1122379580487,100.0
1,SKU024,2025-01-26,80,84.42759131780261,87.0
1,SKU025,2025-01-26,21,18.92465929440929,24.0
1,SKU026,2025-01-26,165,155.1164492562455,150.0
1,SKU027,2025-01-26,179,190.9960454545453,145.0
1,SKU028,2025-01-26,42,49.84422837055733,34.0
1,SKU029,2025-01-26,91,118.00562384344846,94.0
1,SKU030,2025-01-26,36,33.44430522843957,28.0
1,SKU031,2025-01-26,140,138.01869646339458,144.0
1,SKU032,2025-01-26,64,68.35925522734347,70.0
1,SKU033,2025-01-26,129,131.7837976005476,127.0
1,SKU034,2025-01-26,148,140.7081165105851,126.0
1,SKU035,2025-01-26,148,139.77587037911493,139.0
1,SKU036,2025-01-26,38,31.671281767564913,39.0
1,SKU037,2025-01-26,163,172.83182987660888,185.0
1,SKU038,2025-01-26,42,55.322011706051356,39.0
1,SKU039,2025-01-26,24,22.144094751866483,20.0
1,SKU040,2025-01-26,101,118.44640977364244,92.0
1,SKU041,2025-01-26,72,89.51553438423176,82.0
1,SKU042,2025-01-26,149,166.54893621810282,155.0
1,SKU043,2025-01-26,155,171.83247270322272,166.0
1,SKU044,2025-01-26,71,79.35736720686721,64.0
1,SKU045,2025-01-26,184,174.7855277777778,169.0
1,SKU046,2025-01-26,60,72.46536712361716,50.0
1,SKU047,2025-01-26,90,105.12816326776205,96.0
1,SKU048,2025-01-26,71,62.38905526751456,42.0
1,SKU049,2025-01-26,154,181.74136456176674,181.0
1,SKU050,2025-01-26,45,52.41573892563403,37.0
2,SKU001,2025-02-02,100,100.41732645221016,119.0
2,SKU002,2025-02-02,85,67.71568019018018,68.0
2,SKU003,2025-02-02,40,36.14448364553928,40.0
2,SKU004,2025-02-02,34,32.56714185717685,43.0
2,SKU005,2025-02-02,107,120.7612315134439,129.0
2,SKU006,2025-02-02,47,49.48733816367385,49.0
2,SKU007,2025-02-02,178,172.56230743005665,171.0
2,SKU008,2025-02-02,121,112.95731261833811,114.0
2,SKU009,2025-02-02,69,69.71151275842298,103.0
2,SKU010,2025-02-02,97,122.39446627870728,129.0
2,SKU011,2025-02-02,13,22.010883831949037,21.0
2,SKU012,2025-02-02,172,187.70620963274771,186.0
2,SKU013,2025-02-02,91,94.91059579086128,98.0
2,SKU014,2025-02-02,126,152.73833058096875,138.0
2,SKU015,2025-02-02,29,30.348398279369132,35.0
2,SKU016,2025-02-02,95,92.70677439342698,96.0
2,SKU017,2025-02-02,89,97.7851901063958,89.0
2,SKU018,2025-02-02,178,171.59231862700554,162.0
2,SKU019,2025-02-02,109,111.36049502551093,136.0
2,SKU020,2025-02-02,79,94.1007053672794,94.0
2,SKU021,2025-02-02,73,62.62283483489535,71.0
2,SKU022,2025-02-02,75,79.23110615364475,57.0
2,SKU023,2025-02-02,106,102.68457558711685,126.0
2,SKU024,2025-02-02,88,81.10894312822826,100.0
2,SKU025,2025-02-02,17,22.70732288027876,18.0
2,SKU026,2025-02-02,161,168.586123127731,158.0
2,SKU027,2025-02-02,160,179.86625550089389,182.0
2,SKU028,2025-02-02,38,42.85803313705032,40.0
2,SKU029,2025-02-02,111,112.57960303543761,109.0
2,SKU030,2025-02-02,26,32.114744761132236,29.0
2,SKU031,2025-02-02,131,147.3584992970632,138.0
2,SKU032,2025-02-02,63,65.24989259245301,64.0
2,SKU033,2025-02-02,139,127.68422530882337,123.0
2,SKU034,2025-02-02,142,141.08646080215036,153.0
2,SKU035,2025-02-02,140,149.96465424678726,154.0
2,SKU036,2025-02-02,39,32.44121545038241,46.0
2,SKU037,2025-02-02,167,166.37171525935275,155.0
2,SKU038,2025-02-02,46,47.39089307012065,58.0
2,SKU039,2025-02-02,25,22.52522209217797,27.0
2,SKU040,2025-02-02,110,113.40234578312452,118.0
2,SKU041,2025-02-02,80,86.4312850547784,83.0
2,SKU042,2025-02-02,162,162.88833950023147,157.0
2,SKU043,2025-02-02,161,166.85032685637648,173.0
2,SKU044,2025-02-02,67,79.90825603244149,76.0
2,SKU045,2025-02-02,184,174.3051785726124,191.0
2,SKU046,2025-02-02,66,66.65781998696073,73.0
2,SKU047,2025-02-02,99,100.53310511161389,104.0
2,SKU048,2025-02-02,63,64.72299000722144,52.0
2,SKU049,2025-02-02,160,180.1800052793211,178.0
2,SKU050,2025-02-02,36,43.861209517443385,42.0
2,SKU001,2025-02-09,106,102.90432683286973,112.0
2,SKU002,2025-02-09,71,74.27488152026547,72.0
2,SKU003,2025-02-09,34,36.66253379950332,46.0
2,SKU004,2025-02-09,32,33.55498299011658,34.0
2,SKU005,2025-02-09,123,114.15579961478613,135.0
2,SKU006,2025-02-09,46,50.9684895187895,50.0
2,SKU007,2025-02-09,179,171.33427513039274,163.0
2,SKU008,2025-02-09,134,109.07797820000397,113.0
2,SKU009,2025-02-09,86,71.08759336790061,85.0
2,SKU010,2025-02-09,124,121.0997932120145,136.0
2,SKU011,2025-02-09,16,19.85706175993484,14.0
2,SKU012,2025-02-09,195,201.26733419761916,206.0
2,SKU013,2025-02-09,97,95.98487248143051,117.0
2,SKU014,2025-02-09,167,149.19109651922147,165.0
2,SKU015,2025-02-09,31,27.154233557585666,46.0
2,SKU016,2025-02-09,112,96.1882697809468,96.0
2,SKU017,2025-02-09,112,100.83455508546798,96.0
2,SKU018,2025-02-09,175,172.40484893966797,171.0
2,SKU019,2025-02-09,95,115.92917441272779,119.0
2,SKU020,2025-02-09,93,95.17014541529228,118.0
2,SKU021,2025-02-09,63,66.72066088351329,54.0
2,SKU022,2025-02-09,75,80.3308791750133,87.0
2,SKU023,2025-02-09,98,104.13190957807858,126.0
2,SKU024,2025-02-09,84,87.55118085659825,106.0
2,SKU025,2025-02-09,28,19.80977385913321,19.0
2,SKU026,2025-02-09,170,166.7280601216275,195.0
2,SKU027,2025-02-09,197,177.635352891773,188.0
2,SKU028,2025-02-09,44,41.63974891170414,37.0
2,SKU029,2025-02-09,105,116.69183279313431,102.0
2,SKU030,2025-02-09,41,29.601050982389726,30.0
2,SKU031,2025-02-09,152,143.22770184920375,137.0
2,SKU032,2025-02-09,74,66.79283302477037,89.0
2,SKU033,2025-02-09,146,144.38142146857973,144.0
2,SKU034,2025-02-09,145,144.49299531005963,160.0
2,SKU035,2025-02-09,179,148.6044016793703,153.0
2,SKU036,2025-02-09,39,34.013412660668195,29.0
2,SKU037,2025-02-09,181,169.71608520675738,171.0
2,SKU038,2025-02-09,47,44.32508063521279,48.0
2,SKU039,2025-02-09,26,24.613580347527712,21.0
2,SKU040,2025-02-09,102,119.36880704960129,117.0
2,SKU041,2025-02-09,77,79.18060744705541,76.0
2,SKU042,2025-02-09,151,162.5209426436556,165.0
2,SKU043,2025-02-09,191,168.83124607024044,177.0
2,SKU044,2025-02-09,69,77.9541445624597,65.0
2,SKU045,2025-02-09,179,176.7767159584039,204.0
2,SKU046,2025-02-09,76,67.96648489895142,69.0
2,SKU047,2025-02-09,108,102.81871485400737,113.0
2,SKU048,2025-02-09,53,66.9604288225696,61.0
2,SKU049,2025-02-09,199,172.80957795449785,191.0
2,SKU050,2025-02-09,41,42.045649435445284,38.0
2,SKU001,2025-02-16,124,102.77122538032852,104.0
2,SKU002,2025-02-16,79,81.18911376519881,65.0
2,SKU003,2025-02-16,47,38.24365281231243,34.0
2,SKU004,2025-02-16,37,31.665834669893403,35.0
2,SKU005,2025-02-16,132,125.37466084916768,144.0
2,SKU006,2025-02-16,45,47.6935074008008,52.0
2,SKU007,2025-02-16,171,176.11615131758833,195.0
2,SKU008,2025-02-16,122,122.61715974785398,107.0
2,SKU009,2025-02-16,74,77.5095809418332,79.0
2,SKU010,2025-02-16,128,124.94424710701983,133.0
2,SKU011,2025-02-16,16,20.205041625479907,20.0
2,SKU012,2025-02-16,203,200.1888338849332,192.0
2,SKU013,2025-02-16,97,97.18502340956505,111.0
2,SKU014,2025-02-16,188,164.39662119297347,169.0
2,SKU015,2025-02-16,37,30.540518129311028,29.0
2,SKU016,2025-02-16,93,103.48021216870902,101.0
2,SKU017,2025-02-16,97,108.31657446660479,99.0
2,SKU018,2025-02-16,186,174.74295704851613,178.0
2,SKU019,2025-02-16,111,118.55978897432828,117.0
2,SKU020,2025-02-16,105,94.89081072800082,114.0
2,SKU021,2025-02-16,73,67.91652135939005,67.0
2,SKU022,2025-02-16,86,80.75671564892586,80.0
2,SKU023,2025-02-16,113,103.10579952025515,109.0
2,SKU024,2025-02-16,95,81.81873447962283,84.0
2,SKU025,2025-02-16,16,21.66414010696905,18.0
2,SKU026,2025-02-16,166,169.06684007223546,169.0
2,SKU027,2025-02-16,187,185.9303746883337,177.0
2,SKU028,2025-02-16,37,42.74915976204805,43.0
2,SKU029,2025-02-16,127,120.6919136242187,114.0
2,SKU030,2025-02-16,31,31.870848793288168,36.0
2,SKU031,2025-02-16,163,145.91839292443544,137.0
2,SKU032,2025-02-16,63,66.98057863854518,69.0
2,SKU033,2025-02-16,127,143.84204956110847,105.0
2,SKU034,2025-02-16,160,142.00712014301473,142.0
2,SKU035,2025-02-16,184,152.6687051229768,165.0
2,SKU036,2025-02-16,30,34.94803284908162,41.0
2,SKU037,2025-02-16,165,171.1847672827752,189.0
2,SKU038,2025-02-16,55,43.68355319183523,56.0
2,SKU039,2025-02-16,29,25.009866061813423,28.0
2,SKU040,2025-02-16,125,119.64024952950244,122.0
2,SKU041,2025-02-16,76,83.9659570299729,77.0
2,SKU042,2025-02-16,179,172.52470991512484,148.0
2,SKU043,2025-02-16,168,174.5499426406694,152.0
2,SKU044,2025-02-16,66,78.466766680672,77.0
2,SKU045,2025-02-16,202,177.58507850255344,189.0
2,SKU046,2025-02-16,64,67.94130666232454,73.0
2,SKU047,2025-02-16,104,105.12982473139783,124.0
2,SKU048,2025-02-16,44,67.23350421337922,54.0
2,SKU049,2025-02-16,182,180.03839465066523,194.0
2,SKU050,2025-02-16,51,43.820049161831484,33.0
2,SKU001,2025-02-23,116,106.83396163037627,120.0
2,SKU002,2025-02-23,82,79.91242600753085,64.0
2,SKU003,2025-02-23,45,37.94265570337394,44.0
2,SKU004,2025-02-23,33,35.03297928107154,22.0
2,SKU005,2025-02-23,139,125.79847454726988,124.0
2,SKU006,2025-02-23,51,48.24868526044793,50.0
2,SKU007,2025-02-23,171,177.1924544811059,173.0
2,SKU008,2025-02-23,112,121.44144885183452,118.0
2,SKU009,2025-02-23,75,80.07877302733169,80.0
2,SKU010,2025-02-23,128,125.70741326922338,146.0
2,SKU011,2025-02-23,23,19.870548353157695,28.0
2,SKU012,2025-02-23,214,205.08067934025323,190.0
2,SKU013,2025-02-23,100,100.52642761537224,94.0
2,SKU014,2025-02-23,155,173.454491333066,147.0
2,SKU015,2025-02-23,30,29.782315786362723,35.0
2,SKU016,2025-02-23,97,99.62244994291765,97.0
2,SKU017,2025-02-23,107,102.40230790360381,80.0
2,SKU018,2025-02-23,194,180.79634311723873,205.0
2,SKU019,2025-02-23,132,119.56735884279297,117.0
2,SKU020,2025-02-23,97,102.28070218876263,108.0
2,SKU021,2025-02-23,63,67.95385845500495,71.0
2,SKU022,2025-02-23,88,79.23715545728592,69.0
2,SKU023,2025-02-23,115,111.41833447313564,99.0
2,SKU024,2025-02-23,91,90.37916877491381,90.0
2,SKU025,2025-02-23,17,19.924266403625747,23.0
2,SKU026,2025-02-23,177,175.5268295703602,171.0
2,SKU027,2025-02-23,156,186.60578151028542,158.0
2,SKU028,2025-02-23,32,42.113940957866205,34.0
2,SKU029,2025-02-23,118,115.9215681956536,112.0
2,SKU030,2025-02-23,39,32.55723598402897,42.0
2,SKU031,2025-02-23,130,152.95729455721866,150.0
2,SKU032,2025-02-23,80,68.05110324235267,77.0
2,SKU033,2025-02-23,129,140.99571208043838,125.0
2,SKU034,2025-02-23,163,157.5010530884147,132.0
2,SKU035,2025-02-23,165,167.35367250390064,163.0
2,SKU036,2025-02-23,40,35.98347353063631,33.0
2,SKU037,2025-02-23,181,174.18615011520336,188.0
2,SKU038,2025-02-23,61,45.9269398560011,55.0
2,SKU039,2025-02-23,18,25.09392178713385,30.0
2,SKU040,2025-02-23,111,114.8211214962308,110.0
2,SKU041,2025-02-23,96,83.5806173812963,72.0
2,SKU042,2025-02-23,165,171.7773634984822,162.0
2,SKU043,2025-02-23,153,176.31911796062664,168.0
2,SKU044,2025-02-23,67,72.91186866696034,70.0
2,SKU045,2025-02-23,202,204.47237657527936,181.0
2,SKU046,2025-02-23,70,69.38930331508855,66.0
2,SKU047,2025-02-23,105,102.86828652523688,99.0
2,SKU048,2025-02-23,59,66.63559448957477,64.0
2,SKU049,2025-02-23,184,179.70206285980106,186.0
2,SKU050,2025-02-23,44,47.9413569490753,35.0
2,SKU001,2025-03-02,111,111.45215858945119,103.0
2,SKU002,2025-03-02,95,83.45378541170602,74.0
2,SKU003,2025-03-02,54,47.818036488561965,52.0
2,SKU004,2025-03-02,50,37.114554328329014,45.0
2,SKU005,2025-03-02,160,144.5145845546264,134.0
2,SKU006,2025-03-02,57,53.45688842618205,56.0
2,SKU007,2025-03-02,189,182.48689949774604,201.0
2,SKU008,2025-03-02,138,128.7089221551987,131.0
2,SKU009,2025-03-02,91,82.86263330323081,92.0
2,SKU010,2025-03-02,155,123.03206429218935,145.0
2,SKU011,2025-03-02,18,23.133775233481106,23.0
2,SKU012,2025-03-02,208,212.02786588356878,229.0
2,SKU013,2025-03-02,105,108.4518635658206,130.0
2,SKU014,2025-03-02,180,175.4648253154253,188.0
2,SKU015,2025-03-02,36,29.246679837320336,26.0
2,SKU016,2025-03-02,135,110.20808213173376,115.0
2,SKU017,2025-03-02,127,113.18568239084445,121.0
2,SKU018,2025-03-02,211,204.1820196236226,195.0
2,SKU019,2025-03-02,140,128.20938126261143,132.0
2,SKU020,2025-03-02,95,107.60572771673506,117.0
2,SKU021,2025-03-02,78,74.01358196895698,68.0
2,SKU022,2025-03-02,76,83.51559323001794,96.0
2,SKU023,2025-03-02,119,115.32624706095552,114.0
2,SKU024,2025-03-02,116,99.50079777532446,114.0
2,SKU025,2025-03-02,27,21.789114598258763,25.0
2,SKU026,2025-03-02,169,178.64313352984217,161.0
2,SKU027,2025-03-02,204,187.3691145635554,188.0
2,SKU028,2025-03-02,41,44.82434976323944,44.0
2,SKU029,2025-03-02,116,126.27222422657081,115.0
2,SKU030,2025-03-02,47,34.16419358677272,43.0
2,SKU031,2025-03-02,137,145.18085864856818,136.0
2,SKU032,2025-03-02,73,75.11728865471919,93.0
2,SKU033,2025-03-02,138,143.70886066593215,125.0
2,SKU034,2025-03-02,153,167.63148285309447,155.0
2,SKU035,2025-03-02,189,178.2822022255522,173.0
2,SKU036,2025-03-02,34,37.033914283192125,47.0
2,SKU037,2025-03-02,220,178.61738355322692,194.0
2,SKU038,2025-03-02,53,55.78883517931347,54.0
2,SKU039,2025-03-02,28,26.050519129019126,25.0
2,SKU040,2025-03-02,136,123.88473117665676,137.0
2,SKU041,2025-03-02,99,85.13973727410843,94.0
2,SKU042,2025-03-02,175,179.02384278350266,208.0
2,SKU043,2025-03-02,193,174.75145567350427,182.0
2,SKU044,2025-03-02,75,71.426055026455,89.0
2,SKU045,2025-03-02,218,214.71214939227437,223.0
2,SKU046,2025-03-02,88,79.38895220902978,69.0
2,SKU047,2025-03-02,107,114.39982556798199,105.0
2,SKU048,2025-03-02,72,59.76219745162879,73.0
2,SKU049,2025-03-02,207,189.5897530753517,192.0
2,SKU050,2025-03-02,53,50.18382382604291,57.0
2,SKU001,2025-03-09,98,119.58024480443464,119.0
2,SKU002,2025-03-09,99,81.30218132475375,69.0
2,SKU003,2025-03-09,44,48.93167785289723,66.0
2,SKU004,2025-03-09,36,40.36072219991336,40.0
2,SKU005,2025-03-09,140,145.983281589412,147.0
2,SKU006,2025-03-09,58,55.48470813935519,76.0
2,SKU007,2025-03-09,217,193.48272602534135,195.0
2,SKU008,2025-03-09,133,140.4366322132024,132.0
2,SKU009,2025-03-09,99,77.1020005552889,86.0
2,SKU010,2025-03-09,160,148.2812929239854,154.0
2,SKU011,2025-03-09,15,22.333440299896182,21.0
2,SKU012,2025-03-09,224,203.1558185931716,205.0
2,SKU013,2025-03-09,110,110.85041424068727,120.0
2,SKU014,2025-03-09,182,185.46275886361022,185.0
2,SKU015,2025-03-09,37,31.662864127204386,43.0
2,SKU016,2025-03-09,103,123.63088642297181,110.0
2,SKU017,2025-03-09,104,119.83539098638389,130.0
2,SKU018,2025-03-09,206,213.63245284289437,206.0
2,SKU019,2025-03-09,143,130.38635449735452,132.0
2,SKU020,2025-03-09,119,109.61948013429566,120.0
2,SKU021,2025-03-09,59,76.94628397963693,79.0
2,SKU022,2025-03-09,78,83.43848742259003,73.0
2,SKU023,2025-03-09,125,116.52569257076325,136.0
2,SKU024,2025-03-09,104,108.21720323873656,115.0
2,SKU025,2025-03-09,20,20.522002591706535,22.0
2,SKU026,2025-03-09,173,178.52787321541203,189.0
2,SKU027,2025-03-09,206,200.09132112332128,212.0
2,SKU028,2025-03-09,52,47.10890840232302,54.0
2,SKU029,2025-03-09,127,123.7270181408358,131.0
2,SKU030,2025-03-09,39,43.52494907814411,22.0
2,SKU031,2025-03-09,170,153.69900660883107,163.0
2,SKU032,2025-03-09,58,80.41324069992558,68.0
2,SKU033,2025-03-09,154,148.92032766725782,149.0
2,SKU034,2025-03-09,176,172.63523582234748,163.0
2,SKU035,2025-03-09,175,186.96560739116916,177.0
2,SKU036,2025-03-09,35,38.242348521115275,53.0
2,SKU037,2025-03-09,220,206.03781487900648,213.0
2,SKU038,2025-03-09,59,54.49896509440403,68.0
2,SKU039,2025-03-09,31,25.905044647321734,24.0
2,SKU040,2025-03-09,126,128.38529716026497,114.0
2,SKU041,2025-03-09,101,99.2207500252016,91.0
2,SKU042,2025-03-09,193,176.5377901269659,182.0
2,SKU043,2025-03-09,186,194.6547654959563,175.0
2,SKU044,2025-03-09,90,81.5065305754957,69.0
2,SKU045,2025-03-09,240,212.11157777280025,212.0
2,SKU046,2025-03-09,76,80.92010836044481,90.0
2,SKU047,2025-03-09,146,120.45678698913777,149.0
2,SKU048,2025-03-09,67,64.73888825558437,65.0
2,SKU049,2025-03-09,214,208.99698133199206,207.0
2,SKU050,2025-03-09,67,53.376033646134886,49.0
2,SKU001,2025-03-16,133,123.13317810707493,122.0
2,SKU002,2025-03-16,80,91.64990260636355,103.0
2,SKU003,2025-03-16,57,51.33073086438513,46.0
2,SKU004,2025-03-16,35,41.31881665273121,41.0
2,SKU005,2025-03-16,142,146.02434280074215,144.0
2,SKU006,2025-03-16,66,54.67292484281013,50.0
2,SKU007,2025-03-16,191,206.6803877481452,212.0
2,SKU008,2025-03-16,153,138.98914356158085,147.0
2,SKU009,2025-03-16,92,88.13757935397932,101.0
2,SKU010,2025-03-16,139,147.7269960941836,138.0
2,SKU011,2025-03-16,22,21.25871146391734,24.0
2,SKU012,2025-03-16,217,212.5932895533085,206.0
2,SKU013,2025-03-16,110,116.11434551623324,137.0
2,SKU014,2025-03-16,207,185.37550835568743,194.0
2,SKU015,2025-03-16,38,35.22769224195373,42.0
2,SKU016,2025-03-16,115,114.73446326317469,133.0
2,SKU017,2025-03-16,129,113.91757184903327,115.0
2,SKU018,2025-03-16,214,213.77269290331233,223.0
2,SKU019,2025-03-16,135,142.49638453820953,137.0
2,SKU020,2025-03-16,105,115.08645716098746,123.0
2,SKU021,2025-03-16,64,75.33624406883969,77.0
2,SKU022,2025-03-16,82,81.65772357336535,97.0
2,SKU023,2025-03-16,131,120.82834162813869,137.0
2,SKU024,2025-03-16,117,107.0116938122063,118.0
2,SKU025,2025-03-16,16,22.3352330349389,21.0
2,SKU026,2025-03-16,197,176.96714217787334,222.0
2,SKU027,2025-03-16,219,204.56100144762647,214.0
2,SKU028,2025-03-16,43,44.59723127428761,43.0
2,SKU029,2025-03-16,106,130.59432668277262,133.0
2,SKU030,2025-03-16,32,38.83189150487384,38.0
2,SKU031,2025-03-16,133,158.36494119919263,167.0
2,SKU032,2025-03-16,98,80.48932914729436,78.0
2,SKU033,2025-03-16,160,142.9655862605674,160.0
2,SKU034,2025-03-16,197,174.59425381091395,161.0
2,SKU035,2025-03-16,162,183.31583261748295,177.0
2,SKU036,2025-03-16,27,37.55157243178705,33.0
2,SKU037,2025-03-16,206,202.78406292944535,221.0
2,SKU038,2025-03-16,77,60.1167774113435,70.0
2,SKU039,2025-03-16,20,26.422576047214203,34.0
2,SKU040,2025-03-16,146,134.7811325811158,140.0
2,SKU041,2025-03-16,101,103.96016379350853,101.0
2,SKU042,2025-03-16,194,190.07587386285226,181.0
2,SKU043,2025-03-16,184,190.21412912443023,175.0
2,SKU044,2025-03-16,88,82.31861752693194,94.0
2,SKU045,2025-03-16,226,210.62044305231805,200.0
2,SKU046,2025-03-16,77,85.05720338709568,93.0
2,SKU047,2025-03-16,134,126.11050996333493,132.0
2,SKU048,2025-03-16,71,65.29064006511469,76.0
2,SKU049,2025-03-16,190,213.06957088616838,190.0
2,SKU050,2025-03-16,52,51.64397806923043,55.0
2,SKU001,2025-03-23,128,127.22024114389441,130.0
2,SKU002,2025-03-23,81,96.90035701455692,89.0
2,SKU003,2025-03-23,69,53.69087909784396,48.0
2,SKU004,2025-03-23,39,40.48150052084117,36.0
2,SKU005,2025-03-23,144,145.09324983861444,151.0
2,SKU006,2025-03-23,42,58.54610032308294,55.0
2,SKU007,2025-03-23,194,202.7658720925044,223.0
2,SKU008,2025-03-23,139,147.66992588620525,144.0
2,SKU009,2025-03-23,102,96.39213167199819,95.0
2,SKU010,2025-03-23,139,149.69962254398325,141.0
2,SKU011,2025-03-23,19,19.855873170746243,25.0
2,SKU012,2025-03-23,217,203.7643316653247,210.0
2,SKU013,2025-03-23,115,120.2235363427,138.0
2,SKU014,2025-03-23,187,190.86468284030798,193.0
2,SKU015,2025-03-23,22,34.69816483954998,41.0
2,SKU016,2025-03-23,113,118.81639703782271,122.0
2,SKU017,2025-03-23,124,120.8601042840784,109.0
2,SKU018,2025-03-23,219,205.78926959907557,227.0
2,SKU019,2025-03-23,127,140.05047457296322,136.0
2,SKU020,2025-03-23,101,110.0136175227653,119.0
2,SKU021,2025-03-23,75,70.33764026405017,59.0
2,SKU022,2025-03-23,84,83.26333559756097,75.0
2,SKU023,2025-03-23,127,131.24759098104076,99.0
2,SKU024,2025-03-23,141,113.60046439855566,111.0
2,SKU025,2025-03-23,28,20.6730710150304,27.0
2,SKU026,2025-03-23,207,192.30231761455144,202.0
2,SKU027,2025-03-23,216,204.27765202631113,195.0
2,SKU028,2025-03-23,50,46.20055379112982,47.0
2,SKU029,2025-03-23,147,126.0840043891071,142.0
2,SKU030,2025-03-23,44,40.08672584765445,43.0
2,SKU031,2025-03-23,145,146.89688659053363,166.0
2,SKU032,2025-03-23,83,84.32996634880719,85.0
2,SKU033,2025-03-23,149,150.14322573355284,151.0
2,SKU034,2025-03-23,170,183.866850115041,171.0
2,SKU035,2025-03-23,176,181.4547273174608,185.0
2,SKU036,2025-03-23,34,36.91015970882822,49.0
2,SKU037,2025-03-23,217,207.036699604825,197.0
2,SKU038,2025-03-23,65,64.20373434991488,64.0
2,SKU039,2025-03-23,23,26.914589840742607,27.0
2,SKU040,2025-03-23,151,148.24380252108278,173.0
2,SKU041,2025-03-23,90,105.49830449429153,110.0
2,SKU042,2025-03-23,182,191.76192117604617,189.0
2,SKU043,2025-03-23,191,187.59420715750832,171.0
2,SKU044,2025-03-23,85,80.77382151336064,78.0
2,SKU045,2025-03-23,223,212.61810797046098,223.0
2,SKU046,2025-03-23,71,81.67020349301696,86.0
2,SKU047,2025-03-23,128,133.38880696273588,135.0
2,SKU048,2025-03-23,64,68.17007948814077,70.0
2,SKU049,2025-03-23,218,209.344092143151,228.0
2,SKU050,2025-03-23,61,48.130047991851384,51.0
3,SKU001,2025-03-30,115,116.46298803632473,102.0
3,SKU002,2025-03-30,96,89.87667801967343,106.0
3,SKU003,2025-03-30,50,53.020318424237175,49.0
3,SKU004,2025-03-30,43,39.806938672488755,27.0
3,SKU005,2025-03-30,134,143.1557066476229,126.0
3,SKU006,2025-03-30,55,52.1051637718111,53.0
3,SKU007,2025-03-30,208,197.9814883856582,192.0
3,SKU008,2025-03-30,154,136.39324973738545,128.0
3,SKU009,2025-03-30,82,97.78691593279189,88.0
3,SKU010,2025-03-30,156,145.25456480724304,162.0
3,SKU011,2025-03-30,18,20.540780767549723,16.0
3,SKU012,2025-03-30,253,211.45401049506614,231.0
3,SKU013,2025-03-30,127,113.82314328410895,108.0
3,SKU014,2025-03-30,173,194.14994979082707,193.0
3,SKU015,2025-03-30,30,38.087248657647685,34.0
3,SKU016,2025-03-30,146,115.84331260189525,98.0
3,SKU017,2025-03-30,135,116.5163144816228,114.0
3,SKU018,2025-03-30,196,207.54533552189127,221.0
3,SKU019,2025-03-30,130,133.43253772434824,135.0
3,SKU020,2025-03-30,111,109.1207487035975,104.0
3,SKU021,2025-03-30,76,68.61898818003357,65.0
3,SKU022,2025-03-30,87,84.73957234661924,93.0
3,SKU023,2025-03-30,141,123.74569808062311,117.0
3,SKU024,2025-03-30,119,120.3372910470104,117.0
3,SKU025,2025-03-30,27,23.992569634069643,31.0
3,SKU026,2025-03-30,202,200.08806182461342,179.0
3,SKU027,2025-03-30,206,205.45272109100048,195.0
3,SKU028,2025-03-30,54,53.87730453107819,56.0
3,SKU029,2025-03-30,132,127.81024396986483,125.0
3,SKU030,2025-03-30,40,43.50352120259036,36.0
3,SKU031,2025-03-30,173,149.88735782390341,150.0
3,SKU032,2025-03-30,74,86.08431772681455,71.0
3,SKU033,2025-03-30,179,151.5383541588878,162.0
3,SKU034,2025-03-30,176,174.24948403019945,167.0
3,SKU035,2025-03-30,181,185.73517265309258,176.0
3,SKU036,2025-03-30,41,34.06509221486997,41.0
3,SKU037,2025-03-30,231,209.09197898125828,203.0
3,SKU038,2025-03-30,59,68.92966721139432,67.0
3,SKU039,2025-03-30,20,26.34344279151976,22.0
3,SKU040,2025-03-30,120,134.9404944061736,147.0
3,SKU041,2025-03-30,105,98.68059360275139,115.0
3,SKU042,2025-03-30,183,194.97970242320343,196.0
3,SKU043,2025-03-30,200,195.7885660831213,177.0
3,SKU044,2025-03-30,76,83.60957295908491,88.0
3,SKU045,2025-03-30,211,210.79637271928914,218.0
3,SKU046,2025-03-30,70,80.66944809003198,80.0
3,SKU047,2025-03-30,125,124.7122922904208,123.0
3,SKU048,2025-03-30,76,73.54361429375062,79.0
3,SKU049,2025-03-30,230,210.97564376773244,221.0
3,SKU050,2025-03-30,49,56.024301996966315,60.0
3,SKU001,2025-04-06,100,112.1676725098085,122.0
3,SKU002,2025-04-06,80,85.89097680393455,79.0
3,SKU003,2025-04-06,38,49.00328501194137,48.0
3,SKU004,2025-04-06,22,38.714524826324954,35.0
3,SKU005,2025-04-06,142,135.41507429565112,138.0
3,SKU006,2025-04-06,56,52.15305489149597,68.0
3,SKU007,2025-04-06,201,200.39290573413226,199.0
3,SKU008,2025-04-06,146,133.32494357851513,128.0
3,SKU009,2025-04-06,76,91.12619133115528,82.0
3,SKU010,2025-04-06,149,138.59814809198934,124.0
3,SKU011,2025-04-06,20,19.993133883242336,20.0
3,SKU012,2025-04-06,218,214.93040183933533,223.0
3,SKU013,2025-04-06,111,114.10586746673063,114.0
3,SKU014,2025-04-06,163,189.91980188689453,174.0
3,SKU015,2025-04-06,40,35.30035649774039,29.0
3,SKU016,2025-04-06,116,120.39229957104239,109.0
3,SKU017,2025-04-06,114,118.328030144368,125.0
3,SKU018,2025-04-06,207,196.2197965056289,197.0
3,SKU019,2025-04-06,132,130.8191227160852,151.0
3,SKU020,2025-04-06,132,112.91720495425014,97.0
3,SKU021,2025-04-06,68,67.6836764297643,54.0
3,SKU022,2025-04-06,61,80.22913615329348,82.0
3,SKU023,2025-04-06,121,123.26940682291648,122.0
3,SKU024,2025-04-06,116,108.54321035682564,95.0
3,SKU025,2025-04-06,10,22.298488868243894,24.0
3,SKU026,2025-04-06,174,187.52731270765278,159.0
3,SKU027,2025-04-06,188,201.8246613636102,200.0
3,SKU028,2025-04-06,36,48.607439013604385,47.0
3,SKU029,2025-04-06,136,124.48090158368743,117.0
3,SKU030,2025-04-06,30,38.572655977968566,45.0
3,SKU031,2025-04-06,131,157.93576550509448,158.0
3,SKU032,2025-04-06,68,77.81134197677358,75.0
3,SKU033,2025-04-06,156,159.87251833396633,164.0
3,SKU034,2025-04-06,159,173.7855907109291,179.0
3,SKU035,2025-04-06,164,181.54217633029666,165.0
3,SKU036,2025-04-06,40,34.564868476678605,49.0
3,SKU037,2025-04-06,204,206.7253011106954,184.0
3,SKU038,2025-04-06,73,62.55411333143192,45.0
3,SKU039,2025-04-06,27,24.09373700373702,30.0
3,SKU040,2025-04-06,135,132.86770729081408,109.0
3,SKU041,2025-04-06,93,97.32050768415944,95.0
3,SKU042,2025-04-06,201,192.11705700356606,193.0
3,SKU043,2025-04-06,188,187.60271982104183,172.0
3,SKU044,2025-04-06,85,75.59639107018505,81.0
3,SKU045,2025-04-06,205,208.89053370562814,186.0
3,SKU046,2025-04-06,73,69.71661883870414,75.0
3,SKU047,2025-04-06,114,123.48156207413771,123.0
3,SKU048,2025-04-06,61,65.70256327954891,59.0
3,SKU049,2025-04-06,184,212.76724389653629,219.0
3,SKU050,2025-04-06,65,52.94783856713598,41.0
3,SKU001,2025-04-13,112,118.12952946444135,115.0
3,SKU002,2025-04-13,89,87.26622698056022,76.0
3,SKU003,2025-04-13,48,48.54600954259473,47.0
3,SKU004,2025-04-13,39,38.14950399095168,30.0
3,SKU005,2025-04-13,132,135.28013110532936,113.0
3,SKU006,2025-04-13,53,54.48069956857185,61.0
3,SKU007,2025-04-13,194,192.05985811826199,222.0
3,SKU008,2025-04-13,131,138.9581412748618,128.0
3,SKU009,2025-04-13,79,87.92049902999531,106.0
3,SKU010,2025-04-13,133,139.35270161896014,141.0
3,SKU011,2025-04-13,26,22.02165193448528,22.0
3,SKU012,2025-04-13,195,213.2174848269481,211.0
3,SKU013,2025-04-13,105,108.43020997338671,110.0
3,SKU014,2025-04-13,182,180.0184111397929,186.0
3,SKU015,2025-04-13,38,35.29048741021728,37.0
3,SKU016,2025-04-13,124,113.69053769364635,98.0
3,SKU017,2025-04-13,115,117.51328162842835,130.0
3,SKU018,2025-04-13,197,201.85873085638525,190.0
3,SKU019,2025-04-13,144,130.9060034275338,135.0
3,SKU020,2025-04-13,107,114.47668952089455,105.0
3,SKU021,2025-04-13,50,70.11086710253993,62.0
3,SKU022,2025-04-13,67,79.82280674977872,100.0
3,SKU023,2025-04-13,127,123.43419262765688,132.0
3,SKU024,2025-04-13,90,112.30856561561222,103.0
3,SKU025,2025-04-13,26,20.731368500338156,19.0
3,SKU026,2025-04-13,195,189.88366693921435,196.0
3,SKU027,2025-04-13,195,206.60374351375347,181.0
3,SKU028,2025-04-13,42,43.192984224409535,50.0
3,SKU029,2025-04-13,120,129.18383953277345,139.0
3,SKU030,2025-04-13,35,38.44583825132252,40.0
3,SKU031,2025-04-13,160,142.743714502708,130.0
3,SKU032,2025-04-13,78,72.86049022848802,74.0
3,SKU033,2025-04-13,159,155.35172540766598,178.0
3,SKU034,2025-04-13,150,176.17715036358908,174.0
3,SKU035,2025-04-13,187,182.35999305335108,187.0
3,SKU036,2025-04-13,46,36.03132205044548,44.0
3,SKU037,2025-04-13,195,202.05778058788584,221.0
3,SKU038,2025-04-13,73,63.19210713375664,74.0
3,SKU039,2025-04-13,24,20.542174061318793,31.0
3,SKU040,2025-04-13,122,131.4871176818128,126.0
3,SKU041,2025-04-13,96,87.37438180902132,78.0
3,SKU042,2025-04-13,168,188.06303640587103,194.0
3,SKU043,2025-04-13,176,190.71716043016136,170.0
3,SKU044,2025-04-13,67,77.65919064896987,76.0
3,SKU045,2025-04-13,233,206.92526516605227,219.0
3,SKU046,2025-04-13,59,68.15129564056751,68.0
3,SKU047,2025-04-13,104,116.27933150499285,95.0
3,SKU048,2025-04-13,80,69.06179249516981,65.0
3,SKU049,2025-04-13,213,203.59963983211102,199.0
3,SKU050,2025-04-13,48,57.39770728204552,43.0
3,SKU001,2025-04-20,108,114.41196871209605,103.0
3,SKU002,2025-04-20,82,86.02923726571652,93.0
3,SKU003,2025-04-20,48,51.13321853326986,47.0
3,SKU004,2025-04-20,45,36.13250885593021,44.0
3,SKU005,2025-04-20,134,134.63041519981536,140.0
3,SKU006,2025-04-20,46,52.38482372958077,54.0
3,SKU007,2025-04-20,200,195.35121846211675,199.0
3,SKU008,2025-04-20,138,132.5001944026908,139.0
3,SKU009,2025-04-20,69,85.38023411441522,100.0
3,SKU010,2025-04-20,137,136.59840226039398,121.0
3,SKU011,2025-04-20,22,18.933895786577303,19.0
3,SKU012,2025-04-20,198,201.69227363957066,216.0
3,SKU013,2025-04-20,114,113.73693909663086,128.0
3,SKU014,2025-04-20,176,179.80632663876386,198.0
3,SKU015,2025-04-20,36,37.261381409084066,26.0
3,SKU016,2025-04-20,98,121.92189077290452,125.0
3,SKU017,2025-04-20,115,120.29965171796813,108.0
3,SKU018,2025-04-20,212,195.29828274214205,209.0
3,SKU019,2025-04-20,135,132.97602138339312,132.0
3,SKU020,2025-04-20,117,107.78448825602136,122.0
3,SKU021,2025-04-20,66,66.80473688847869,80.0
3,SKU022,2025-04-20,77,73.19927793618008,73.0
3,SKU023,2025-04-20,120,124.10473863555444,118.0
3,SKU024,2025-04-20,110,111.91827615481085,113.0
3,SKU025,2025-04-20,14,23.31743351093351,17.0
3,SKU026,2025-04-20,160,187.25454454200732,181.0
3,SKU027,2025-04-20,228,197.592467830201,185.0
3,SKU028,2025-04-20,44,44.08332132609549,56.0
3,SKU029,2025-04-20,131,128.52854735781466,126.0
3,SKU030,2025-04-20,31,35.66482978314262,38.0
3,SKU031,2025-04-20,132,149.1256024005468,165.0
3,SKU032,2025-04-20,92,71.95648940826219,68.0
3,SKU033,2025-04-20,130,151.91006128837083,148.0
3,SKU034,2025-04-20,156,167.13273586805482,162.0
3,SKU035,2025-04-20,173,173.58457685764245,159.0
3,SKU036,2025-04-20,33,38.3442921568978,44.0
3,SKU037,2025-04-20,189,201.33605226125394,196.0
3,SKU038,2025-04-20,71,65.48046714144715,56.0
3,SKU039,2025-04-20,24,22.509485600917348,17.0
3,SKU040,2025-04-20,116,130.797485209357,131.0
3,SKU041,2025-04-20,91,91.81010851084343,99.0
3,SKU042,2025-04-20,174,192.06965844837188,163.0
3,SKU043,2025-04-20,184,191.90332709806046,187.0
3,SKU044,2025-04-20,84,78.84234617022597,77.0
3,SKU045,2025-04-20,216,212.684517204535,212.0
3,SKU046,2025-04-20,78,75.24630327876189,72.0
3,SKU047,2025-04-20,110,120.6879580075702,129.0
3,SKU048,2025-04-20,79,67.80442978271208,74.0
3,SKU049,2025-04-20,198,208.92287023940213,193.0
3,SKU050,2025-04-20,46,55.36788800606298,49.0
3,SKU001,2025-04-27,134,114.23613072259282,112.0
3,SKU002,2025-04-27,79,86.0005691347071,75.0
3,SKU003,2025-04-27,49,48.14113147351103,45.0
3,SKU004,2025-04-27,41,38.79752199072658,28.0
3,SKU005,2025-04-27,141,137.01454332655365,113.0
3,SKU006,2025-04-27,67,49.799852272689414,44.0
3,SKU007,2025-04-27,201,196.06532960536697,198.0
3,SKU008,2025-04-27,130,132.13028035212722,134.0
3,SKU009,2025-04-27,100,82.84895313020628,104.0
3,SKU010,2025-04-27,144,131.88880811223189,121.0
3,SKU011,2025-04-27,24,19.678220340412807,31.0
3,SKU012,2025-04-27,210,201.54275652876285,217.0
3,SKU013,2025-04-27,110,114.07257063388128,102.0
3,SKU014,2025-04-27,177,181.82690302817798,151.0
3,SKU015,2025-04-27,33,32.33501575223417,35.0
3,SKU016,2025-04-27,102,119.36065661866829,116.0
3,SKU017,2025-04-27,138,120.2778866794724,126.0
3,SKU018,2025-04-27,210,199.6936373444561,209.0
3,SKU019,2025-04-27,117,134.85907152935607,139.0
3,SKU020,2025-04-27,111,113.07114759608388,97.0
3,SKU021,2025-04-27,61,68.00288941952554,74.0
3,SKU022,2025-04-27,81,70.01651095886393,96.0
3,SKU023,2025-04-27,128,121.54800399130012,102.0
3,SKU024,2025-04-27,105,113.15696006055332,106.0
3,SKU025,2025-04-27,16,20.20538342004764,28.0
3,SKU026,2025-04-27,189,184.51965965303555,186.0
3,SKU027,2025-04-27,180,209.1753461591961,205.0
3,SKU028,2025-04-27,49,44.97919672899465,44.0
3,SKU029,2025-04-27,120,125.80487041056911,125.0
3,SKU030,2025-04-27,40,37.2270062925118,36.0
3,SKU031,2025-04-27,130,146.17943598704818,121.0
3,SKU032,2025-04-27,71,75.23231997407395,78.0
3,SKU033,2025-04-27,159,148.48865584187436,119.0
3,SKU034,2025-04-27,170,161.94948491834595,160.0
3,SKU035,2025-04-27,160,179.4659748118495,201.0
3,SKU036,2025-04-27,47,36.108885937822066,33.0
3,SKU037,2025-04-27,182,198.88419295847854,183.0
3,SKU038,2025-04-27,63,69.65583394172616,52.0
3,SKU039,2025-04-27,18,23.17692301877332,29.0
3,SKU040,2025-04-27,100,118.60810842653467,117.0
3,SKU041,2025-04-27,97,91.24447828969745,73.0
3,SKU042,2025-04-27,180,181.66906181963532,199.0
3,SKU043,2025-04-27,176,191.92380038482992,192.0
3,SKU044,2025-04-27,77,79.30412778578098,84.0
3,SKU045,2025-04-27,186,210.15864293951836,213.0
3,SKU046,2025-04-27,79,70.08700737335099,87.0
3,SKU047,2025-04-27,115,118.72512213274271,130.0
3,SKU048,2025-04-27,56,70.15019879782253,54.0
3,SKU049,2025-04-27,203,198.73857886116733,222.0
3,SKU050,2025-04-27,46,50.75955287477747,55.0
3,SKU001,2025-05-04,99,113.17039502769607,110.0
3,SKU002,2025-05-04,67,80.37297791938661,91.0
3,SKU003,2025-05-04,41,46.571448347475915,45.0
3,SKU004,2025-05-04,31,36.95230854470233,37.0
3,SKU005,2025-05-04,116,134.48291269931283,122.0
3,SKU006,2025-05-04,44,54.50902183320272,54.0
3,SKU007,2025-05-04,199,192.86689352734228,188.0
3,SKU008,2025-05-04,127,134.53903064029637,139.0
3,SKU009,2025-05-04,76,83.82805990690332,80.0
3,SKU010,2025-05-04,134,136.51095834838407,144.0
3,SKU011,2025-05-04,17,22.58665761325825,20.0
3,SKU012,2025-05-04,202,209.51752968894098,209.0
3,SKU013,2025-05-04,109,114.2831793253331,108.0
3,SKU014,2025-05-04,156,179.57017134241204,170.0
3,SKU015,2025-05-04,31,34.1414905547374,30.0
3,SKU016,2025-05-04,111,114.15731853725724,93.0
3,SKU017,2025-05-04,95,122.61511776152464,129.0
3,SKU018,2025-05-04,220,200.2615677427724,204.0
3,SKU019,2025-05-04,127,129.5734366459728,134.0
3,SKU020,2025-05-04,107,112.87554872480825,90.0
3,SKU021,2025-05-04,66,65.86853074964505,79.0
3,SKU022,2025-05-04,85,75.22806677163189,87.0
3,SKU023,2025-05-04,107,120.00900531798975,102.0
3,SKU024,2025-05-04,108,104.9880094150285,103.0
3,SKU025,2025-05-04,13,20.334157106793427,19.0
3,SKU026,2025-05-04,179,176.37103045057242,174.0
3,SKU027,2025-05-04,188,196.02313575724622,188.0
3,SKU028,2025-05-04,44,46.76223226488483,40.0
3,SKU029,2025-05-04,116,120.51217444079298,117.0
3,SKU030,2025-05-04,44,33.13011728438527,35.0
3,SKU031,2025-05-04,153,136.05391462846654,159.0
3,SKU032,2025-05-04,89,77.37619368769988,73.0
3,SKU033,2025-05-04,152,143.37547177763645,138.0
3,SKU034,2025-05-04,150,165.37099697857897,170.0
3,SKU035,2025-05-04,176,176.49751296905742,169.0
3,SKU036,2025-05-04,43,41.82444655100088,28.0
3,SKU037,2025-05-04,225,197.63097773431826,204.0
3,SKU038,2025-05-04,51,68.95452119243238,56.0
3,SKU039,2025-05-04,23,24.060539233272223,21.0
3,SKU040,2025-05-04,136,121.27587368271352,119.0
3,SKU041,2025-05-04,99,89.3832736812115,98.0
3,SKU042,2025-05-04,194,179.4015689842445,201.0
3,SKU043,2025-05-04,179,176.60367060774792,174.0
3,SKU044,2025-05-04,74,79.00433854021631,79.0
3,SKU045,2025-05-04,186,210.12011740359569,209.0
3,SKU046,2025-05-04,81,71.4513146432312,70.0
3,SKU047,2025-05-04,122,116.1460963598632,123.0
3,SKU048,2025-05-04,73,76.47940079960505,60.0
3,SKU049,2025-05-04,202,197.4496456534678,219.0
3,SKU050,2025-05-04,45,51.130706232425716,50.0
3,SKU001,2025-05-11,119,111.34497197691272,117.0
3,SKU002,2025-05-11,77,78.71102557286706,88.0
3,SKU003,2025-05-11,50,45.83147398644056,37.0
3,SKU004,2025-05-11,34,38.17998697941168,47.0
3,SKU005,2025-05-11,117,128.24336427806008,142.0
3,SKU006,2025-05-11,66,49.72811312668188,45.0
3,SKU007,2025-05-11,168,194.29545740304553,174.0
3,SKU008,2025-05-11,139,127.92665819745703,131.0
3,SKU009,2025-05-11,92,82.19417303651183,70.0
3,SKU010,2025-05-11,130,139.34863566111073,117.0
3,SKU011,2025-05-11,17,18.35951140331468,30.0
3,SKU012,2025-05-11,196,197.67261016274188,210.0
3,SKU013,2025-05-11,139,113.59726544443058,120.0
3,SKU014,2025-05-11,156,175.8803369918669,163.0
3,SKU015,2025-05-11,40,33.290128933102665,26.0
3,SKU016,2025-05-11,114,115.31289591372716,95.0
3,SKU017,2025-05-11,102,113.08144595802335,109.0
3,SKU018,2025-05-11,220,207.0667118031631,220.0
3,SKU019,2025-05-11,122,128.75129920179202,141.0
3,SKU020,2025-05-11,115,112.0966815210082,100.0
3,SKU021,2025-05-11,79,64.6674119326846,67.0
3,SKU022,2025-05-11,69,76.07299946473303,83.0
3,SKU023,2025-05-11,133,115.45624217202351,120.0
3,SKU024,2025-05-11,121,106.12977998617365,108.0
3,SKU025,2025-05-11,16,20.042147154193945,20.0
3,SKU026,2025-05-11,177,178.6147019744141,190.0
3,SKU027,2025-05-11,180,196.5030272204993,194.0
3,SKU028,2025-05-11,49,40.924936782205265,45.0
3,SKU029,2025-05-11,127,116.21930517793733,116.0
3,SKU030,2025-05-11,30,37.4334358594915,41.0
3,SKU031,2025-05-11,156,140.36720117758466,152.0
3,SKU032,2025-05-11,94,78.21306224775196,57.0
3,SKU033,2025-05-11,154,146.16262019258883,155.0
3,SKU034,2025-05-11,127,163.54617305733726,153.0
3,SKU035,2025-05-11,180,173.4960062105323,159.0
3,SKU036,2025-05-11,44,40.13798066010312,24.0
3,SKU037,2025-05-11,201,203.24392335114817,194.0
3,SKU038,2025-05-11,67,65.16069325451666,62.0
3,SKU039,2025-05-11,33,18.72900037321107,29.0
3,SKU040,2025-05-11,129,123.88791319490153,125.0
3,SKU041,2025-05-11,67,88.59498048080206,101.0
3,SKU042,2025-05-11,192,177.54760172699463,166.0
3,SKU043,2025-05-11,165,176.53166159559015,179.0
3,SKU044,2025-05-11,81,77.64393632206371,84.0
3,SKU045,2025-05-11,192,205.80064185351685,198.0
3,SKU046,2025-05-11,60,75.68990653758021,73.0
3,SKU047,2025-05-11,112,114.3489077126303,112.0
3,SKU048,2025-05-11,74,65.89335545434051,71.0
3,SKU049,2025-05-11,222,193.31538540049067,200.0
3,SKU050,2025-05-11,53,47.322744101144025,45.0
3,SKU001,2025-05-18,115,113.44554327304849,115.0
3,SKU002,2025-05-18,84,77.22052386491104,86.0
3,SKU003,2025-05-18,41,48.50007889897469,41.0
3,SKU004,2025-05-18,33,33.936643348993925,54.0
3,SKU005,2025-05-18,122,126.14609350407045,122.0
3,SKU006,2025-05-18,55,54.36400085012158,52.0
3,SKU007,2025-05-18,180,195.83472894699005,184.0
3,SKU008,2025-05-18,121,130.5407552067723,128.0
3,SKU009,2025-05-18,104,83.71912620505027,83.0
3,SKU010,2025-05-18,131,136.50471134160827,145.0
3,SKU011,2025-05-18,14,18.91076725955617,28.0
3,SKU012,2025-05-18,206,196.79371779912412,188.0
3,SKU013,2025-05-18,106,120.12145220801028,103.0
3,SKU014,2025-05-18,151,172.07606243582987,146.0
3,SKU015,2025-05-18,33,32.75778401193893,31.0
3,SKU016,2025-05-18,126,111.86088968069879,129.0
3,SKU017,2025-05-18,109,118.63944042719324,109.0
3,SKU018,2025-05-18,207,201.9238960998391,203.0
3,SKU019,2025-05-18,112,120.73258959459527,151.0
3,SKU020,2025-05-18,110,114.3551521727907,110.0
3,SKU021,2025-05-18,72,66.7942580019306,70.0
3,SKU022,2025-05-18,80,74.5236322186299,84.0
3,SKU023,2025-05-18,111,124.74904064037194,129.0
3,SKU024,2025-05-18,88,111.55690432329133,109.0
3,SKU025,2025-05-18,21,19.46773902532917,21.0
3,SKU026,2025-05-18,184,182.00655524458716,162.0
3,SKU027,2025-05-18,209,196.24839266114438,196.0
3,SKU028,2025-05-18,48,45.45244723542203,53.0
3,SKU029,2025-05-18,142,120.82431336205802,117.0
3,SKU030,2025-05-18,37,37.47823944648954,42.0
3,SKU031,2025-05-18,145,143.41884360760255,143.0
3,SKU032,2025-05-18,73,79.66109932989067,101.0
3,SKU033,2025-05-18,140,146.88843031427768,150.0
3,SKU034,2025-05-18,171,143.85666597742278,163.0
3,SKU035,2025-05-18,181,178.96039123168066,158.0
3,SKU036,2025-05-18,45,40.82726098681005,39.0
3,SKU037,2025-05-18,193,192.79812290014587,198.0
3,SKU038,2025-05-18,62,64.86506318428097,66.0
3,SKU039,2025-05-18,29,24.203634801092146,27.0
3,SKU040,2025-05-18,122,121.03807615453026,108.0
3,SKU041,2025-05-18,89,87.42718815241562,78.0
3,SKU042,2025-05-18,202,183.31410382857507,191.0
3,SKU043,2025-05-18,170,178.30569689500925,181.0
3,SKU044,2025-05-18,88,78.13454224341581,70.0
3,SKU045,2025-05-18,209,205.40446981735556,213.0
3,SKU046,2025-05-18,78,72.36592985974968,78.0
3,SKU047,2025-05-18,103,110.52253396956672,102.0
3,SKU048,2025-05-18,71,66.60664680035882,69.0
3,SKU049,2025-05-18,185,206.43048171483025,192.0
3,SKU050,2025-05-18,51,51.40023495218764,58.0
4,SKU001,2025-05-25,119,110.85750995206232,115.0
4,SKU002,2025-05-25,82,78.28510706132816,78.0
4,SKU003,2025-05-25,43,45.862576011983485,50.0
4,SKU004,2025-05-25,38,35.81323997462536,40.0
4,SKU005,2025-05-25,137,124.28435359008459,118.0
4,SKU006,2025-05-25,51,54.37133134601079,58.0
4,SKU007,2025-05-25,203,193.57096407332304,209.0
4,SKU008,2025-05-25,118,122.68358663987917,137.0
4,SKU009,2025-05-25,88,85.47866657403635,83.0
4,SKU010,2025-05-25,141,130.77020547863617,141.0
4,SKU011,2025-05-25,16,17.244539172172537,17.0
4,SKU012,2025-05-25,202,203.74412931584405,183.0
4,SKU013,2025-05-25,90,111.88743836865227,113.0
4,SKU014,2025-05-25,164,158.99389164901706,168.0
4,SKU015,2025-05-25,27,35.71444554112013,36.0
4,SKU016,2025-05-25,107,111.42715230166102,122.0
4,SKU017,2025-05-25,114,116.30802862788623,122.0
4,SKU018,2025-05-25,201,202.64615640707936,185.0
4,SKU019,2025-05-25,131,116.99624019643903,131.0
4,SKU020,2025-05-25,105,115.17040304667275,120.0
4,SKU021,2025-05-25,70,67.9004530603212,61.0
4,SKU022,2025-05-25,93,77.35799679842648,82.0
4,SKU023,2025-05-25,118,118.77673807772871,101.0
4,SKU024,2025-05-25,91,98.95057684478125,104.0
4,SKU025,2025-05-25,19,21.189453274709916,15.0
4,SKU026,2025-05-25,177,176.6265508019605,180.0
4,SKU027,2025-05-25,204,202.10292119548933,193.0
4,SKU028,2025-05-25,52,46.83980692733868,40.0
4,SKU029,2025-05-25,130,124.40785423578113,134.0
4,SKU030,2025-05-25,38,33.55866384601873,47.0
4,SKU031,2025-05-25,158,143.96106076127242,150.0
4,SKU032,2025-05-25,69,80.86427966227558,72.0
4,SKU033,2025-05-25,132,149.0277940482498,120.0
4,SKU034,2025-05-25,162,152.78022358298145,147.0
4,SKU035,2025-05-25,169,176.88816368115565,174.0
4,SKU036,2025-05-25,28,38.39591494116594,30.0
4,SKU037,2025-05-25,199,192.14970539665666,190.0
4,SKU038,2025-05-25,76,66.84873232779563,54.0
4,SKU039,2025-05-25,24,23.769397231762913,25.0
4,SKU040,2025-05-25,123,114.9197713428013,119.0
4,SKU041,2025-05-25,79,90.55528231917364,79.0
4,SKU042,2025-05-25,180,182.1687221029062,172.0
4,SKU043,2025-05-25,184,173.4630471771702,178.0
4,SKU044,2025-05-25,72,76.6507386840581,77.0
4,SKU045,2025-05-25,199,204.14975229146808,187.0
4,SKU046,2025-05-25,67,74.3569329758499,76.0
4,SKU047,2025-05-25,114,116.68258238366606,127.0
4,SKU048,2025-05-25,61,72.34200998681011,66.0
4,SKU049,2025-05-25,187,196.22439673324612,178.0
4,SKU050,2025-05-25,70,48.29478658747291,37.0
4,SKU001,2025-06-01,111,113.14473838275002,108.0
4,SKU002,2025-06-01,93,77.44669726772872,77.0
4,SKU003,2025-06-01,45,47.19840629814235,60.0
4,SKU004,2025-06-01,30,35.688639551809885,28.0
4,SKU005,2025-06-01,130,124.01305624032541,124.0
4,SKU006,2025-06-01,50,49.87047292675096,46.0
4,SKU007,2025-06-01,196,193.8861616462766,242.0
4,SKU008,2025-06-01,135,125.20475624324189,140.0
4,SKU009,2025-06-01,74,85.87047929705994,74.0
4,SKU010,2025-06-01,145,133.83648735797536,158.0
4,SKU011,2025-06-01,29,19.981013207918675,26.0
4,SKU012,2025-06-01,200,201.19070183599922,204.0
4,SKU013,2025-06-01,117,111.01753381735452,134.0
4,SKU014,2025-06-01,164,167.2941939338502,199.0
4,SKU015,2025-06-01,36,33.91465838423815,32.0
4,SKU016,2025-06-01,116,110.23103436535345,108.0
4,SKU017,2025-06-01,109,114.73124296115735,118.0
4,SKU018,2025-06-01,192,199.8941285501409,199.0
4,SKU019,2025-06-01,130,125.15113522375704,147.0
4,SKU020,2025-06-01,112,119.57721868712188,117.0
4,SKU021,2025-06-01,71,66.30647221324436,73.0
4,SKU022,2025-06-01,90,75.34284689087504,78.0
4,SKU023,2025-06-01,112,115.90444918453427,123.0
4,SKU024,2025-06-01,97,101.7222809739281,118.0
4,SKU025,2025-06-01,30,20.700235669524844,16.0
4,SKU026,2025-06-01,206,178.29803227825423,201.0
4,SKU027,2025-06-01,195,200.8279635384002,210.0
4,SKU028,2025-06-01,40,47.019789246872946,52.0
4,SKU029,2025-06-01,133,128.80314167782197,132.0
4,SKU030,2025-06-01,39,36.388972098959755,40.0
4,SKU031,2025-06-01,153,153.63040265585147,160.0
4,SKU032,2025-06-01,79,78.60207889448219,84.0
4,SKU033,2025-06-01,155,138.8885228916063,145.0
4,SKU034,2025-06-01,180,154.38851116101375,170.0
4,SKU035,2025-06-01,183,177.46332441152643,176.0
4,SKU036,2025-06-01,44,38.56124121865107,45.0
4,SKU037,2025-06-01,216,197.25058841711694,207.0
4,SKU038,2025-06-01,60,68.4038027652876,67.0
4,SKU039,2025-06-01,20,24.309268098957325,27.0
4,SKU040,2025-06-01,134,116.54036798769555,135.0
4,SKU041,2025-06-01,81,81.0452050570125,100.0
4,SKU042,2025-06-01,172,185.66114917177146,212.0
4,SKU043,2025-06-01,192,176.8718162314041,191.0
4,SKU044,2025-06-01,89,78.77944656054922,85.0
4,SKU045,2025-06-01,231,202.85818713554966,230.0
4,SKU046,2025-06-01,77,73.79303618701823,80.0
4,SKU047,2025-06-01,122,117.8381534213894,132.0
4,SKU048,2025-06-01,71,67.67300069999786,76.0
4,SKU049,2025-06-01,213,197.3049855580316,196.0
4,SKU050,2025-06-01,61,52.59542220016368,50.0
4,SKU001,2025-06-08,121,110.7534890512801,126.0
4,SKU002,2025-06-08,73,77.00787110421588,76.0
4,SKU003,2025-06-08,50,45.16443990609271,52.0
4,SKU004,2025-06-08,28,36.59981160411265,41.0
4,SKU005,2025-06-08,140,131.25633249483909,157.0
4,SKU006,2025-06-08,57,52.75034426945817,33.0
4,SKU007,2025-06-08,185,191.82760650163144,196.0
4,SKU008,2025-06-08,122,131.71361921298683,125.0
4,SKU009,2025-06-08,88,86.2389924925933,94.0
4,SKU010,2025-06-08,136,135.73779338056332,151.0
4,SKU011,2025-06-08,20,17.657669438025934,24.0
4,SKU012,2025-06-08,205,197.77424848336886,205.0
4,SKU013,2025-06-08,99,113.61265639447728,112.0
4,SKU014,2025-06-08,202,167.34386920703707,174.0
4,SKU015,2025-06-08,30,33.361981041411894,41.0
4,SKU016,2025-06-08,111,112.81001926055073,110.0
4,SKU017,2025-06-08,111,117.27747446868848,121.0
4,SKU018,2025-06-08,203,199.0867206411838,194.0
4,SKU019,2025-06-08,148,123.91533696458107,122.0
4,SKU020,2025-06-08,111,114.5231633223133,104.0
4,SKU021,2025-06-08,77,65.38725696566044,59.0
4,SKU022,2025-06-08,89,80.13626068644565,63.0
4,SKU023,2025-06-08,122,117.78493701932028,116.0
4,SKU024,2025-06-08,94,100.3041327883898,97.0
4,SKU025,2025-06-08,19,18.68463281894429,21.0
4,SKU026,2025-06-08,199,192.68761026366147,183.0
4,SKU027,2025-06-08,181,196.55922726753653,179.0
4,SKU028,2025-06-08,49,46.062500556884494,32.0
4,SKU029,2025-06-08,117,128.8957087319998,129.0
4,SKU030,2025-06-08,38,35.46162712291742,29.0
4,SKU031,2025-06-08,156,157.26572613256096,151.0
4,SKU032,2025-06-08,77,79.40844426637722,83.0
4,SKU033,2025-06-08,132,143.25316722916656,146.0
4,SKU034,2025-06-08,163,161.19667743346682,171.0
4,SKU035,2025-06-08,190,169.94383048876142,166.0
4,SKU036,2025-06-08,31,39.248646637886516,43.0
4,SKU037,2025-06-08,212,198.31078462179008,203.0
4,SKU038,2025-06-08,62,67.97031806188498,63.0
4,SKU039,2025-06-08,26,24.203638655049737,25.0
4,SKU040,2025-06-08,124,122.3457886296176,128.0
4,SKU041,2025-06-08,93,85.75002045378208,89.0
4,SKU042,2025-06-08,199,194.42192449712567,158.0
4,SKU043,2025-06-08,194,177.50760850625088,169.0
4,SKU044,2025-06-08,73,79.8490550356531,78.0
4,SKU045,2025-06-08,200,207.74926281761546,213.0
4,SKU046,2025-06-08,75,71.23750590661314,67.0
4,SKU047,2025-06-08,123,114.51547349310783,113.0
4,SKU048,2025-06-08,67,65.3895856319259,68.0
4,SKU049,2025-06-08,206,201.8011753279688,194.0
4,SKU050,2025-06-08,45,50.26889550922799,52.0
4,SKU001,2025-06-15,104,112.20266366377562,106.0
4,SKU002,2025-06-15,91,80.59607718641386,82.0
4,SKU003,2025-06-15,53,44.1363713614368,47.0
4,SKU004,2025-06-15,29,35.16275763788332,40.0
4,SKU005,2025-06-15,133,133.005106074054,138.0
4,SKU006,2025-06-15,64,48.90855993454372,41.0
4,SKU007,2025-06-15,174,193.37527200656695,203.0
4,SKU008,2025-06-15,136,120.05259644074128,106.0
4,SKU009,2025-06-15,86,82.95776642865069,93.0
4,SKU010,2025-06-15,141,136.9025622468699,141.0
4,SKU011,2025-06-15,26,19.553455097201233,19.0
4,SKU012,2025-06-15,204,204.62913030064868,230.0
4,SKU013,2025-06-15,115,101.83357079924984,92.0
4,SKU014,2025-06-15,163,170.06657222158148,175.0
4,SKU015,2025-06-15,23,35.127045303056484,36.0
4,SKU016,2025-06-15,112,110.20092957286438,107.0
4,SKU017,2025-06-15,113,109.56314790067113,110.0
4,SKU018,2025-06-15,201,202.7228519180625,191.0
4,SKU019,2025-06-15,115,133.16836386348686,137.0
4,SKU020,2025-06-15,89,111.96732391196737,127.0
4,SKU021,2025-06-15,79,65.31180674690616,76.0
4,SKU022,2025-06-15,90,82.03079652710493,91.0
4,SKU023,2025-06-15,117,112.85106199973741,114.0
4,SKU024,2025-06-15,105,94.15601711048072,95.0
4,SKU025,2025-06-15,23,19.610697091895084,16.0
4,SKU026,2025-06-15,201,181.15463492881824,175.0
4,SKU027,2025-06-15,165,202.06084618194166,219.0
4,SKU028,2025-06-15,41,44.348321372712135,48.0
4,SKU029,2025-06-15,121,126.07844412404607,142.0
4,SKU030,2025-06-15,51,33.956270513714436,47.0
4,SKU031,2025-06-15,162,153.01342731015004,150.0
4,SKU032,2025-06-15,78,77.16103159278212,65.0
4,SKU033,2025-06-15,154,139.69082934699767,152.0
4,SKU034,2025-06-15,162,172.8531544408943,165.0
4,SKU035,2025-06-15,163,171.19577161185208,195.0
4,SKU036,2025-06-15,30,36.95818698487879,41.0
4,SKU037,2025-06-15,195,204.57866043532198,186.0
4,SKU038,2025-06-15,58,65.86349757650413,65.0
4,SKU039,2025-06-15,26,24.03337842486918,24.0
4,SKU040,2025-06-15,113,118.5135041201303,128.0
4,SKU041,2025-06-15,98,81.26308502241962,90.0
4,SKU042,2025-06-15,181,180.59140254837666,195.0
4,SKU043,2025-06-15,178,190.26350848570954,179.0
4,SKU044,2025-06-15,88,79.37987398138337,81.0
4,SKU045,2025-06-15,221,203.38267800245023,239.0
4,SKU046,2025-06-15,66,70.73614231280193,76.0
4,SKU047,2025-06-15,125,108.55259642844203,102.0
4,SKU048,2025-06-15,59,67.0983718994857,67.0
4,SKU049,2025-06-15,206,208.17945147018992,190.0
4,SKU050,2025-06-15,49,52.80280073697906,49.0
4,SKU001,2025-06-22,110,109.75497759418167,100.0
4,SKU002,2025-06-22,84,79.54854783962314,62.0
4,SKU003,2025-06-22,48,46.672393034703795,57.0
4,SKU004,2025-06-22,48,34.72404754498819,37.0
4,SKU005,2025-06-22,116,135.5173713551365,149.0
4,SKU006,2025-06-22,42,52.66877180390914,42.0
4,SKU007,2025-06-22,187,189.53213431151255,219.0
4,SKU008,2025-06-22,101,129.76076504490587,134.0
4,SKU009,2025-06-22,81,80.97776793258282,64.0
4,SKU010,2025-06-22,139,138.61343448801628,153.0
4,SKU011,2025-06-22,18,20.00556652162933,16.0
4,SKU012,2025-06-22,190,201.3644072405789,213.0
4,SKU013,2025-06-22,118,112.11290060288319,107.0
4,SKU014,2025-06-22,159,171.71382064057977,176.0
4,SKU015,2025-06-22,32,32.1149552391598,29.0
4,SKU016,2025-06-22,112,113.31901188912906,106.0
4,SKU017,2025-06-22,114,107.62616646609698,102.0
4,SKU018,2025-06-22,212,199.46841425530863,198.0
4,SKU019,2025-06-22,136,126.13288004706422,110.0
4,SKU020,2025-06-22,116,101.57888884979889,122.0
4,SKU021,2025-06-22,67,68.707587036219,56.0
4,SKU022,2025-06-22,86,81.72777945130302,94.0
4,SKU023,2025-06-22,133,111.07711471366201,124.0
4,SKU024,2025-06-22,101,98.62891177321114,114.0
4,SKU025,2025-06-22,16,20.661659321505404,18.0
4,SKU026,2025-06-22,171,180.39132125799742,211.0
4,SKU027,2025-06-22,193,191.0380221092574,200.0
4,SKU028,2025-06-22,41,47.308587362210794,52.0
4,SKU029,2025-06-22,122,123.31686325418373,128.0
4,SKU030,2025-06-22,31,40.070331189809906,28.0
4,SKU031,2025-06-22,144,158.1206853439143,152.0
4,SKU032,2025-06-22,74,76.956379462057,74.0
4,SKU033,2025-06-22,165,146.33562519844514,158.0
4,SKU034,2025-06-22,163,171.0672138128784,170.0
4,SKU035,2025-06-22,152,176.2640694101504,159.0
4,SKU036,2025-06-22,42,37.12176429925346,27.0
4,SKU037,2025-06-22,200,197.7843563030726,191.0
4,SKU038,2025-06-22,60,62.157765320922266,50.0
4,SKU039,2025-06-22,32,23.539685032344085,25.0
4,SKU040,2025-06-22,125,114.5612798469238,124.0
4,SKU041,2025-06-22,78,83.93020288286728,89.0
4,SKU042,2025-06-22,179,186.1394931004302,184.0
4,SKU043,2025-06-22,180,188.46359178614668,169.0
4,SKU044,2025-06-22,71,78.7440550530034,77.0
4,SKU045,2025-06-22,177,205.87043196549368,217.0
4,SKU046,2025-06-22,58,68.64949483609355,64.0
4,SKU047,2025-06-22,133,111.21148417113577,133.0
4,SKU048,2025-06-22,77,64.43578083958566,74.0
4,SKU049,2025-06-22,197,207.82313685678565,187.0
4,SKU050,2025-06-22,63,54.790287899378676,50.0
4,SKU001,2025-06-29,134,113.00381453518321,124.0
4,SKU002,2025-06-29,70,75.41742329209619,80.0
4,SKU003,2025-06-29,44,46.23977248067689,30.0
4,SKU004,2025-06-29,31,35.79297942590858,34.0
4,SKU005,2025-06-29,134,122.51760775038136,145.0
4,SKU006,2025-06-29,54,52.80709954194311,59.0
4,SKU007,2025-06-29,212,188.43261753324384,204.0
4,SKU008,2025-06-29,118,119.93068440621968,144.0
4,SKU009,2025-06-29,92,81.53103959727186,84.0
4,SKU010,2025-06-29,123,137.5471317540456,129.0
4,SKU011,2025-06-29,22,22.194327180113003,19.0
4,SKU012,2025-06-29,173,196.9827295304897,202.0
4,SKU013,2025-06-29,128,111.62051566733022,107.0
4,SKU014,2025-06-29,191,168.0708637097977,184.0
4,SKU015,2025-06-29,25,33.606897340770544,29.0
4,SKU016,2025-06-29,116,109.05260169131213,108.0
4,SKU017,2025-06-29,133,105.65078646231333,125.0
4,SKU018,2025-06-29,194,202.56267650473242,197.0
4,SKU019,2025-06-29,129,127.96030885468929,117.0
4,SKU020,2025-06-29,104,111.62805893142993,113.0
4,SKU021,2025-06-29,69,67.87640225883911,56.0
4,SKU022,2025-06-29,83,75.23915724948615,76.0
4,SKU023,2025-06-29,130,116.34249214095973,118.0
4,SKU024,2025-06-29,107,95.68235808331288,105.0
4,SKU025,2025-06-29,25,17.488461864848006,25.0
4,SKU026,2025-06-29,161,183.54454456518576,182.0
4,SKU027,2025-06-29,183,182.38749470095658,178.0
4,SKU028,2025-06-29,43,46.241936563459944,52.0
4,SKU029,2025-06-29,114,118.17133503240458,127.0
4,SKU030,2025-06-29,47,37.404778984691994,30.0
4,SKU031,2025-06-29,136,152.95884691853857,164.0
4,SKU032,2025-06-29,55,74.98479777370092,71.0
4,SKU033,2025-06-29,145,144.10181140393075,146.0
4,SKU034,2025-06-29,172,170.65202548834557,181.0
4,SKU035,2025-06-29,177,168.86066018484405,177.0
4,SKU036,2025-06-29,40,35.589335727890955,39.0
4,SKU037,2025-06-29,202,197.16991647480393,211.0
4,SKU038,2025-06-29,75,59.444070333738175,74.0
4,SKU039,2025-06-29,31,25.44110095566953,21.0
4,SKU040,2025-06-29,119,122.12787827842801,97.0
4,SKU041,2025-06-29,72,85.12085537140419,88.0
4,SKU042,2025-06-29,197,186.62153267528282,159.0
4,SKU043,2025-06-29,179,186.97472162906539,172.0
4,SKU044,2025-06-29,62,79.19055714051473,90.0
4,SKU045,2025-06-29,207,196.69395944056362,204.0
4,SKU046,2025-06-29,79,68.12858659808316,65.0
4,SKU047,2025-06-29,110,122.39100829718302,128.0
4,SKU048,2025-06-29,73,65.94426577741103,57.0
4,SKU049,2025-06-29,220,199.22036119531245,200.0
4,SKU050,2025-06-29,55,47.762365655870774,47.0
4,SKU001,2025-07-06,101,111.32201036789937,84.0
4,SKU002,2025-07-06,53,74.16234341228322,81.0
4,SKU003,2025-07-06,42,43.99252162047001,43.0
4,SKU004,2025-07-06,27,34.289638008237496,28.0
4,SKU005,2025-07-06,99,123.86779166957484,105.0
4,SKU006,2025-07-06,41,49.27382932281366,54.0
4,SKU007,2025-07-06,181,177.4739625385507,187.0
4,SKU008,2025-07-06,128,112.73207973255592,112.0
4,SKU009,2025-07-06,83,81.9439673269325,78.0
4,SKU010,2025-07-06,111,128.60166433708153,103.0
4,SKU011,2025-07-06,25,19.126500303936684,19.0
4,SKU012,2025-07-06,171,173.28696139971137,173.0
4,SKU013,2025-07-06,101,107.75767181362586,94.0
4,SKU014,2025-07-06,134,151.75076554614972,137.0
4,SKU015,2025-07-06,22,29.280545308187236,27.0
4,SKU016,2025-07-06,101,102.08342010996459,93.0
4,SKU017,2025-07-06,105,108.29850127335133,112.0
4,SKU018,2025-07-06,164,176.40894299142224,163.0
4,SKU019,2025-07-06,94,125.85020538283578,113.0
4,SKU020,2025-07-06,104,100.41689431750733,94.0
4,SKU021,2025-07-06,57,65.80406070677434,60.0
4,SKU022,2025-07-06,70,78.45206174570909,58.0
4,SKU023,2025-07-06,105,120.84523604941137,109.0
4,SKU024,2025-07-06,94,101.2356424466675,100.0
4,SKU025,2025-07-06,18,19.814294524475454,24.0
4,SKU026,2025-07-06,150,163.71587354915607,163.0
4,SKU027,2025-07-06,165,156.9968161498517,149.0
4,SKU028,2025-07-06,32,43.61005436296059,42.0
4,SKU029,2025-07-06,102,109.32760274917014,118.0
4,SKU030,2025-07-06,27,40.51614606680807,36.0
4,SKU031,2025-07-06,124,137.7157179191328,133.0
4,SKU032,2025-07-06,70,73.01334830780416,66.0
4,SKU033,2025-07-06,137,142.04446936269554,134.0
4,SKU034,2025-07-06,134,145.13311628678798,148.0
4,SKU035,2025-07-06,148,149.8368230996799,143.0
4,SKU036,2025-07-06,33,34.03525237293814,21.0
4,SKU037,2025-07-06,188,174.8684268370518,166.0
4,SKU038,2025-07-06,57,59.81764660441077,52.0
4,SKU039,2025-07-06,19,26.9897368284331,21.0
4,SKU040,2025-07-06,117,108.58044504292681,103.0
4,SKU041,2025-07-06,79,77.96986744717464,62.0
4,SKU042,2025-07-06,163,171.58447860453768,142.0
4,SKU043,2025-07-06,155,155.00719273349782,136.0
4,SKU044,2025-07-06,61,75.18095682121289,71.0
4,SKU045,2025-07-06,160,180.6442180615681,177.0
4,SKU046,2025-07-06,55,64.86651379900798,63.0
4,SKU047,2025-07-06,110,109.9075563927807,119.0
4,SKU048,2025-07-06,50,66.13134848217902,64.0
4,SKU049,2025-07-06,156,179.39461777296788,167.0
4,SKU050,2025-07-06,44,50.06591271785514,44.0
4,SKU001,2025-07-13,111,103.32576602645533,101.0
4,SKU002,2025-07-13,78,75.21626557025219,74.0
4,SKU003,2025-07-13,44,44.06796480996131,32.0
4,SKU004,2025-07-13,32,33.6355258595341,33.0
4,SKU005,2025-07-13,104,112.77820193688298,114.0
4,SKU006,2025-07-13,31,52.56349888229428,42.0
4,SKU007,2025-07-13,187,170.24631685553013,179.0
4,SKU008,2025-07-13,109,116.26027696362442,120.0
4,SKU009,2025-07-13,69,81.05557592567376,63.0
4,SKU010,2025-07-13,120,117.444750904528,113.0
4,SKU011,2025-07-13,14,19.663323974516235,27.0
4,SKU012,2025-07-13,189,178.62835043406903,174.0
4,SKU013,2025-07-13,109,99.3481519158535,95.0
4,SKU014,2025-07-13,126,151.694873638961,158.0
4,SKU015,2025-07-13,23,27.84840946804009,30.0
4,SKU016,2025-07-13,103,103.55651233720664,99.0
4,SKU017,2025-07-13,97,100.21817015165182,109.0
4,SKU018,2025-07-13,156,171.18733485958478,181.0
4,SKU019,2025-07-13,100,110.65474825845372,115.0
4,SKU020,2025-07-13,89,96.91037792759361,96.0
4,SKU021,2025-07-13,68,67.0336609869945,53.0
4,SKU022,2025-07-13,58,76.53607453607992,74.0
4,SKU023,2025-07-13,100,106.2162698846868,88.0
4,SKU024,2025-07-13,79,91.4829864748286,83.0
4,SKU025,2025-07-13,15,18.166233958414924,23.0
4,SKU026,2025-07-13,153,156.17539815166003,138.0
4,SKU027,2025-07-13,185,159.50017576229874,168.0
4,SKU028,2025-07-13,46,36.47316144429655,37.0
4,SKU029,2025-07-13,107,108.84766776002674,101.0
4,SKU030,2025-07-13,29,36.29577723074198,27.0
4,SKU031,2025-07-13,111,133.6426209826544,120.0
4,SKU032,2025-07-13,63,67.72969940924584,69.0
4,SKU033,2025-07-13,118,137.45058901289033,136.0
4,SKU034,2025-07-13,118,147.33302740426382,120.0
4,SKU035,2025-07-13,123,147.1896539321758,159.0
4,SKU036,2025-07-13,33,33.64422321092386,21.0
4,SKU037,2025-07-13,210,175.03882359924026,181.0
4,SKU038,2025-07-13,57,58.174231397306045,46.0
4,SKU039,2025-07-13,24,25.488843497652585,18.0
4,SKU040,2025-07-13,106,104.77907448393738,116.0
4,SKU041,2025-07-13,73,77.53203229962462,63.0
4,SKU042,2025-07-13,158,154.6232828650891,145.0
4,SKU043,2025-07-13,161,150.66748068807806,172.0
4,SKU044,2025-07-13,79,70.92389463142895,71.0
4,SKU045,2025-07-13,156,165.4212832722833,150.0
4,SKU046,2025-07-13,78,60.53025016137184,58.0
4,SKU047,2025-07-13,106,108.89350476767913,84.0
4,SKU048,2025-07-13,48,61.90656179825359,66.0
4,SKU049,2025-07-13,179,167.70084049868265,165.0
4,SKU050,2025-07-13,49,50.94496201959147,42.0
5,SKU001,2025-07-20,118,102.63601235913048,75.0
5,SKU002,2025-07-20,69,70.94212312368795,84.0
5,SKU003,2025-07-20,37,38.018049931972,28.0
5,SKU004,2025-07-20,34,32.52896855042952,35.0
5,SKU005,2025-07-20,106,109.47227887382893,109.0
5,SKU006,2025-07-20,45,40.472569189537545,47.0
5,SKU007,2025-07-20,161,177.45793981481486,180.0
5,SKU008,2025-07-20,110,104.53610498829752,108.0
5,SKU009,2025-07-20,73,71.82722249517913,85.0
5,SKU010,2025-07-20,124,113.37911697016071,111.0
5,SKU011,2025-07-20,21,16.51313163463391,12.0
5,SKU012,2025-07-20,179,165.58851853927777,190.0
5,SKU013,2025-07-20,87,101.81083568745196,86.0
5,SKU014,2025-07-20,139,142.04184657638677,151.0
5,SKU015,2025-07-20,29,24.915884325332414,31.0
5,SKU016,2025-07-20,104,102.35207486599091,78.0
5,SKU017,2025-07-20,98,103.53464714544877,106.0
5,SKU018,2025-07-20,167,168.11452922262924,169.0
5,SKU019,2025-07-20,111,111.45114573915508,101.0
5,SKU020,2025-07-20,97,97.00975392203803,112.0
5,SKU021,2025-07-20,58,60.66141411853423,63.0
5,SKU022,2025-07-20,82,73.39871266820305,68.0
5,SKU023,2025-07-20,91,105.99051877929645,102.0
5,SKU024,2025-07-20,70,87.4131379225681,92.0
5,SKU025,2025-07-20,24,18.141985416542333,16.0
5,SKU026,2025-07-20,155,145.62333570687667,157.0
5,SKU027,2025-07-20,163,159.98510982379838,167.0
5,SKU028,2025-07-20,42,38.31160921359419,39.0
5,SKU029,2025-07-20,112,107.89365764248701,86.0
5,SKU030,2025-07-20,36,34.40385247696639,27.0
5,SKU031,2025-07-20,131,118.35788026160476,126.0
5,SKU032,2025-07-20,54,61.62958406862536,75.0
5,SKU033,2025-07-20,121,125.2774472445887,122.0
5,SKU034,2025-07-20,147,139.17809826223356,127.0
5,SKU035,2025-07-20,132,139.97839754393948,132.0
5,SKU036,2025-07-20,37,32.36414590352833,49.0
5,SKU037,2025-07-20,182,179.19479699479703,178.0
5,SKU038,2025-07-20,59,56.992807652067945,54.0
5,SKU039,2025-07-20,18,24.36241462370993,18.0
5,SKU040,2025-07-20,99,105.99394383473262,102.0
5,SKU041,2025-07-20,93,69.93890237298838,70.0
5,SKU042,2025-07-20,161,157.71179354977812,147.0
5,SKU043,2025-07-20,161,156.8417077377369,141.0
5,SKU044,2025-07-20,72,65.86008296171948,78.0
5,SKU045,2025-07-20,187,171.2458368012162,157.0
5,SKU046,2025-07-20,74,61.89114587058627,60.0
5,SKU047,2025-07-20,105,105.90482579712084,102.0
5,SKU048,2025-07-20,52,56.76653565417604,58.0
5,SKU049,2025-07-20,171,171.15921693121683,188.0
5,SKU050,2025-07-20,53,50.07918056991571,50.0
5,SKU001,2025-07-27,111,102.81451749304698,96.0
5,SKU002,2025-07-27,76,66.71051252136121,59.0
5,SKU003,2025-07-27,41,39.595424854676736,42.0
5,SKU004,2025-07-27,29,30.276629847647133,32.0
5,SKU005,2025-07-27,124,110.15921357173997,114.0
5,SKU006,2025-07-27,43,38.87734917470028,48.0
5,SKU007,2025-07-27,167,168.04139550264549,172.0
5,SKU008,2025-07-27,105,105.80756333129669,134.0
5,SKU009,2025-07-27,67,74.00359389551723,82.0
5,SKU010,2025-07-27,105,110.3403467996084,119.0
5,SKU011,2025-07-27,11,16.490981555434445,14.0
5,SKU012,2025-07-27,155,163.04385118593586,198.0
5,SKU013,2025-07-27,87,105.2848921569575,107.0
5,SKU014,2025-07-27,148,143.2472447341151,154.0
5,SKU015,2025-07-27,27,25.864398233599328,26.0
5,SKU016,2025-07-27,97,102.86049398890273,92.0
5,SKU017,2025-07-27,83,105.62778968877295,104.0
5,SKU018,2025-07-27,159,170.06120980266732,158.0
5,SKU019,2025-07-27,90,113.32941579822037,108.0
5,SKU020,2025-07-27,96,93.08646604117385,97.0
5,SKU021,2025-07-27,62,62.0874321489923,55.0
5,SKU022,2025-07-27,64,73.45926647499225,70.0
5,SKU023,2025-07-27,107,107.1531824619697,109.0
5,SKU024,2025-07-27,73,87.48852362405273,92.0
5,SKU025,2025-07-27,23,16.85298201185958,14.0
5,SKU026,2025-07-27,173,156.239285682049,137.0
5,SKU027,2025-07-27,155,158.02638487952993,154.0
5,SKU028,2025-07-27,36,40.43832658206694,46.0
5,SKU029,2025-07-27,120,104.65909544702572,134.0
5,SKU030,2025-07-27,29,33.458388344621675,32.0
5,SKU031,2025-07-27,127,115.01763918219976,122.0
5,SKU032,2025-07-27,52,59.72253007940485,53.0
5,SKU033,2025-07-27,119,119.27358433828888,125.0
5,SKU034,2025-07-27,152,134.40668792338766,132.0
5,SKU035,2025-07-27,154,134.98257950726335,159.0
5,SKU036,2025-07-27,26,32.63351421473349,31.0
5,SKU037,2025-07-27,149,181.44878907203912,169.0
5,SKU038,2025-07-27,50,57.60861771299321,60.0
5,SKU039,2025-07-27,34,23.654187795612362,16.0
5,SKU040,2025-07-27,97,105.89970912006451,109.0
5,SKU041,2025-07-27,69,81.57775211400119,66.0
5,SKU042,2025-07-27,157,156.39546009337386,158.0
5,SKU043,2025-07-27,132,155.38522797160303,160.0
5,SKU044,2025-07-27,69,66.04463109572202,78.0
5,SKU045,2025-07-27,170,168.35410127843406,181.0
5,SKU046,2025-07-27,78,67.10563269637086,69.0
5,SKU047,2025-07-27,107,104.38864226688851,108.0
5,SKU048,2025-07-27,67,56.268585777416654,58.0
5,SKU049,2025-07-27,168,168.270006974507,174.0
5,SKU050,2025-07-27,43,49.397892752706426,29.0
5,SKU001,2025-08-03,101,103.12480300129874,94.0
5,SKU002,2025-08-03,75,65.62943710458575,51.0
5,SKU003,2025-08-03,26,38.12534225255309,45.0
5,SKU004,2025-08-03,33,30.028404152520878,32.0
5,SKU005,2025-08-03,115,107.16272360107766,108.0
5,SKU006,2025-08-03,49,40.0739907114294,45.0
5,SKU007,2025-08-03,181,159.26464515722026,160.0
5,SKU008,2025-08-03,112,105.95539224346555,100.0
5,SKU009,2025-08-03,69,71.62302447705278,85.0
5,SKU010,2025-08-03,91,105.78105290425381,110.0
5,SKU011,2025-08-03,18,16.063851622480865,12.0
5,SKU012,2025-08-03,160,162.1136880320743,163.0
5,SKU013,2025-08-03,85,92.9447942781967,104.0
5,SKU014,2025-08-03,141,135.95553766775092,132.0
5,SKU015,2025-08-03,25,25.61286792557394,24.0
5,SKU016,2025-08-03,85,89.29020265364616,90.0
5,SKU017,2025-08-03,82,92.62071557646728,98.0
5,SKU018,2025-08-03,179,157.47579357820592,172.0
5,SKU019,2025-08-03,116,97.95072987338533,115.0
5,SKU020,2025-08-03,69,92.72217710080095,102.0
5,SKU021,2025-08-03,54,61.17953336689045,55.0
5,SKU022,2025-08-03,70,70.29835100009274,59.0
5,SKU023,2025-08-03,102,101.39134757059186,105.0
5,SKU024,2025-08-03,104,81.73630905664834,88.0
5,SKU025,2025-08-03,20,17.788201620237373,18.0
5,SKU026,2025-08-03,156,147.25659681141678,144.0
5,SKU027,2025-08-03,156,155.60404994451008,151.0
5,SKU028,2025-08-03,35,35.56424392087829,30.0
5,SKU029,2025-08-03,97,104.14043812041997,100.0
5,SKU030,2025-08-03,33,32.71024487548134,38.0
5,SKU031,2025-08-03,121,116.14933207741322,98.0
5,SKU032,2025-08-03,80,58.505352138783756,46.0
5,SKU033,2025-08-03,112,112.65111860753738,112.0
5,SKU034,2025-08-03,124,139.69312263672848,117.0
5,SKU035,2025-08-03,137,140.07505311060928,144.0
5,SKU036,2025-08-03,33,31.95926900140438,25.0
5,SKU037,2025-08-03,143,163.39803787138788,179.0
5,SKU038,2025-08-03,45,57.658080372144944,52.0
5,SKU039,2025-08-03,23,26.130524927003187,15.0
5,SKU040,2025-08-03,108,105.09326179907121,109.0
5,SKU041,2025-08-03,63,70.63328554862855,71.0
5,SKU042,2025-08-03,167,154.43965245905756,143.0
5,SKU043,2025-08-03,149,147.5281189254167,160.0
5,SKU044,2025-08-03,65,64.58131542480652,66.0
5,SKU045,2025-08-03,149,173.6169939058799,172.0
5,SKU046,2025-08-03,51,66.01585306538558,62.0
5,SKU047,2025-08-03,120,104.93028501755103,99.0
5,SKU048,2025-08-03,43,53.02276594767992,55.0
5,SKU049,2025-08-03,158,172.47663174238332,176.0
5,SKU050,2025-08-03,36,46.39171700988196,39.0
5,SKU001,2025-08-10,77,102.09111119531809,82.0
5,SKU002,2025-08-10,60,63.41206659440753,65.0
5,SKU003,2025-08-10,38,39.17728669850756,35.0
5,SKU004,2025-08-10,26,29.934929918811154,33.0
5,SKU005,2025-08-10,96,105.24358366458496,95.0
5,SKU006,2025-08-10,46,41.880161077467186,25.0
5,SKU007,2025-08-10,145,157.76552058409442,141.0
5,SKU008,2025-08-10,101,104.56770587799045,97.0
5,SKU009,2025-08-10,66,69.48010010557822,66.0
5,SKU010,2025-08-10,95,107.36652560737203,103.0
5,SKU011,2025-08-10,22,17.172539759737315,16.0
5,SKU012,2025-08-10,163,159.61622713057108,163.0
5,SKU013,2025-08-10,82,95.66656004422958,85.0
5,SKU014,2025-08-10,121,137.0621601079404,144.0
5,SKU015,2025-08-10,23,24.21966539293562,22.0
5,SKU016,2025-08-10,93,93.13360377892597,82.0
5,SKU017,2025-08-10,76,91.63532850246796,100.0
5,SKU018,2025-08-10,139,165.71937805732873,164.0
5,SKU019,2025-08-10,104,108.00080744617158,89.0
5,SKU020,2025-08-10,94,88.69313864016407,88.0
5,SKU021,2025-08-10,60,60.39447460690461,52.0
5,SKU022,2025-08-10,64,68.70016549069953,64.0
5,SKU023,2025-08-10,107,96.46936969407771,105.0
5,SKU024,2025-08-10,84,88.00782082838094,83.0
5,SKU025,2025-08-10,17,19.074528668786883,17.0
5,SKU026,2025-08-10,150,147.85924322805346,138.0
5,SKU027,2025-08-10,120,156.49177755520122,149.0
5,SKU028,2025-08-10,40,38.12324653806661,28.0
5,SKU029,2025-08-10,93,103.840098274053,98.0
5,SKU030,2025-08-10,30,31.765442461123136,45.0
5,SKU031,2025-08-10,129,113.26471354655332,145.0
5,SKU032,2025-08-10,51,59.103831881207604,61.0
5,SKU033,2025-08-10,110,113.5369135436088,107.0
5,SKU034,2025-08-10,111,134.5536422783588,129.0
5,SKU035,2025-08-10,134,135.64282437863724,137.0
5,SKU036,2025-08-10,26,32.18863615371018,21.0
5,SKU037,2025-08-10,162,158.4816811785434,144.0
5,SKU038,2025-08-10,42,52.46298546498572,51.0
5,SKU039,2025-08-10,23,25.28025150071143,16.0
5,SKU040,2025-08-10,90,100.19716021396569,103.0
5,SKU041,2025-08-10,72,67.35145738339855,71.0
5,SKU042,2025-08-10,141,151.75099873111685,139.0
5,SKU043,2025-08-10,156,144.71743082622115,123.0
5,SKU044,2025-08-10,66,64.48091898531479,60.0
5,SKU045,2025-08-10,151,165.6798364706279,169.0
5,SKU046,2025-08-10,69,64.63037504001049,73.0
5,SKU047,2025-08-10,95,103.62372798472539,93.0
5,SKU048,2025-08-10,50,54.916132655900725,53.0
5,SKU049,2025-08-10,159,160.09968691348556,164.0
5,SKU050,2025-08-10,35,37.556870547171926,33.0
5,SKU001,2025-08-17,90,94.80015333247822,89.0
5,SKU002,2025-08-17,70,65.79936295651126,58.0
5,SKU003,2025-08-17,39,34.56062606693937,37.0
5,SKU004,2025-08-17,26,31.423154566668455,30.0
5,SKU005,2025-08-17,114,104.25021296361363,103.0
5,SKU006,2025-08-17,38,37.54879839610688,39.0
5,SKU007,2025-08-17,158,152.41778655829017,164.0
5,SKU008,2025-08-17,126,103.5025678898324,99.0
5,SKU009,2025-08-17,61,69.38895006077878,70.0
5,SKU010,2025-08-17,113,103.05245064169488,103.0
5,SKU011,2025-08-17,14,17.507075794447253,17.0
5,SKU012,2025-08-17,177,160.29931768353464,154.0
5,SKU013,2025-08-17,106,88.74234477855515,71.0
5,SKU014,2025-08-17,123,131.97375208403022,123.0
5,SKU015,2025-08-17,27,24.037510303477177,24.0
5,SKU016,2025-08-17,85,91.19248665588978,96.0
5,SKU017,2025-08-17,85,86.80507004284256,94.0
5,SKU018,2025-08-17,146,150.0534324973717,167.0
5,SKU019,2025-08-17,106,102.03079844404863,93.0
5,SKU020,2025-08-17,87,90.0188702519123,96.0
5,SKU021,2025-08-17,54,55.89291432687719,68.0
5,SKU022,2025-08-17,64,64.86467676204063,56.0
5,SKU023,2025-08-17,102,101.35657788276541,82.0
5,SKU024,2025-08-17,83,85.12280963451418,86.0
5,SKU025,2025-08-17,13,15.613050278027146,17.0
5,SKU026,2025-08-17,128,144.8051998730325,138.0
5,SKU027,2025-08-17,146,144.71868332108056,158.0
5,SKU028,2025-08-17,31,35.1399569596268,31.0
5,SKU029,2025-08-17,113,100.05941990989562,107.0
5,SKU030,2025-08-17,28,32.16330514473033,25.0
5,SKU031,2025-08-17,136,112.5349979652479,120.0
5,SKU032,2025-08-17,65,53.29054735682812,54.0
5,SKU033,2025-08-17,96,106.60765686236277,103.0
5,SKU034,2025-08-17,135,121.71157207392217,120.0
5,SKU035,2025-08-17,146,135.4031061515314,137.0
5,SKU036,2025-08-17,22,33.474741970685855,24.0
5,SKU037,2025-08-17,146,152.48095544855227,156.0
5,SKU038,2025-08-17,60,48.75153064247105,51.0
5,SKU039,2025-08-17,20,24.733086509353544,24.0
5,SKU040,2025-08-17,92,93.00743546630133,109.0
5,SKU041,2025-08-17,81,66.25927784844264,71.0
5,SKU042,2025-08-17,142,145.25144918302584,141.0
5,SKU043,2025-08-17,142,141.8865346629049,136.0
5,SKU044,2025-08-17,61,69.02976631405085,76.0
5,SKU045,2025-08-17,155,157.02297432580502,197.0
5,SKU046,2025-08-17,64,65.36361731311617,59.0
5,SKU047,2025-08-17,101,104.60348982649872,66.0
5,SKU048,2025-08-17,35,53.11794107535374,59.0
5,SKU049,2025-08-17,163,157.15855138524196,151.0
5,SKU050,2025-08-17,43,39.149318211120786,49.0
5,SKU001,2025-08-24,91,95.70113002480304,98.0
5,SKU002,2025-08-24,70,63.1396067419616,46.0
5,SKU003,2025-08-24,34,36.21226678189362,38.0
5,SKU004,2025-08-24,18,27.457239916357626,29.0
5,SKU005,2025-08-24,95,103.58306935112228,113.0
5,SKU006,2025-08-24,42,38.43347803174764,34.0
5,SKU007,2025-08-24,146,147.4262020181004,160.0
5,SKU008,2025-08-24,89,105.49757779631098,113.0
5,SKU009,2025-08-24,69,65.82902730494412,59.0
5,SKU010,2025-08-24,100,107.8473741008514,99.0
5,SKU011,2025-08-24,24,16.639046345379406,9.0
5,SKU012,2025-08-24,178,152.32561282516298,169.0
5,SKU013,2025-08-24,96,92.57591121949233,91.0
5,SKU014,2025-08-24,131,122.20895311314159,129.0
5,SKU015,2025-08-24,26,23.24658107866477,25.0
5,SKU016,2025-08-24,90,88.8395613269025,78.0
5,SKU017,2025-08-24,85,86.06688392748754,95.0
5,SKU018,2025-08-24,151,148.75376410664094,169.0
5,SKU019,2025-08-24,109,99.06948950470115,104.0
5,SKU020,2025-08-24,99,89.16420141107888,95.0
5,SKU021,2025-08-24,60,57.005178790377784,59.0
5,SKU022,2025-08-24,69,65.19944960516212,68.0
5,SKU023,2025-08-24,95,93.5071327457901,99.0
5,SKU024,2025-08-24,69,82.96737290389491,100.0
5,SKU025,2025-08-24,18,16.00278603426975,19.0
5,SKU026,2025-08-24,123,146.03085063416324,144.0
5,SKU027,2025-08-24,145,134.99495292299676,165.0
5,SKU028,2025-08-24,27,34.533485484090946,37.0
5,SKU029,2025-08-24,114,104.5562850986097,106.0
5,SKU030,2025-08-24,36,30.207048183009217,30.0
5,SKU031,2025-08-24,111,112.25660702211252,104.0
5,SKU032,2025-08-24,51,56.11247555937618,42.0
5,SKU033,2025-08-24,113,108.2540340562176,109.0
5,SKU034,2025-08-24,103,118.92682804612673,95.0
5,SKU035,2025-08-24,117,130.66430643696717,125.0
5,SKU036,2025-08-24,27,29.66800186872459,34.0
5,SKU037,2025-08-24,170,142.77692341369755,134.0
5,SKU038,2025-08-24,47,49.98366111961616,42.0
5,SKU039,2025-08-24,18,24.877294776995317,29.0
5,SKU040,2025-08-24,110,93.04741754627031,110.0
5,SKU041,2025-08-24,66,66.83812056150991,67.0
5,SKU042,2025-08-24,154,145.92993916304883,126.0
5,SKU043,2025-08-24,130,136.55410330854508,123.0
5,SKU044,2025-08-24,70,66.33272052768606,55.0
5,SKU045,2025-08-24,159,148.95607534582734,130.0
5,SKU046,2025-08-24,54,62.43276029552266,60.0
5,SKU047,2025-08-24,86,104.78873354322555,101.0
5,SKU048,2025-08-24,45,47.815152924616044,59.0
5,SKU049,2025-08-24,145,152.76893555922445,138.0
5,SKU050,2025-08-24,35,40.62537171229114,29.0
5,SKU001,2025-08-31,97,89.75496210543766,92.0
5,SKU002,2025-08-31,79,64.52610076594748,69.0
5,SKU003,2025-08-31,27,34.95158621738961,40.0
5,SKU004,2025-08-31,36,26.59264312729991,22.0
5,SKU005,2025-08-31,96,100.56554144408082,122.0
5,SKU006,2025-08-31,36,38.55159908238625,55.0
5,SKU007,2025-08-31,170,151.7135416001257,151.0
5,SKU008,2025-08-31,101,102.6198443655172,107.0
5,SKU009,2025-08-31,62,63.8533509426965,58.0
5,SKU010,2025-08-31,114,96.27289023412999,96.0
5,SKU011,2025-08-31,11,16.888919438408358,17.0
5,SKU012,2025-08-31,171,159.84297531675614,176.0
5,SKU013,2025-08-31,84,85.71299556687974,86.0
5,SKU014,2025-08-31,157,116.73855005391044,135.0
5,SKU015,2025-08-31,28,23.79287998667051,28.0
5,SKU016,2025-08-31,85,88.65309809517917,98.0
5,SKU017,2025-08-31,78,80.44948206587578,85.0
5,SKU018,2025-08-31,161,151.01530372539776,171.0
5,SKU019,2025-08-31,93,97.9122007728311,102.0
5,SKU020,2025-08-31,74,90.77989491032444,102.0
5,SKU021,2025-08-31,43,55.98422142611481,53.0
5,SKU022,2025-08-31,49,66.25183362068088,66.0
5,SKU023,2025-08-31,82,91.58751170743471,85.0
5,SKU024,2025-08-31,93,72.40679613711102,88.0
5,SKU025,2025-08-31,22,17.686506482184175,26.0
5,SKU026,2025-08-31,129,130.2898871627914,129.0
5,SKU027,2025-08-31,138,135.91613030165465,154.0
5,SKU028,2025-08-31,45,33.88836504354638,31.0
5,SKU029,2025-08-31,103,109.02073747821508,99.0
5,SKU030,2025-08-31,32,27.920781287955123,39.0
5,SKU031,2025-08-31,123,112.45674593498424,124.0
5,SKU032,2025-08-31,55,57.9634475111937,50.0
5,SKU033,2025-08-31,115,107.34840303342986,107.0
5,SKU034,2025-08-31,138,112.87057082526087,115.0
5,SKU035,2025-08-31,132,123.08962869099528,135.0
5,SKU036,2025-08-31,43,30.96672371632037,28.0
5,SKU037,2025-08-31,171,150.26711458120297,156.0
5,SKU038,2025-08-31,49,47.97079991669765,48.0
5,SKU039,2025-08-31,13,16.66250164990163,16.0
5,SKU040,2025-08-31,99,102.51614831531809,85.0
5,SKU041,2025-08-31,80,67.60410412718605,77.0
5,SKU042,2025-08-31,162,142.09794098574443,147.0
5,SKU043,2025-08-31,139,131.2512296330577,140.0
5,SKU044,2025-08-31,51,64.47673464388141,70.0
5,SKU045,2025-08-31,138,160.38427542264427,158.0
5,SKU046,2025-08-31,58,59.26974133016238,55.0
5,SKU047,2025-08-31,92,95.79189681535581,110.0
5,SKU048,2025-08-31,60,39.46899442622564,65.0
5,SKU049,2025-08-31,159,145.24422550968316,156.0
5,SKU050,2025-08-31,34,38.405744272623664,37.0
5,SKU001,2025-09-07,88,90.90814402222682,96.0
5,SKU002,2025-09-07,62,65.36515280306315,56.0
5,SKU003,2025-09-07,34,34.55572415807595,38.0
5,SKU004,2025-09-07,38,30.32503690161834,30.0
5,SKU005,2025-09-07,95,95.59286841954471,113.0
5,SKU006,2025-09-07,43,38.11047714488741,33.0
5,SKU007,2025-09-07,152,152.09278848246151,157.0
5,SKU008,2025-09-07,92,98.48888913783358,115.0
5,SKU009,2025-09-07,71,66.2535670451423,58.0
5,SKU010,2025-09-07,104,115.39348856045319,92.0
5,SKU011,2025-09-07,16,15.747611766558254,18.0
5,SKU012,2025-09-07,180,160.12998411198302,151.0
5,SKU013,2025-09-07,99,90.50582157490793,98.0
5,SKU014,2025-09-07,127,139.79529973024682,146.0
5,SKU015,2025-09-07,28,24.632569930987486,25.0
5,SKU016,2025-09-07,66,90.32967691220352,94.0
5,SKU017,2025-09-07,71,84.19119907422163,98.0
5,SKU018,2025-09-07,150,151.93514318557195,158.0
5,SKU019,2025-09-07,103,96.08141618801461,104.0
5,SKU020,2025-09-07,97,85.90911754184114,84.0
5,SKU021,2025-09-07,47,55.29764898638845,52.0
5,SKU022,2025-09-07,55,60.40626179745762,64.0
5,SKU023,2025-09-07,76,92.63061414010889,88.0
5,SKU024,2025-09-07,104,80.88018921008432,84.0
5,SKU025,2025-09-07,17,20.419018508475293,16.0
5,SKU026,2025-09-07,153,134.7286439291454,146.0
5,SKU027,2025-09-07,167,140.78707042409357,127.0
5,SKU028,2025-09-07,35,34.572075654158176,41.0
5,SKU029,2025-09-07,90,110.93704081169666,109.0
5,SKU030,2025-09-07,26,28.668995943079256,26.0
5,SKU031,2025-09-07,118,116.87067676493548,110.0
5,SKU032,2025-09-07,48,54.272423902553676,58.0
5,SKU033,2025-09-07,97,103.97549811942585,109.0
5,SKU034,2025-09-07,150,119.27031252500844,110.0
5,SKU035,2025-09-07,147,129.54501463053708,120.0
5,SKU036,2025-09-07,28,30.506436321729307,33.0
5,SKU037,2025-09-07,133,152.78401789640333,155.0
5,SKU038,2025-09-07,48,49.56149652174312,58.0
5,SKU039,2025-09-07,17,15.763786130713187,26.0
5,SKU040,2025-09-07,105,91.6964567694352,94.0
5,SKU041,2025-09-07,72,72.43578700610706,63.0
5,SKU042,2025-09-07,146,150.33517068711615,147.0
5,SKU043,2025-09-07,133,136.28164588546727,148.0
5,SKU044,2025-09-07,56,60.886328141956135,60.0
5,SKU045,2025-09-07,163,150.52601427045303,159.0
5,SKU046,2025-09-07,53,62.0211665259486,60.0
5,SKU047,2025-09-07,103,93.01551170933071,96.0
5,SKU048,2025-09-07,57,48.04736300122625,41.0
5,SKU049,2025-09-07,152,149.55491551847848,152.0
5,SKU050,2025-09-07,29,37.40100805819379,37.0
6,SKU001,2025-09-14,93,92.42918494390958,89.0
6,SKU002,2025-09-14,65,68.86527825894531,61.0
6,SKU003,2025-09-14,42,33.19398847770512,30.0
6,SKU004,2025-09-14,29,30.460832505560113,34.0
6,SKU005,2025-09-14,96,98.85431409776122,104.0
6,SKU006,2025-09-14,40,36.98027589369249,38.0
6,SKU007,2025-09-14,153,151.77739682074332,174.0
6,SKU008,2025-09-14,90,97.66110519841438,93.0
6,SKU009,2025-09-14,87,59.81437104407155,56.0
6,SKU010,2025-09-14,92,96.81572621111461,116.0
6,SKU011,2025-09-14,16,18.445487144525792,22.0
6,SKU012,2025-09-14,160,160.07759255363678,167.0
6,SKU013,2025-09-14,105,86.54897423468427,101.0
6,SKU014,2025-09-14,151,135.19887903892737,145.0
6,SKU015,2025-09-14,24,27.055187020404624,26.0
6,SKU016,2025-09-14,78,81.87182168996492,77.0
6,SKU017,2025-09-14,77,80.13402787391075,88.0
6,SKU018,2025-09-14,155,157.45915242277636,158.0
6,SKU019,2025-09-14,76,100.24343186966345,108.0
6,SKU020,2025-09-14,91,90.65040630487249,69.0
6,SKU021,2025-09-14,55,53.25240545606921,55.0
6,SKU022,2025-09-14,67,58.49344442081261,59.0
6,SKU023,2025-09-14,53,87.49507947340643,87.0
6,SKU024,2025-09-14,79,86.00238864621583,83.0
6,SKU025,2025-09-14,16,19.18348815559814,17.0
6,SKU026,2025-09-14,124,143.87268702690753,143.0
6,SKU027,2025-09-14,143,146.39738550098699,134.0
6,SKU028,2025-09-14,36,34.35979778671353,26.0
6,SKU029,2025-09-14,89,100.85209578013455,104.0
6,SKU030,2025-09-14,34,29.301678273849394,30.0
6,SKU031,2025-09-14,125,118.82761591870857,135.0
6,SKU032,2025-09-14,76,54.085760158631146,60.0
6,SKU033,2025-09-14,126,105.39637248020395,107.0
6,SKU034,2025-09-14,115,128.69925377106694,150.0
6,SKU035,2025-09-14,119,135.1292563874101,134.0
6,SKU036,2025-09-14,26,29.329408696505787,30.0
6,SKU037,2025-09-14,154,151.81415915670595,149.0
6,SKU038,2025-09-14,47,49.38156734728578,47.0
6,SKU039,2025-09-14,20,17.583486976101536,22.0
6,SKU040,2025-09-14,106,97.4925028123791,109.0
6,SKU041,2025-09-14,58,71.92114262281584,66.0
6,SKU042,2025-09-14,149,151.10593219726778,126.0
6,SKU043,2025-09-14,143,138.48196351675156,124.0
6,SKU044,2025-09-14,61,62.1385211340157,63.0
6,SKU045,2025-09-14,171,151.55765464836907,154.0
6,SKU046,2025-09-14,56,57.62010145136798,56.0
6,SKU047,2025-09-14,78,92.57645277176577,75.0
6,SKU048,2025-09-14,58,52.010933877336804,63.0
6,SKU049,2025-09-14,167,154.81455413364955,164.0
6,SKU050,2025-09-14,33,37.66300866431264,52.0
6,SKU001,2025-09-21,88,92.90455079025305,104.0
6,SKU002,2025-09-21,79,67.73178837797347,59.0
6,SKU003,2025-09-21,39,33.34398227160841,41.0
6,SKU004,2025-09-21,26,28.52509301107068,29.0
6,SKU005,2025-09-21,89,94.7593633607337,95.0
6,SKU006,2025-09-21,45,36.444062521282476,42.0
6,SKU007,2025-09-21,162,152.57929305473334,151.0
6,SKU008,2025-09-21,87,96.1136689066226,101.0
6,SKU009,2025-09-21,70,68.33042737875537,58.0
6,SKU010,2025-09-21,114,99.85563152261824,115.0
6,SKU011,2025-09-21,16,15.28469991101453,15.0
6,SKU012,2025-09-21,171,162.6958472602163,163.0
6,SKU013,2025-09-21,82,89.20405592615666,84.0
6,SKU014,2025-09-21,140,136.34162189855778,137.0
6,SKU015,2025-09-21,23,25.28605273462076,21.0
6,SKU016,2025-09-21,76,82.18218525999174,90.0
6,SKU017,2025-09-21,83,78.08106846509591,88.0
6,SKU018,2025-09-21,148,156.29634161460947,163.0
6,SKU019,2025-09-21,100,88.11463035682733,80.0
6,SKU020,2025-09-21,79,86.94574652875991,83.0
6,SKU021,2025-09-21,55,53.245112344069454,48.0
6,SKU022,2025-09-21,60,57.109962337338864,66.0
6,SKU023,2025-09-21,111,84.39403180039088,85.0
6,SKU024,2025-09-21,84,87.40875174588956,72.0
6,SKU025,2025-09-21,16,17.508271266239277,15.0
6,SKU026,2025-09-21,138,135.33674801161993,120.0
6,SKU027,2025-09-21,158,148.3597207706747,143.0
6,SKU028,2025-09-21,34,34.25258033763251,44.0
6,SKU029,2025-09-21,105,98.87596864499655,93.0
6,SKU030,2025-09-21,32,31.16970222972066,32.0
6,SKU031,2025-09-21,118,116.88746911352277,123.0
6,SKU032,2025-09-21,57,55.16048725463571,69.0
6,SKU033,2025-09-21,110,100.94903394987527,88.0
6,SKU034,2025-09-21,110,122.55566417068243,153.0
6,SKU035,2025-09-21,138,129.8780933343985,133.0
6,SKU036,2025-09-21,35,29.33114826162832,28.0
6,SKU037,2025-09-21,165,149.34473479987847,163.0
6,SKU038,2025-09-21,40,42.12769455647145,43.0
6,SKU039,2025-09-21,18,18.611958463759894,22.0
6,SKU040,2025-09-21,109,95.85251273594486,89.0
6,SKU041,2025-09-21,66,69.62790473835976,74.0
6,SKU042,2025-09-21,169,152.0103363831274,147.0
6,SKU043,2025-09-21,143,137.26519997074723,136.0
6,SKU044,2025-09-21,47,61.089317911052895,56.0
6,SKU045,2025-09-21,147,149.95933300203114,152.0
6,SKU046,2025-09-21,61,53.555164514408936,54.0
6,SKU047,2025-09-21,87,87.38974915173115,94.0
6,SKU048,2025-09-21,54,53.40397335688315,56.0
6,SKU049,2025-09-21,158,149.35466554990074,150.0
6,SKU050,2025-09-21,30,34.85175584450004,27.0
6,SKU001,2025-09-28,86,92.5211515556201,109.0
6,SKU002,2025-09-28,60,64.87276529240644,63.0
6,SKU003,2025-09-28,42,34.16535365432479,32.0
6,SKU004,2025-09-28,28,29.767109738085757,26.0
6,SKU005,2025-09-28,108,93.84403482370456,108.0
6,SKU006,2025-09-28,48,36.93851278404319,40.0
6,SKU007,2025-09-28,171,152.5866237200331,170.0
6,SKU008,2025-09-28,93,91.95658328894102,107.0
6,SKU009,2025-09-28,69,69.48691798795933,67.0
6,SKU010,2025-09-28,100,102.16351182308848,128.0
6,SKU011,2025-09-28,11,14.661467641679907,18.0
6,SKU012,2025-09-28,150,164.8120327297021,174.0
6,SKU013,2025-09-28,82,89.18968765710788,99.0
6,SKU014,2025-09-28,132,130.98516585812087,151.0
6,SKU015,2025-09-28,28,23.7231678697278,20.0
6,SKU016,2025-09-28,78,79.75439473631477,89.0
6,SKU017,2025-09-28,90,79.64140292932301,101.0
6,SKU018,2025-09-28,146,158.59460027404634,169.0
6,SKU019,2025-09-28,105,93.71443204249903,97.0
6,SKU020,2025-09-28,86,84.54428652527636,80.0
6,SKU021,2025-09-28,53,54.96188566457983,61.0
6,SKU022,2025-09-28,61,55.98700756224276,72.0
6,SKU023,2025-09-28,90,89.33214027964463,89.0
6,SKU024,2025-09-28,80,86.37531064500371,85.0
6,SKU025,2025-09-28,21,15.61571876084825,12.0
6,SKU026,2025-09-28,132,136.13268802765833,129.0
6,SKU027,2025-09-28,150,148.67129658998155,156.0
6,SKU028,2025-09-28,30,34.98191432507992,25.0
6,SKU029,2025-09-28,86,95.48576586367186,93.0
6,SKU030,2025-09-28,41,28.121287165614035,37.0
6,SKU031,2025-09-28,112,118.37710376367667,116.0
6,SKU032,2025-09-28,60,56.527307954725636,43.0
6,SKU033,2025-09-28,125,99.89214459709834,106.0
6,SKU034,2025-09-28,148,119.56913613680757,111.0
6,SKU035,2025-09-28,123,134.92692679747464,130.0
6,SKU036,2025-09-28,27,31.60128514376049,32.0
6,SKU037,2025-09-28,157,152.94657072420583,132.0
6,SKU038,2025-09-28,49,41.5049170179683,37.0
6,SKU039,2025-09-28,25,20.467381807462797,24.0
6,SKU040,2025-09-28,87,100.968656943286,84.0
6,SKU041,2025-09-28,62,67.52647320935856,62.0
6,SKU042,2025-09-28,123,148.6553964426395,133.0
6,SKU043,2025-09-28,121,137.839453135088,140.0
6,SKU044,2025-09-28,66,50.84634843826234,68.0
6,SKU045,2025-09-28,162,153.71022873032408,178.0
6,SKU046,2025-09-28,73,57.253220938915426,56.0
6,SKU047,2025-09-28,94,91.51906019415105,115.0
6,SKU048,2025-09-28,50,51.217723459218895,48.0
6,SKU049,2025-09-28,168,159.63563605170734,178.0
6,SKU050,2025-09-28,38,32.8167305946604,25.0
6,SKU001,2025-10-05,83,81.30308867014996,71.0
6,SKU002,2025-10-05,63,64.86988803989203,51.0
6,SKU003,2025-10-05,43,35.86176916778368,32.0
6,SKU004,2025-10-05,23,30.32946736375701,26.0
6,SKU005,2025-10-05,97,95.78528918413386,86.0
6,SKU006,2025-10-05,43,37.422648429309454,47.0
6,SKU007,2025-10-05,129,145.868902626317,130.0
6,SKU008,2025-10-05,98,91.20265214181197,89.0
6,SKU009,2025-10-05,58,69.83446756266098,42.0
6,SKU010,2025-10-05,79,100.94155238063779,122.0
6,SKU011,2025-10-05,28,13.666457044869803,11.0
6,SKU012,2025-10-05,136,158.5757081493316,144.0
6,SKU013,2025-10-05,96,87.73634441683411,68.0
6,SKU014,2025-10-05,123,132.53440645076466,97.0
6,SKU015,2025-10-05,19,25.483089850983,34.0
6,SKU016,2025-10-05,72,75.99529927786278,71.0
6,SKU017,2025-10-05,75,81.31741013682871,60.0
6,SKU018,2025-10-05,138,147.95281399168104,134.0
6,SKU019,2025-10-05,83,89.87345491819465,81.0
6,SKU020,2025-10-05,75,81.8514505332673,77.0
6,SKU021,2025-10-05,35,57.91054221375735,50.0
6,SKU022,2025-10-05,50,55.98557396814809,53.0
6,SKU023,2025-10-05,89,87.66358282993204,76.0
6,SKU024,2025-10-05,69,81.20432783640832,83.0
6,SKU025,2025-10-05,12,20.134454638012436,14.0
6,SKU026,2025-10-05,114,131.8030030988837,131.0
6,SKU027,2025-10-05,151,149.16580473667977,126.0
6,SKU028,2025-10-05,18,35.74221500548617,36.0
6,SKU029,2025-10-05,78,88.26672627129363,98.0
6,SKU030,2025-10-05,27,31.704392178787106,22.0
6,SKU031,2025-10-05,107,114.1841583393351,105.0
6,SKU032,2025-10-05,44,56.198079802976594,50.0
6,SKU033,2025-10-05,102,110.4579285109354,94.0
6,SKU034,2025-10-05,106,123.03210851440507,118.0
6,SKU035,2025-10-05,134,128.4275441161104,114.0
6,SKU036,2025-10-05,33,29.90333510411711,27.0
6,SKU037,2025-10-05,140,152.88568863737487,143.0
6,SKU038,2025-10-05,40,41.765629052870075,41.0
6,SKU039,2025-10-05,26,18.291644418863267,16.0
6,SKU040,2025-10-05,76,93.97492900159605,91.0
6,SKU041,2025-10-05,67,65.2629584627909,62.0
6,SKU042,2025-10-05,132,141.04536087203743,120.0
6,SKU043,2025-10-05,115,130.28962491776,130.0
6,SKU044,2025-10-05,50,56.45529716395001,48.0
6,SKU045,2025-10-05,142,146.22118759734946,139.0
6,SKU046,2025-10-05,62,53.55267534883531,54.0
6,SKU047,2025-10-05,77,89.50018488892448,75.0
6,SKU048,2025-10-05,46,53.86513625331833,47.0
6,SKU049,2025-10-05,142,144.6277597234241,147.0
6,SKU050,2025-10-05,35,33.933420379997735,34.0
6,SKU001,2025-10-12,82,82.68241862724855,82.0
6,SKU002,2025-10-12,56,63.31056953566589,65.0
6,SKU003,2025-10-12,33,36.051826232817234,34.0
6,SKU004,2025-10-12,28,27.49680015461022,29.0
6,SKU005,2025-10-12,107,91.01825289516313,96.0
6,SKU006,2025-10-12,38,37.32186620998666,38.0
6,SKU007,2025-10-12,149,144.83405229799698,123.0
6,SKU008,2025-10-12,88,90.36108505319635,80.0
6,SKU009,2025-10-12,51,68.51222489687076,65.0
6,SKU010,2025-10-12,83,94.8785818905901,79.0
6,SKU011,2025-10-12,16,17.65105887910892,16.0
6,SKU012,2025-10-12,140,152.64774174995495,144.0
6,SKU013,2025-10-12,87,88.38214467004076,75.0
6,SKU014,2025-10-12,122,130.85849998149033,126.0
6,SKU015,2025-10-12,16,27.543411946706854,29.0
6,SKU016,2025-10-12,84,75.92549838579593,85.0
6,SKU017,2025-10-12,76,79.56292959593542,67.0
6,SKU018,2025-10-12,154,146.3124523199122,153.0
6,SKU019,2025-10-12,92,87.93680643037338,93.0
6,SKU020,2025-10-12,107,79.0913506551734,83.0
6,SKU021,2025-10-12,48,46.82155904692055,39.0
6,SKU022,2025-10-12,54,60.76407832969988,55.0
6,SKU023,2025-10-12,80,86.3761095743104,67.0
6,SKU024,2025-10-12,65,78.72154633344911,66.0
6,SKU025,2025-10-12,13,19.162413876555792,20.0
6,SKU026,2025-10-12,135,122.43390247973561,145.0
6,SKU027,2025-10-12,149,148.80578871361578,126.0
6,SKU028,2025-10-12,31,32.55302263780082,29.0
6,SKU029,2025-10-12,92,89.98388847027445,96.0
6,SKU030,2025-10-12,25,33.261881216164625,18.0
6,SKU031,2025-10-12,109,113.55688608614051,109.0
6,SKU032,2025-10-12,50,57.77484028846825,56.0
6,SKU033,2025-10-12,88,101.9997000310581,95.0
6,SKU034,2025-10-12,97,122.39933630871006,99.0
6,SKU035,2025-10-12,108,125.76617598496983,102.0
6,SKU036,2025-10-12,19,28.992626792351786,35.0
6,SKU037,2025-10-12,128,147.03000881169783,132.0
6,SKU038,2025-10-12,48,42.04848546602052,37.0
6,SKU039,2025-10-12,17,16.770617835973383,9.0
6,SKU040,2025-10-12,82,86.10686854814865,93.0
6,SKU041,2025-10-12,54,63.78262914930549,82.0
6,SKU042,2025-10-12,137,133.2435402949902,125.0
6,SKU043,2025-10-12,125,126.82199294306551,113.0
6,SKU044,2025-10-12,49,55.83351054565925,57.0
6,SKU045,2025-10-12,123,148.49955234491372,131.0
6,SKU046,2025-10-12,47,58.28977674752354,60.0
6,SKU047,2025-10-12,81,87.68592673675863,93.0
6,SKU048,2025-10-12,51,51.07777343831123,51.0
6,SKU049,2025-10-12,137,146.4798968150295,151.0
6,SKU050,2025-10-12,39,34.760253231094076,33.0
6,SKU001,2025-10-19,82,81.78904070020198,88.0
6,SKU002,2025-10-19,59,60.584502017218874,72.0
6,SKU003,2025-10-19,26,37.932709900994816,27.0
6,SKU004,2025-10-19,24,29.106342379950608,29.0
6,SKU005,2025-10-19,105,96.84198796153557,92.0
6,SKU006,2025-10-19,29,39.09816210970995,37.0
6,SKU007,2025-10-19,158,150.63439720528208,128.0
6,SKU008,2025-10-19,115,92.49729761851516,71.0
6,SKU009,2025-10-19,63,58.34972255061581,58.0
6,SKU010,2025-10-19,96,90.88302360361389,74.0
6,SKU011,2025-10-19,11,20.11103268973154,13.0
6,SKU012,2025-10-19,128,152.7103394080615,144.0
6,SKU013,2025-10-19,61,91.57738971914945,80.0
6,SKU014,2025-10-19,120,131.22606649559668,123.0
6,SKU015,2025-10-19,21,17.224243380060905,22.0
6,SKU016,2025-10-19,86,78.75807718741898,84.0
6,SKU017,2025-10-19,84,78.30053461503967,100.0
6,SKU018,2025-10-19,141,145.66134581092695,140.0
6,SKU019,2025-10-19,96,86.69746942691609,85.0
6,SKU020,2025-10-19,74,88.37697118203964,92.0
6,SKU021,2025-10-19,65,49.33834814666036,43.0
6,SKU022,2025-10-19,58,56.922504081088576,52.0
6,SKU023,2025-10-19,74,85.43718325215747,74.0
6,SKU024,2025-10-19,75,74.87362116325791,72.0
6,SKU025,2025-10-19,17,19.46911504867876,26.0
6,SKU026,2025-10-19,138,129.0788897854531,141.0
6,SKU027,2025-10-19,127,151.63517264111107,121.0
6,SKU028,2025-10-19,32,34.35321671851114,34.0
6,SKU029,2025-10-19,85,89.56663528444638,90.0
6,SKU030,2025-10-19,32,29.451411368650394,31.0
6,SKU031,2025-10-19,120,111.08080688782111,109.0
6,SKU032,2025-10-19,48,50.683095638328204,49.0
6,SKU033,2025-10-19,100,100.81470287724429,104.0
6,SKU034,2025-10-19,115,119.21622605910122,116.0
6,SKU035,2025-10-19,129,122.02357323339328,126.0
6,SKU036,2025-10-19,19,30.230628708671606,29.0
6,SKU037,2025-10-19,147,144.16938331277052,129.0
6,SKU038,2025-10-19,44,45.77704315174983,52.0
6,SKU039,2025-10-19,16,18.9093645864729,18.0
6,SKU040,2025-10-19,81,88.80798026496817,96.0
6,SKU041,2025-10-19,62,64.5984329474895,63.0
6,SKU042,2025-10-19,138,132.69618216562853,131.0
6,SKU043,2025-10-19,123,126.3009860616017,121.0
6,SKU044,2025-10-19,56,49.060195635764764,61.0
6,SKU045,2025-10-19,120,132.53567473205314,142.0
6,SKU046,2025-10-19,40,57.54103439546879,42.0
6,SKU047,2025-10-19,76,81.78464305820192,84.0
6,SKU048,2025-10-19,59,53.98159112296677,51.0
6,SKU049,2025-10-19,152,146.55939853308593,129.0
6,SKU050,2025-10-19,31,32.34085691041084,38.0
6,SKU001,2025-10-26,78,81.10827467696723,89.0
6,SKU002,2025-10-26,51,62.52527515056681,47.0
6,SKU003,2025-10-26,34,35.40383967493834,35.0
6,SKU004,2025-10-26,24,28.452595709264315,26.0
6,SKU005,2025-10-26,98,95.19339386480874,85.0
6,SKU006,2025-10-26,34,39.40830079435271,29.0
6,SKU007,2025-10-26,131,152.44519776012902,124.0
6,SKU008,2025-10-26,81,98.1939070848874,97.0
6,SKU009,2025-10-26,52,61.285006237365074,52.0
6,SKU010,2025-10-26,86,91.32692226080265,92.0
6,SKU011,2025-10-26,18,18.283954561399703,9.0
6,SKU012,2025-10-26,141,138.9879435039816,140.0
6,SKU013,2025-10-26,69,79.46772080640572,64.0
6,SKU014,2025-10-26,133,124.74996635226253,128.0
6,SKU015,2025-10-26,21,17.860309433943197,24.0
6,SKU016,2025-10-26,73,77.49100560368082,82.0
6,SKU017,2025-10-26,61,78.38671401852493,82.0
6,SKU018,2025-10-26,135,140.18492278273672,159.0
6,SKU019,2025-10-26,84,87.75671630206978,86.0
6,SKU020,2025-10-26,88,85.76013483797391,83.0
6,SKU021,2025-10-26,44,50.7184292197951,55.0
6,SKU022,2025-10-26,51,53.49350027402355,47.0
6,SKU023,2025-10-26,91,81.32136848687823,84.0
6,SKU024,2025-10-26,82,74.77556997082843,62.0
6,SKU025,2025-10-26,17,16.306332353688035,16.0
6,SKU026,2025-10-26,124,131.63937760431764,137.0
6,SKU027,2025-10-26,130,136.59847317226757,151.0
6,SKU028,2025-10-26,30,31.646430683435682,26.0
6,SKU029,2025-10-26,98,90.44902697807386,96.0
6,SKU030,2025-10-26,27,31.957599573415656,26.0
6,SKU031,2025-10-26,114,111.97980714056297,112.0
6,SKU032,2025-10-26,52,51.409618492545945,48.0
6,SKU033,2025-10-26,95,100.94311336971774,114.0
6,SKU034,2025-10-26,101,117.73080612398557,111.0
6,SKU035,2025-10-26,135,121.64826002917648,102.0
6,SKU036,2025-10-26,34,32.781085193053414,21.0
6,SKU037,2025-10-26,139,138.51032540228715,141.0
6,SKU038,2025-10-26,44,42.97462912380074,45.0
6,SKU039,2025-10-26,19,15.984358879894465,19.0
6,SKU040,2025-10-26,91,87.01965443367831,92.0
6,SKU041,2025-10-26,52,63.3043544645115,63.0
6,SKU042,2025-10-26,117,137.90491782561193,114.0
6,SKU043,2025-10-26,117,119.91640654983709,132.0
6,SKU044,2025-10-26,53,53.58967226317143,57.0
6,SKU045,2025-10-26,143,134.0339690429217,173.0
6,SKU046,2025-10-26,50,55.08036012535471,40.0
6,SKU047,2025-10-26,75,80.04742316426312,79.0
6,SKU048,2025-10-26,31,50.73009415637205,53.0
6,SKU049,2025-10-26,138,151.33893599165947,148.0
6,SKU050,2025-10-26,31,34.20502567008315,38.0
6,SKU001,2025-11-02,93,83.9465526066491,83.0
6,SKU002,2025-11-02,70,60.71652249227338,65.0
6,SKU003,2025-11-02,41,35.356302483693845,17.0
6,SKU004,2025-11-02,32,27.310707741745475,32.0
6,SKU005,2025-11-02,104,93.695511256436,109.0
6,SKU006,2025-11-02,36,37.51235459572605,40.0
6,SKU007,2025-11-02,152,146.3467676155661,152.0
6,SKU008,2025-11-02,100,90.54347057346068,99.0
6,SKU009,2025-11-02,78,60.419259904433254,66.0
6,SKU010,2025-11-02,120,93.33636476082295,109.0
6,SKU011,2025-11-02,19,16.287367007584045,15.0
6,SKU012,2025-11-02,151,149.46211067990922,183.0
6,SKU013,2025-11-02,79,85.26710432591258,93.0
6,SKU014,2025-11-02,127,128.27040960123412,132.0
6,SKU015,2025-11-02,17,18.689310207213524,25.0
6,SKU016,2025-11-02,109,79.85754671529351,98.0
6,SKU017,2025-11-02,83,77.78143148889781,90.0
6,SKU018,2025-11-02,166,148.09949202415925,170.0
6,SKU019,2025-11-02,91,92.01454574244356,98.0
6,SKU020,2025-11-02,101,85.68186430593877,71.0
6,SKU021,2025-11-02,58,48.87655109271102,58.0
6,SKU022,2025-11-02,62,58.70249599867295,56.0
6,SKU023,2025-11-02,84,85.4970137352903,86.0
6,SKU024,2025-11-02,83,79.79281001238856,86.0
6,SKU025,2025-11-02,20,16.956829272309598,21.0
6,SKU026,2025-11-02,141,133.5366841627698,130.0
6,SKU027,2025-11-02,136,146.0980619445215,138.0
6,SKU028,2025-11-02,31,30.634650497288682,40.0
6,SKU029,2025-11-02,104,89.24415127881628,75.0
6,SKU030,2025-11-02,28,30.021995217364136,27.0
6,SKU031,2025-11-02,110,118.33438942279155,129.0
6,SKU032,2025-11-02,67,54.506102124090084,51.0
6,SKU033,2025-11-02,95,97.61295903403797,118.0
6,SKU034,2025-11-02,122,120.11974897823646,137.0
6,SKU035,2025-11-02,117,130.74558989490907,119.0
6,SKU036,2025-11-02,29,28.511202597533956,28.0
6,SKU037,2025-11-02,154,147.54208514112253,153.0
6,SKU038,2025-11-02,37,43.62438448359843,55.0
6,SKU039,2025-11-02,18,17.47981609279934,21.0
6,SKU040,2025-11-02,103,89.675369393259,89.0
6,SKU041,2025-11-02,67,59.01241008479284,66.0
6,SKU042,2025-11-02,134,137.53713999183242,136.0
6,SKU043,2025-11-02,147,120.71063112812497,130.0
6,SKU044,2025-11-02,60,56.27750417718581,59.0
6,SKU045,2025-11-02,143,146.88990218760728,145.0
6,SKU046,2025-11-02,64,54.04917136990662,55.0
6,SKU047,2025-11-02,101,86.69016331062586,93.0
6,SKU048,2025-11-02,61,50.84111237193136,63.0
6,SKU049,2025-11-02,150,151.84768161599922,140.0
6,SKU050,2025-11-02,32,34.68523961093681,36.0
7,SKU001,2025-11-09,92,86.9536646314369,99.0
7,SKU002,2025-11-09,72,62.84251018502294,52.0
7,SKU003,2025-11-09,39,37.07372734166374,41.0
7,SKU004,2025-11-09,27,28.07986329012995,29.0
7,SKU005,2025-11-09,114,96.50656230332048,109.0
7,SKU006,2025-11-09,39,37.16837021611061,40.0
7,SKU007,2025-11-09,142,150.0622391201064,172.0
7,SKU008,2025-11-09,112,100.13044496674975,97.0
7,SKU009,2025-11-09,55,62.12965777287298,71.0
7,SKU010,2025-11-09,91,101.30668514283816,100.0
7,SKU011,2025-11-09,19,18.208948732367478,11.0
7,SKU012,2025-11-09,155,152.44838312959465,156.0
7,SKU013,2025-11-09,84,79.49085749814925,72.0
7,SKU014,2025-11-09,117,134.09430971830287,130.0
7,SKU015,2025-11-09,13,19.801205205348896,25.0
7,SKU016,2025-11-09,92,87.26118042254163,84.0
7,SKU017,2025-11-09,103,81.74085981647693,95.0
7,SKU018,2025-11-09,157,149.7128801738878,162.0
7,SKU019,2025-11-09,103,96.28591461006864,95.0
7,SKU020,2025-11-09,78,90.93699874599075,81.0
7,SKU021,2025-11-09,46,55.774847056913096,58.0
7,SKU022,2025-11-09,44,58.07049737968129,54.0
7,SKU023,2025-11-09,91,90.26400327530668,85.0
7,SKU024,2025-11-09,82,79.22056423454019,78.0
7,SKU025,2025-11-09,18,19.826063054659503,18.0
7,SKU026,2025-11-09,127,137.46459817322332,127.0
7,SKU027,2025-11-09,147,147.46901303814943,143.0
7,SKU028,2025-11-09,30,30.33459979622953,32.0
7,SKU029,2025-11-09,88,96.16773173103034,95.0
7,SKU030,2025-11-09,25,29.772391047265906,28.0
7,SKU031,2025-11-09,109,109.76509436158929,113.0
7,SKU032,2025-11-09,61,55.671407702522664,68.0
7,SKU033,2025-11-09,119,100.81797562739838,123.0
7,SKU034,2025-11-09,129,114.4941135213876,122.0
7,SKU035,2025-11-09,113,129.70402620342713,124.0
7,SKU036,2025-11-09,27,27.778044924937966,33.0
7,SKU037,2025-11-09,171,153.57688559608638,162.0
7,SKU038,2025-11-09,50,41.056105578631026,34.0
7,SKU039,2025-11-09,18,22.464033192924347,24.0
7,SKU040,2025-11-09,89,97.13464005969018,114.0
7,SKU041,2025-11-09,79,61.19723625746142,75.0
7,SKU042,2025-11-09,141,135.24876131726748,121.0
7,SKU043,2025-11-09,148,131.8585022867742,128.0
7,SKU044,2025-11-09,58,53.78498129270312,48.0
7,SKU045,2025-11-09,154,146.68355721220172,143.0
7,SKU046,2025-11-09,49,57.25601525074227,56.0
7,SKU047,2025-11-09,102,86.55556115864135,93.0
7,SKU048,2025-11-09,63,55.887438327238,45.0
7,SKU049,2025-11-09,152,150.61824379707363,160.0
7,SKU050,2025-11-09,46,34.888539403435,54.0
7,SKU001,2025-11-16,87,88.67719589931562,80.0
7,SKU002,2025-11-16,60,59.39043929811178,67.0
7,SKU003,2025-11-16,37,37.06465821097185,38.0
7,SKU004,2025-11-16,31,26.196435409248704,26.0
7,SKU005,2025-11-16,102,103.48733894853093,123.0
7,SKU006,2025-11-16,31,37.0211135102551,28.0
7,SKU007,2025-11-16,131,156.21201554704487,159.0
7,SKU008,2025-11-16,94,100.86009925858215,106.0
7,SKU009,2025-11-16,62,62.2580817053809,67.0
7,SKU010,2025-11-16,105,99.26663179618849,113.0
7,SKU011,2025-11-16,25,18.934030110708843,16.0
7,SKU012,2025-11-16,163,154.36207695920092,179.0
7,SKU013,2025-11-16,89,78.92077471320897,96.0
7,SKU014,2025-11-16,130,135.31029358253733,124.0
7,SKU015,2025-11-16,24,16.145743961592924,19.0
7,SKU016,2025-11-16,95,94.1130340871985,104.0
7,SKU017,2025-11-16,88,86.38617867857833,86.0
7,SKU018,2025-11-16,142,154.14115940566663,150.0
7,SKU019,2025-11-16,112,98.3019401457375,112.0
7,SKU020,2025-11-16,92,93.00973072233792,87.0
7,SKU021,2025-11-16,45,55.51646653479308,63.0
7,SKU022,2025-11-16,78,54.94993326222152,69.0
7,SKU023,2025-11-16,88,89.84185772282945,94.0
7,SKU024,2025-11-16,82,82.81556303887557,72.0
7,SKU025,2025-11-16,18,21.04060420463088,17.0
7,SKU026,2025-11-16,130,138.8453725016878,156.0
7,SKU027,2025-11-16,149,148.57712665117486,153.0
7,SKU028,2025-11-16,40,31.346226922202888,33.0
7,SKU029,2025-11-16,98,97.76570885214197,110.0
7,SKU030,2025-11-16,34,30.067502944932432,30.0
7,SKU031,2025-11-16,131,108.17732616830523,105.0
7,SKU032,2025-11-16,54,53.276345355958,53.0
7,SKU033,2025-11-16,116,111.10932466068859,103.0
7,SKU034,2025-11-16,118,121.50479340443749,131.0
7,SKU035,2025-11-16,124,129.7649088372633,117.0
7,SKU036,2025-11-16,30,27.048435970794866,40.0
7,SKU037,2025-11-16,150,155.33308742605527,161.0
7,SKU038,2025-11-16,48,44.60373628457077,52.0
7,SKU039,2025-11-16,24,22.84835159929837,18.0
7,SKU040,2025-11-16,98,96.54889329139476,101.0
7,SKU041,2025-11-16,65,61.614522044320594,65.0
7,SKU042,2025-11-16,132,137.04284457507833,148.0
7,SKU043,2025-11-16,145,140.2721685613383,140.0
7,SKU044,2025-11-16,53,53.495775084215126,54.0
7,SKU045,2025-11-16,150,153.27383416111292,170.0
7,SKU046,2025-11-16,56,57.3319668846204,69.0
7,SKU047,2025-11-16,101,92.9567097961344,82.0
7,SKU048,2025-11-16,47,55.405380294497505,57.0
7,SKU049,2025-11-16,160,150.14622205580744,141.0
7,SKU050,2025-11-16,40,36.053493299203666,48.0
7,SKU001,2025-11-23,84,89.07259063923534,88.0
7,SKU002,2025-11-23,64,58.918410381520864,66.0
7,SKU003,2025-11-23,41,37.26315860367931,39.0
7,SKU004,2025-11-23,28,27.547294668768494,19.0
7,SKU005,2025-11-23,115,101.24489700459756,104.0
7,SKU006,2025-11-23,45,38.18459245498945,41.0
7,SKU007,2025-11-23,157,151.00091693899728,167.0
7,SKU008,2025-11-23,91,97.34253936424527,88.0
7,SKU009,2025-11-23,63,60.68208263189674,60.0
7,SKU010,2025-11-23,102,99.48747920212992,121.0
7,SKU011,2025-11-23,9,16.989094704974296,25.0
7,SKU012,2025-11-23,155,154.42408311011164,177.0
7,SKU013,2025-11-23,80,85.39765565780567,101.0
7,SKU014,2025-11-23,130,130.05203884065958,152.0
7,SKU015,2025-11-23,24,17.92760478596389,34.0
7,SKU016,2025-11-23,75,92.92111766997415,94.0
7,SKU017,2025-11-23,87,90.60300780796463,97.0
7,SKU018,2025-11-23,150,156.8168695672659,153.0
7,SKU019,2025-11-23,110,103.58328911040353,113.0
7,SKU020,2025-11-23,81,88.84780451674865,69.0
7,SKU021,2025-11-23,43,49.81601945700943,54.0
7,SKU022,2025-11-23,53,60.174010219021206,64.0
7,SKU023,2025-11-23,88,88.39055254670096,98.0
7,SKU024,2025-11-23,80,81.04044243471407,74.0
7,SKU025,2025-11-23,12,21.95790503764408,26.0
7,SKU026,2025-11-23,128,135.6060550649493,124.0
7,SKU027,2025-11-23,163,147.8867054722789,163.0
7,SKU028,2025-11-23,39,30.55020963658515,30.0
7,SKU029,2025-11-23,97,94.224908638515,114.0
7,SKU030,2025-11-23,33,30.462251070546525,30.0
7,SKU031,2025-11-23,113,108.0951277445745,113.0
7,SKU032,2025-11-23,70,52.27614179340957,41.0
7,SKU033,2025-11-23,120,115.94047336591802,109.0
7,SKU034,2025-11-23,133,125.11068356972348,121.0
7,SKU035,2025-11-23,133,127.40484455223246,135.0
7,SKU036,2025-11-23,35,29.319080870707573,33.0
7,SKU037,2025-11-23,166,154.57649166889186,147.0
7,SKU038,2025-11-23,61,46.42446282361336,49.0
7,SKU039,2025-11-23,18,18.656580710473893,24.0
7,SKU040,2025-11-23,86,91.56012496600995,92.0
7,SKU041,2025-11-23,52,64.31964459673728,62.0
7,SKU042,2025-11-23,124,136.5384204423745,138.0
7,SKU043,2025-11-23,144,140.1911067427533,142.0
7,SKU044,2025-11-23,46,53.933547129208726,44.0
7,SKU045,2025-11-23,155,153.57106532157556,162.0
7,SKU046,2025-11-23,53,53.891690482396356,60.0
7,SKU047,2025-11-23,81,94.0006394477008,85.0
7,SKU048,2025-11-23,63,55.50292924958354,55.0
7,SKU049,2025-11-23,139,151.44800762509064,136.0
7,SKU050,2025-11-23,41,37.74060791698,39.0
7,SKU001,2025-11-30,84,86.59194993108191,68.0
7,SKU002,2025-11-30,66,61.7767662010159,57.0
7,SKU003,2025-11-30,29,37.20895212166289,36.0
7,SKU004,2025-11-30,22,28.40536535784878,24.0
7,SKU005,2025-11-30,100,98.58087116766293,79.0
7,SKU006,2025-11-30,40,37.13672453337115,44.0
7,SKU007,2025-11-30,181,151.57116214369208,132.0
7,SKU008,2025-11-30,117,97.05648914458092,108.0
7,SKU009,2025-11-30,66,58.98630372056134,52.0
7,SKU010,2025-11-30,104,99.31837131339448,93.0
7,SKU011,2025-11-30,15,17.67082646150125,22.0
7,SKU012,2025-11-30,161,151.48209080370677,170.0
7,SKU013,2025-11-30,95,88.02162331307073,81.0
7,SKU014,2025-11-30,151,131.1232899511385,142.0
7,SKU015,2025-11-30,31,20.2777690983106,22.0
7,SKU016,2025-11-30,71,88.54545196853785,97.0
7,SKU017,2025-11-30,90,86.62783728411414,82.0
7,SKU018,2025-11-30,152,152.2791388550389,143.0
7,SKU019,2025-11-30,88,107.81131867472318,110.0
7,SKU020,2025-11-30,97,84.47190763425941,84.0
7,SKU021,2025-11-30,47,48.054728546993815,37.0
7,SKU022,2025-11-30,69,56.17532337977461,61.0
7,SKU023,2025-11-30,90,89.49753008310769,111.0
7,SKU024,2025-11-30,76,80.00815169485813,65.0
7,SKU025,2025-11-30,9,17.477494191315056,5.0
7,SKU026,2025-11-30,126,138.43381779664725,116.0
7,SKU027,2025-11-30,162,154.72599290434937,152.0
7,SKU028,2025-11-30,34,32.17935875868097,41.0
7,SKU029,2025-11-30,96,94.77571092158946,83.0
7,SKU030,2025-11-30,26,30.763575284559714,32.0
7,SKU031,2025-11-30,104,107.63961029470853,103.0
7,SKU032,2025-11-30,50,57.779201026771105,50.0
7,SKU033,2025-11-30,121,114.77548863695785,86.0
7,SKU034,2025-11-30,130,126.46189419773803,142.0
7,SKU035,2025-11-30,131,128.4437069087799,132.0
7,SKU036,2025-11-30,31,28.14598128418026,25.0
7,SKU037,2025-11-30,144,144.77719387107544,133.0
7,SKU038,2025-11-30,61,45.20283353125264,34.0
7,SKU039,2025-11-30,13,18.779655206837887,11.0
7,SKU040,2025-11-30,76,88.801148530828,92.0
7,SKU041,2025-11-30,83,62.657556184314245,66.0
7,SKU042,2025-11-30,142,140.1065399924239,133.0
7,SKU043,2025-11-30,113,145.55521954558102,127.0
7,SKU044,2025-11-30,57,55.22304445846249,59.0
7,SKU045,2025-11-30,164,153.88750300078934,161.0
7,SKU046,2025-11-30,52,56.19063251089402,48.0
7,SKU047,2025-11-30,90,90.28766575847166,78.0
7,SKU048,2025-11-30,36,54.983880787648026,56.0
7,SKU049,2025-11-30,159,152.86544317424568,145.0
7,SKU050,2025-11-30,30,38.91608563646102,37.0
7,SKU001,2025-12-07,88,84.7354058377236,83.0
7,SKU002,2025-12-07,51,61.83930883582605,66.0
7,SKU003,2025-12-07,38,38.205522425450106,38.0
7,SKU004,2025-12-07,28,27.48508612735927,30.0
7,SKU005,2025-12-07,96,98.9759377622043,95.0
7,SKU006,2025-12-07,37,38.68645150779716,44.0
7,SKU007,2025-12-07,145,158.15714660769214,148.0
7,SKU008,2025-12-07,97,102.99434003019408,109.0
7,SKU009,2025-12-07,77,62.04674900213449,55.0
7,SKU010,2025-12-07,126,99.29792781904139,99.0
7,SKU011,2025-12-07,17,17.25980237944063,25.0
7,SKU012,2025-12-07,167,151.16711499664208,147.0
7,SKU013,2025-12-07,78,83.98160992385449,95.0
7,SKU014,2025-12-07,124,137.01572174338682,128.0
7,SKU015,2025-12-07,22,24.34584144458211,29.0
7,SKU016,2025-12-07,77,81.03653868563688,83.0
7,SKU017,2025-12-07,105,86.52129274268569,81.0
7,SKU018,2025-12-07,158,155.40796875933637,182.0
7,SKU019,2025-12-07,103,98.71926979906185,120.0
7,SKU020,2025-12-07,85,88.04409536450162,88.0
7,SKU021,2025-12-07,52,42.25676583485138,55.0
7,SKU022,2025-12-07,70,60.96668272400734,62.0
7,SKU023,2025-12-07,97,87.60767533227273,104.0
7,SKU024,2025-12-07,93,80.39357007226982,76.0
7,SKU025,2025-12-07,18,17.568441893923158,22.0
7,SKU026,2025-12-07,157,141.7767510228637,162.0
7,SKU027,2025-12-07,153,151.57470556129306,153.0
7,SKU028,2025-12-07,40,37.62316802220671,36.0
7,SKU029,2025-12-07,87,96.29156270215611,110.0
7,SKU030,2025-12-07,25,30.45241809928489,30.0
7,SKU031,2025-12-07,96,108.09863343393216,114.0
7,SKU032,2025-12-07,60,56.01700817141593,54.0
7,SKU033,2025-12-07,117,106.80688003178805,107.0
7,SKU034,2025-12-07,147,129.93531593546166,128.0
7,SKU035,2025-12-07,128,129.97832939458223,135.0
7,SKU036,2025-12-07,27,29.042470129189994,26.0
7,SKU037,2025-12-07,155,149.5414274796697,171.0
7,SKU038,2025-12-07,39,46.34389718053492,55.0
7,SKU039,2025-12-07,23,17.64146356365707,14.0
7,SKU040,2025-12-07,103,83.62193471271758,97.0
7,SKU041,2025-12-07,78,69.20937598215563,75.0
7,SKU042,2025-12-07,156,137.71398040801844,159.0
7,SKU043,2025-12-07,127,138.9008239094563,147.0
7,SKU044,2025-12-07,52,51.94602649441055,50.0
7,SKU045,2025-12-07,166,150.91217678287046,151.0
7,SKU046,2025-12-07,56,55.642948604328545,51.0
7,SKU047,2025-12-07,108,88.10976863269038,78.0
7,SKU048,2025-12-07,57,55.083678793312316,50.0
7,SKU049,2025-12-07,167,152.5726552049626,149.0
7,SKU050,2025-12-07,40,40.06229694773923,33.0
7,SKU001,2025-12-14,89,85.34984864422299,94.0
7,SKU002,2025-12-14,55,65.26199075780941,57.0
7,SKU003,2025-12-14,33,35.27492802358072,23.0
7,SKU004,2025-12-14,39,28.838169617267365,33.0
7,SKU005,2025-12-14,103,99.21881314405061,107.0
7,SKU006,2025-12-14,41,38.503839083199715,34.0
7,SKU007,2025-12-14,154,157.74092560282736,137.0
7,SKU008,2025-12-14,112,97.76434132400905,104.0
7,SKU009,2025-12-14,82,62.83761595500507,71.0
7,SKU010,2025-12-14,108,100.80148374282015,106.0
7,SKU011,2025-12-14,23,17.30177456900084,15.0
7,SKU012,2025-12-14,155,151.47003275255784,184.0
7,SKU013,2025-12-14,107,84.61191643123925,94.0
7,SKU014,2025-12-14,137,135.2082464060939,135.0
7,SKU015,2025-12-14,31,25.396253901005828,21.0
7,SKU016,2025-12-14,78,81.77194769558437,71.0
7,SKU017,2025-12-14,96,88.39500603694043,88.0
7,SKU018,2025-12-14,162,154.60178252037366,150.0
7,SKU019,2025-12-14,96,98.8402527892932,97.0
7,SKU020,2025-12-14,82,86.55247645683978,80.0
7,SKU021,2025-12-14,59,51.75580983705766,63.0
7,SKU022,2025-12-14,60,64.0049019636396,70.0
7,SKU023,2025-12-14,98,92.30989451642476,80.0
7,SKU024,2025-12-14,72,83.3060381458289,101.0
7,SKU025,2025-12-14,13,18.421895127292096,24.0
7,SKU026,2025-12-14,128,137.08877837277836,148.0
7,SKU027,2025-12-14,161,145.62064813025,154.0
7,SKU028,2025-12-14,25,36.42571199823795,48.0
7,SKU029,2025-12-14,115,95.17004374613032,95.0
7,SKU030,2025-12-14,35,30.806075728722828,38.0
7,SKU031,2025-12-14,104,107.09323094134152,107.0
7,SKU032,2025-12-14,56,60.40082835426588,58.0
7,SKU033,2025-12-14,109,107.20301690102846,127.0
7,SKU034,2025-12-14,118,131.76135666541327,137.0
7,SKU035,2025-12-14,128,134.47484384509028,133.0
7,SKU036,2025-12-14,31,31.067087543562582,36.0
7,SKU037,2025-12-14,133,154.29841276500068,173.0
7,SKU038,2025-12-14,49,46.53548522945224,56.0
7,SKU039,2025-12-14,15,17.542175727854485,17.0
7,SKU040,2025-12-14,101,92.44741292622047,90.0
7,SKU041,2025-12-14,66,72.60835030610436,54.0
7,SKU042,2025-12-14,125,135.94425325765025,132.0
7,SKU043,2025-12-14,142,140.41169258894982,133.0
7,SKU044,2025-12-14,57,56.075993205002874,54.0
7,SKU045,2025-12-14,152,148.23036050673304,149.0
7,SKU046,2025-12-14,66,54.02352042458256,63.0
7,SKU047,2025-12-14,86,97.70117196285996,85.0
7,SKU048,2025-12-14,55,56.507700854529894,55.0
7,SKU049,2025-12-14,171,151.4994800735134,150.0
7,SKU050,2025-12-14,34,37.954274288786614,37.0
7,SKU001,2025-12-21,91,87.23160736313736,77.0
7,SKU002,2025-12-21,55,65.13334014484761,59.0
7,SKU003,2025-12-21,23,40.84259869652072,48.0
7,SKU004,2025-12-21,38,31.62421570327946,27.0
7,SKU005,2025-12-21,100,99.13804257252077,110.0
7,SKU006,2025-12-21,41,38.98809867328934,44.0
7,SKU007,2025-12-21,149,151.52692236067432,167.0
7,SKU008,2025-12-21,100,106.79560599636177,82.0
7,SKU009,2025-12-21,69,73.69687770731578,76.0
7,SKU010,2025-12-21,102,98.82101339288496,109.0
7,SKU011,2025-12-21,18,19.883015474685976,20.0
7,SKU012,2025-12-21,171,158.90996489909503,161.0
7,SKU013,2025-12-21,96,90.62702161501474,84.0
7,SKU014,2025-12-21,116,135.63434589600436,141.0
7,SKU015,2025-12-21,21,25.07636057443875,26.0
7,SKU016,2025-12-21,74,89.18257240420076,82.0
7,SKU017,2025-12-21,81,90.86185652794475,80.0
7,SKU018,2025-12-21,160,151.23581686971318,172.0
7,SKU019,2025-12-21,107,98.1708300657113,106.0
7,SKU020,2025-12-21,74,86.41741849123754,81.0
7,SKU021,2025-12-21,47,51.70081265301325,50.0
7,SKU022,2025-12-21,62,60.67454665713134,46.0
7,SKU023,2025-12-21,96,92.84237973864137,90.0
7,SKU024,2025-12-21,85,83.43649604058542,75.0
7,SKU025,2025-12-21,14,18.0560035983061,22.0
7,SKU026,2025-12-21,156,134.3725387717565,131.0
7,SKU027,2025-12-21,182,147.24147677769838,133.0
7,SKU028,2025-12-21,22,42.107942078102475,45.0
7,SKU029,2025-12-21,104,104.60374822899772,109.0
7,SKU030,2025-12-21,26,30.834775523574898,32.0
7,SKU031,2025-12-21,132,103.34450765542427,106.0
7,SKU032,2025-12-21,68,61.976360672901365,59.0
7,SKU033,2025-12-21,116,107.6295727299138,120.0
7,SKU034,2025-12-21,119,131.94051390238982,114.0
7,SKU035,2025-12-21,127,135.30497045848261,134.0
7,SKU036,2025-12-21,36,30.451971261578535,25.0
7,SKU037,2025-12-21,139,163.26958747880457,177.0
7,SKU038,2025-12-21,49,48.3694865622964,45.0
7,SKU039,2025-12-21,12,18.231839218214017,13.0
7,SKU040,2025-12-21,93,97.39303022116789,99.0
7,SKU041,2025-12-21,71,74.2451725999974,79.0
7,SKU042,2025-12-21,173,137.70362697327874,122.0
7,SKU043,2025-12-21,132,137.12957118849002,133.0
7,SKU044,2025-12-21,61,53.14849587143873,52.0
7,SKU045,2025-12-21,123,150.90264755911736,159.0
7,SKU046,2025-12-21,57,56.88368610575954,59.0
7,SKU047,2025-12-21,100,97.2271924151145,92.0
7,SKU048,2025-12-21,58,56.75221706462344,41.0
7,SKU049,2025-12-21,147,152.56806092285723,161.0
7,SKU050,2025-12-21,34,41.048123857869314,32.0
7,SKU001,2025-12-28,76,88.0296240870235,105.0
7,SKU002,2025-12-28,51,65.79614489276645,65.0
7,SKU003,2025-12-28,34,35.55918931773892,30.0
7,SKU004,2025-12-28,30,31.617372319248254,28.0
7,SKU005,2025-12-28,108,98.49602091415983,106.0
7,SKU006,2025-12-28,43,39.07870191798985,48.0
7,SKU007,2025-12-28,161,154.39544375649413,147.0
7,SKU008,2025-12-28,105,101.17546111343381,97.0
7,SKU009,2025-12-28,77,74.69268081219093,68.0
7,SKU010,2025-12-28,102,99.3738729373455,109.0
7,SKU011,2025-12-28,22,18.88465182638297,17.0
7,SKU012,2025-12-28,150,156.00869258132914,161.0
7,SKU013,2025-12-28,71,90.25751793504259,83.0
7,SKU014,2025-12-28,122,136.12412051316232,135.0
7,SKU015,2025-12-28,27,24.7669821081195,32.0
7,SKU016,2025-12-28,104,89.61047199387177,75.0
7,SKU017,2025-12-28,98,91.64036476143713,94.0
7,SKU018,2025-12-28,161,155.0687449024759,154.0
7,SKU019,2025-12-28,104,104.8680291422753,86.0
7,SKU020,2025-12-28,99,81.71707692559764,87.0
7,SKU021,2025-12-28,50,50.33487634742696,54.0
7,SKU022,2025-12-28,84,62.52237532713487,59.0
7,SKU023,2025-12-28,99,92.31814294240716,99.0
7,SKU024,2025-12-28,71,82.35656077229055,71.0
7,SKU025,2025-12-28,16,18.434269991343573,16.0
7,SKU026,2025-12-28,135,142.84898518969788,145.0
7,SKU027,2025-12-28,144,152.48628540398656,172.0
7,SKU028,2025-12-28,31,33.903664821849674,37.0
7,SKU029,2025-12-28,97,98.52761147812862,96.0
7,SKU030,2025-12-28,28,31.366772145340327,27.0
7,SKU031,2025-12-28,97,110.70612556578989,108.0
7,SKU032,2025-12-28,51,64.55956948631624,64.0
7,SKU033,2025-12-28,96,105.55358494286652,108.0
7,SKU034,2025-12-28,124,133.6486607479774,127.0
7,SKU035,2025-12-28,148,137.23429075893046,126.0
7,SKU036,2025-12-28,30,30.221166243027056,37.0
7,SKU037,2025-12-28,161,152.4624658952905,137.0
7,SKU038,2025-12-28,56,47.449790944571944,45.0
7,SKU039,2025-12-28,21,18.57194910687287,16.0
7,SKU040,2025-12-28,76,96.55777448870003,103.0
7,SKU041,2025-12-28,70,74.53358783454159,80.0
7,SKU042,2025-12-28,148,152.16703167083378,158.0
7,SKU043,2025-12-28,126,135.41665249110181,131.0
7,SKU044,2025-12-28,61,56.41621987283488,60.0
7,SKU045,2025-12-28,157,159.1304759409841,190.0
7,SKU046,2025-12-28,58,58.16761509942331,66.0
7,SKU047,2025-12-28,88,96.23511602210837,82.0
7,SKU048,2025-12-28,40,55.193651252028154,62.0
7,SKU049,2025-12-28,166,152.30907154891958,135.0
7,SKU050,2025-12-28,49,40.112268618473024,54.0
