SKU,Date,Units_Sold
SKU001,2024-01-07,106
SKU001,2024-01-14,85
SKU001,2024-01-21,117
SKU001,2024-01-28,89
SKU001,2024-02-04,119
SKU001,2024-02-11,112
SKU001,2024-02-18,104
SKU001,2024-02-25,120
SKU001,2024-03-03,103
SKU001,2024-03-10,119
SKU001,2024-03-17,122
SKU001,2024-03-24,130
SKU001,2024-03-31,102
SKU001,2024-04-07,122
SKU001,2024-04-14,115
SKU001,2024-04-21,103
SKU001,2024-04-28,112
SKU001,2024-05-05,110
SKU001,2024-05-12,117
SKU001,2024-05-19,115
SKU001,2024-05-26,115
SKU001,2024-06-02,108
SKU001,2024-06-09,126
SKU001,2024-06-16,106
SKU001,2024-06-23,100
SKU001,2024-06-30,124
SKU001,2024-07-07,84
SKU001,2024-07-14,101
SKU001,2024-07-21,75
SKU001,2024-07-28,96
SKU001,2024-08-04,94
SKU001,2024-08-11,82
SKU001,2024-08-18,89
SKU001,2024-08-25,98
SKU001,2024-09-01,92
SKU001,2024-09-08,96
SKU001,2024-09-15,89
SKU001,2024-09-22,104
SKU001,2024-09-29,109
SKU001,2024-10-06,71
SKU001,2024-10-13,82
SKU001,2024-10-20,88
SKU001,2024-10-27,89
SKU001,2024-11-03,83
SKU001,2024-11-10,99
SKU001,2024-11-17,80
SKU001,2024-11-24,88
SKU001,2024-12-01,68
SKU001,2024-12-08,83
SKU001,2024-12-15,94
SKU001,2024-12-22,77
SKU001,2024-12-29,105
SKU001,2025-01-05,78
SKU001,2025-01-12,100
SKU001,2025-01-19,89
SKU001,2025-01-26,103
SKU001,2025-02-02,100
SKU001,2025-02-09,106
SKU001,2025-02-16,124
SKU001,2025-02-23,116
SKU001,2025-03-02,111
SKU001,2025-03-09,98
SKU001,2025-03-16,133
SKU001,2025-03-23,128
SKU001,2025-03-30,115
SKU001,2025-04-06,100
SKU001,2025-04-13,112
SKU001,2025-04-20,108
SKU001,2025-04-27,134
SKU001,2025-05-04,99
SKU001,2025-05-11,119
SKU001,2025-05-18,115
SKU001,2025-05-25,119
SKU001,2025-06-01,111
SKU001,2025-06-08,121
SKU001,2025-06-15,104
SKU001,2025-06-22,110
SKU001,2025-06-29,134
SKU001,2025-07-06,101
SKU001,2025-07-13,111
SKU001,2025-07-20,118
SKU001,2025-07-27,111
SKU001,2025-08-03,101
SKU001,2025-08-10,77
SKU001,2025-08-17,90
SKU001,2025-08-24,91
SKU001,2025-08-31,97
SKU001,2025-09-07,88
SKU001,2025-09-14,93
SKU001,2025-09-21,88
SKU001,2025-09-28,86
SKU001,2025-10-05,83
SKU001,2025-10-12,82
SKU001,2025-10-19,82
SKU001,2025-10-26,78
SKU001,2025-11-02,93
SKU001,2025-11-09,92
SKU001,2025-11-16,87
SKU001,2025-11-23,84
SKU001,2025-11-30,84
SKU001,2025-12-07,88
SKU001,2025-12-14,89
SKU001,2025-12-21,91
SKU001,2025-12-28,76
SKU002,2024-01-07,83
SKU002,2024-01-14,61
SKU002,2024-01-21,57
SKU002,2024-01-28,62
SKU002,2024-02-04,68
SKU002,2024-02-11,72
SKU002,2024-02-18,65
SKU002,2024-02-25,64
SKU002,2024-03-03,74
SKU002,2024-03-10,69
SKU002,2024-03-17,103
SKU002,2024-03-24,89
SKU002,2024-03-31,106
SKU002,2024-04-07,79
SKU002,2024-04-14,76
SKU002,2024-04-21,93
SKU002,2024-04-28,75
SKU002,2024-05-05,91
SKU002,2024-05-12,88
SKU002,2024-05-19,86
SKU002,2024-05-26,78
SKU002,2024-06-02,77
SKU002,2024-06-09,76
SKU002,2024-06-16,82
SKU002,2024-06-23,62
SKU002,2024-06-30,80
SKU002,2024-07-07,81
SKU002,2024-07-14,74
SKU002,2024-07-21,84
SKU002,2024-07-28,59
SKU002,2024-08-04,51
SKU002,2024-08-11,65
SKU002,2024-08-18,58
SKU002,2024-08-25,46
SKU002,2024-09-01,69
SKU002,2024-09-08,56
SKU002,2024-09-15,61
SKU002,2024-09-22,59
SKU002,2024-09-29,63
SKU002,2024-10-06,51
SKU002,2024-10-13,65
SKU002,2024-10-20,72
SKU002,2024-10-27,47
SKU002,2024-11-03,65
SKU002,2024-11-10,52
SKU002,2024-11-17,67
SKU002,2024-11-24,66
SKU002,2024-12-01,57
SKU002,2024-12-08,66
SKU002,2024-12-15,57
SKU002,2024-12-22,59
SKU002,2024-12-29,65
SKU002,2025-01-05,70
SKU002,2025-01-12,63
SKU002,2025-01-19,67
SKU002,2025-01-26,66
SKU002,2025-02-02,85
SKU002,2025-02-09,71
SKU002,2025-02-16,79
SKU002,2025-02-23,82
SKU002,2025-03-02,95
SKU002,2025-03-09,99
SKU002,2025-03-16,80
SKU002,2025-03-23,81
SKU002,2025-03-30,96
SKU002,2025-04-06,80
SKU002,2025-04-13,89
SKU002,2025-04-20,82
SKU002,2025-04-27,79
SKU002,2025-05-04,67
SKU002,2025-05-11,77
SKU002,2025-05-18,84
SKU002,2025-05-25,82
SKU002,2025-06-01,93
SKU002,2025-06-08,73
SKU002,2025-06-15,91
SKU002,2025-06-22,84
SKU002,2025-06-29,70
SKU002,2025-07-06,53
SKU002,2025-07-13,78
SKU002,2025-07-20,69
SKU002,2025-07-27,76
SKU002,2025-08-03,75
SKU002,2025-08-10,60
SKU002,2025-08-17,70
SKU002,2025-08-24,70
SKU002,2025-08-31,79
SKU002,2025-09-07,62
SKU002,2025-09-14,65
SKU002,2025-09-21,79
SKU002,2025-09-28,60
SKU002,2025-10-05,63
SKU002,2025-10-12,56
SKU002,2025-10-19,59
SKU002,2025-10-26,51
SKU002,2025-11-02,70
SKU002,2025-11-09,72
SKU002,2025-11-16,60
SKU002,2025-11-23,64
SKU002,2025-11-30,66
SKU002,2025-12-07,51
SKU002,2025-12-14,55
SKU002,2025-12-21,55
SKU002,2025-12-28,51
SKU003,2024-01-07,36
SKU003,2024-01-14,32
SKU003,2024-01-21,32
SKU003,2024-01-28,43
SKU003,2024-02-04,40
SKU003,2024-02-11,46
SKU003,2024-02-18,34
SKU003,2024-02-25,44
SKU003,2024-03-03,52
SKU003,2024-03-10,66
SKU003,2024-03-17,46
SKU003,2024-03-24,48
SKU003,2024-03-31,49
SKU003,2024-04-07,48
SKU003,2024-04-14,47
SKU003,2024-04-21,47
SKU003,2024-04-28,45
SKU003,2024-05-05,45
SKU003,2024-05-12,37
SKU003,2024-05-19,41
SKU003,2024-05-26,50
SKU003,2024-06-02,60
SKU003,2024-06-09,52
SKU003,2024-06-16,47
SKU003,2024-06-23,57
SKU003,2024-06-30,30
SKU003,2024-07-07,43
SKU003,2024-07-14,32
SKU003,2024-07-21,28
SKU003,2024-07-28,42
SKU003,2024-08-04,45
SKU003,2024-08-11,35
SKU003,2024-08-18,37
SKU003,2024-08-25,38
SKU003,2024-09-01,40
SKU003,2024-09-08,38
SKU003,2024-09-15,30
SKU003,2024-09-22,41
SKU003,2024-09-29,32
SKU003,2024-10-06,32
SKU003,2024-10-13,34
SKU003,2024-10-20,27
SKU003,2024-10-27,35
SKU003,2024-11-03,17
SKU003,2024-11-10,41
SKU003,2024-11-17,38
SKU003,2024-11-24,39
SKU003,2024-12-01,36
SKU003,2024-12-08,38
SKU003,2024-12-15,23
SKU003,2024-12-22,48
SKU003,2024-12-29,30
SKU003,2025-01-05,32
SKU003,2025-01-12,34
SKU003,2025-01-19,41
SKU003,2025-01-26,23
SKU003,2025-02-02,40
SKU003,2025-02-09,34
SKU003,2025-02-16,47
SKU003,2025-02-23,45
SKU003,2025-03-02,54
SKU003,2025-03-09,44
SKU003,2025-03-16,57
SKU003,2025-03-23,69
SKU003,2025-03-30,50
SKU003,2025-04-06,38
SKU003,2025-04-13,48
SKU003,2025-04-20,48
SKU003,2025-04-27,49
SKU003,2025-05-04,41
SKU003,2025-05-11,50
SKU003,2025-05-18,41
SKU003,2025-05-25,43
SKU003,2025-06-01,45
SKU003,2025-06-08,50
SKU003,2025-06-15,53
SKU003,2025-06-22,48
SKU003,2025-06-29,44
SKU003,2025-07-06,42
SKU003,2025-07-13,44
SKU003,2025-07-20,37
SKU003,2025-07-27,41
SKU003,2025-08-03,26
SKU003,2025-08-10,38
SKU003,2025-08-17,39
SKU003,2025-08-24,34
SKU003,2025-08-31,27
SKU003,2025-09-07,34
SKU003,2025-09-14,42
SKU003,2025-09-21,39
SKU003,2025-09-28,42
SKU003,2025-10-05,43
SKU003,2025-10-12,33
SKU003,2025-10-19,26
SKU003,2025-10-26,34
SKU003,2025-11-02,41
SKU003,2025-11-09,39
SKU003,2025-11-16,37
SKU003,2025-11-23,41
SKU003,2025-11-30,29
SKU003,2025-12-07,38
SKU003,2025-12-14,33
SKU003,2025-12-21,23
SKU003,2025-12-28,34
SKU004,2024-01-07,31
SKU004,2024-01-14,25
SKU004,2024-01-21,38
SKU004,2024-01-28,33
SKU004,2024-02-04,43
SKU004,2024-02-11,34
SKU004,2024-02-18,35
SKU004,2024-02-25,22
SKU004,2024-03-03,45
SKU004,2024-03-10,40
SKU004,2024-03-17,41
SKU004,2024-03-24,36
SKU004,2024-03-31,27
SKU004,2024-04-07,35
SKU004,2024-04-14,30
SKU004,2024-04-21,44
SKU004,2024-04-28,28
SKU004,2024-05-05,37
SKU004,2024-05-12,47
SKU004,2024-05-19,54
SKU004,2024-05-26,40
SKU004,2024-06-02,28
SKU004,2024-06-09,41
SKU004,2024-06-16,40
SKU004,2024-06-23,37
SKU004,2024-06-30,34
SKU004,2024-07-07,28
SKU004,2024-07-14,33
SKU004,2024-07-21,35
SKU004,2024-07-28,32
SKU004,2024-08-04,32
SKU004,2024-08-11,33
SKU004,2024-08-18,30
SKU004,2024-08-25,29
SKU004,2024-09-01,22
SKU004,2024-09-08,30
SKU004,2024-09-15,34
SKU004,2024-09-22,29
SKU004,2024-09-29,26
SKU004,2024-10-06,26
SKU004,2024-10-13,29
SKU004,2024-10-20,29
SKU004,2024-10-27,26
SKU004,2024-11-03,32
SKU004,2024-11-10,29
SKU004,2024-11-17,26
SKU004,2024-11-24,19
SKU004,2024-12-01,24
SKU004,2024-12-08,30
SKU004,2024-12-15,33
SKU004,2024-12-22,27
SKU004,2024-12-29,28
SKU004,2025-01-05,37
SKU004,2025-01-12,35
SKU004,2025-01-19,24
SKU004,2025-01-26,38
SKU004,2025-02-02,34
SKU004,2025-02-09,32
SKU004,2025-02-16,37
SKU004,2025-02-23,33
SKU004,2025-03-02,50
SKU004,2025-03-09,36
SKU004,2025-03-16,35
SKU004,2025-03-23,39
SKU004,2025-03-30,43
SKU004,2025-04-06,22
SKU004,2025-04-13,39
SKU004,2025-04-20,45
SKU004,2025-04-27,41
SKU004,2025-05-04,31
SKU004,2025-05-11,34
SKU004,2025-05-18,33
SKU004,2025-05-25,38
SKU004,2025-06-01,30
SKU004,2025-06-08,28
SKU004,2025-06-15,29
SKU004,2025-06-22,48
SKU004,2025-06-29,31
SKU004,2025-07-06,27
SKU004,2025-07-13,32
SKU004,2025-07-20,34
SKU004,2025-07-27,29
SKU004,2025-08-03,33
SKU004,2025-08-10,26
SKU004,2025-08-17,26
SKU004,2025-08-24,18
SKU004,2025-08-31,36
SKU004,2025-09-07,38
SKU004,2025-09-14,29
SKU004,2025-09-21,26
SKU004,2025-09-28,28
SKU004,2025-10-05,23
SKU004,2025-10-12,28
SKU004,2025-10-19,24
SKU004,2025-10-26,24
SKU004,2025-11-02,32
SKU004,2025-11-09,27
SKU004,2025-11-16,31
SKU004,2025-11-23,28
SKU004,2025-11-30,22
SKU004,2025-12-07,28
SKU004,2025-12-14,39
SKU004,2025-12-21,38
SKU004,2025-12-28,30
SKU005,2024-01-07,109
SKU005,2024-01-14,116
SKU005,2024-01-21,108
SKU005,2024-01-28,102
SKU005,2024-02-04,129
SKU005,2024-02-11,135
SKU005,2024-02-18,144
SKU005,2024-02-25,124
SKU005,2024-03-03,134
SKU005,2024-03-10,147
SKU005,2024-03-17,144
SKU005,2024-03-24,151
SKU005,2024-03-31,126
SKU005,2024-04-07,138
SKU005,2024-04-14,113
SKU005,2024-04-21,140
SKU005,2024-04-28,113
SKU005,2024-05-05,122
SKU005,2024-05-12,142
SKU005,2024-05-19,122
SKU005,2024-05-26,118
SKU005,2024-06-02,124
SKU005,2024-06-09,157
SKU005,2024-06-16,138
SKU005,2024-06-23,149
SKU005,2024-06-30,145
SKU005,2024-07-07,105
SKU005,2024-07-14,114
SKU005,2024-07-21,109
SKU005,2024-07-28,114
SKU005,2024-08-04,108
SKU005,2024-08-11,95
SKU005,2024-08-18,103
SKU005,2024-08-25,113
SKU005,2024-09-01,122
SKU005,2024-09-08,113
SKU005,2024-09-15,104
SKU005,2024-09-22,95
SKU005,2024-09-29,108
SKU005,2024-10-06,86
SKU005,2024-10-13,96
SKU005,2024-10-20,92
SKU005,2024-10-27,85
SKU005,2024-11-03,109
SKU005,2024-11-10,109
SKU005,2024-11-17,123
SKU005,2024-11-24,104
SKU005,2024-12-01,79
SKU005,2024-12-08,95
SKU005,2024-12-15,107
SKU005,2024-12-22,110
SKU005,2024-12-29,106
SKU005,2025-01-05,111
SKU005,2025-01-12,97
SKU005,2025-01-19,133
SKU005,2025-01-26,110
SKU005,2025-02-02,107
SKU005,2025-02-09,123
SKU005,2025-02-16,132
SKU005,2025-02-23,139
SKU005,2025-03-02,160
SKU005,2025-03-09,140
SKU005,2025-03-16,142
SKU005,2025-03-23,144
SKU005,2025-03-30,134
SKU005,2025-04-06,142
SKU005,2025-04-13,132
SKU005,2025-04-20,134
SKU005,2025-04-27,141
SKU005,2025-05-04,116
SKU005,2025-05-11,117
SKU005,2025-05-18,122
SKU005,2025-05-25,137
SKU005,2025-06-01,130
SKU005,2025-06-08,140
SKU005,2025-06-15,133
SKU005,2025-06-22,116
SKU005,2025-06-29,134
SKU005,2025-07-06,99
SKU005,2025-07-13,104
SKU005,2025-07-20,106
SKU005,2025-07-27,124
SKU005,2025-08-03,115
SKU005,2025-08-10,96
SKU005,2025-08-17,114
SKU005,2025-08-24,95
SKU005,2025-08-31,96
SKU005,2025-09-07,95
SKU005,2025-09-14,96
SKU005,2025-09-21,89
SKU005,2025-09-28,108
SKU005,2025-10-05,97
SKU005,2025-10-12,107
SKU005,2025-10-19,105
SKU005,2025-10-26,98
SKU005,2025-11-02,104
SKU005,2025-11-09,114
SKU005,2025-11-16,102
SKU005,2025-11-23,115
SKU005,2025-11-30,100
SKU005,2025-12-07,96
SKU005,2025-12-14,103
SKU005,2025-12-21,100
SKU005,2025-12-28,108
SKU006,2024-01-07,38
SKU006,2024-01-14,34
SKU006,2024-01-21,43
SKU006,2024-01-28,39
SKU006,2024-02-04,49
SKU006,2024-02-11,50
SKU006,2024-02-18,52
SKU006,2024-02-25,50
SKU006,2024-03-03,56
SKU006,2024-03-10,76
SKU006,2024-03-17,50
SKU006,2024-03-24,55
SKU006,2024-03-31,53
SKU006,2024-04-07,68
SKU006,2024-04-14,61
SKU006,2024-04-21,54
SKU006,2024-04-28,44
SKU006,2024-05-05,54
SKU006,2024-05-12,45
SKU006,2024-05-19,52
SKU006,2024-05-26,58
SKU006,2024-06-02,46
SKU006,2024-06-09,33
SKU006,2024-06-16,41
SKU006,2024-06-23,42
SKU006,2024-06-30,59
SKU006,2024-07-07,54
SKU006,2024-07-14,42
SKU006,2024-07-21,47
SKU006,2024-07-28,48
SKU006,2024-08-04,45
SKU006,2024-08-11,25
SKU006,2024-08-18,39
SKU006,2024-08-25,34
SKU006,2024-09-01,55
SKU006,2024-09-08,33
SKU006,2024-09-15,38
SKU006,2024-09-22,42
SKU006,2024-09-29,40
SKU006,2024-10-06,47
SKU006,2024-10-13,38
SKU006,2024-10-20,37
SKU006,2024-10-27,29
SKU006,2024-11-03,40
SKU006,2024-11-10,40
SKU006,2024-11-17,28
SKU006,2024-11-24,41
SKU006,2024-12-01,44
SKU006,2024-12-08,44
SKU006,2024-12-15,34
SKU006,2024-12-22,44
SKU006,2024-12-29,48
SKU006,2025-01-05,45
SKU006,2025-01-12,50
SKU006,2025-01-19,46
SKU006,2025-01-26,51
SKU006,2025-02-02,47
SKU006,2025-02-09,46
SKU006,2025-02-16,45
SKU006,2025-02-23,51
SKU006,2025-03-02,57
SKU006,2025-03-09,58
SKU006,2025-03-16,66
SKU006,2025-03-23,42
SKU006,2025-03-30,55
SKU006,2025-04-06,56
SKU006,2025-04-13,53
SKU006,2025-04-20,46
SKU006,2025-04-27,67
SKU006,2025-05-04,44
SKU006,2025-05-11,66
SKU006,2025-05-18,55
SKU006,2025-05-25,51
SKU006,2025-06-01,50
SKU006,2025-06-08,57
SKU006,2025-06-15,64
SKU006,2025-06-22,42
SKU006,2025-06-29,54
SKU006,2025-07-06,41
SKU006,2025-07-13,31
SKU006,2025-07-20,45
SKU006,2025-07-27,43
SKU006,2025-08-03,49
SKU006,2025-08-10,46
SKU006,2025-08-17,38
SKU006,2025-08-24,42
SKU006,2025-08-31,36
SKU006,2025-09-07,43
SKU006,2025-09-14,40
SKU006,2025-09-21,45
SKU006,2025-09-28,48
SKU006,2025-10-05,43
SKU006,2025-10-12,38
SKU006,2025-10-19,29
SKU006,2025-10-26,34
SKU006,2025-11-02,36
SKU006,2025-11-09,39
SKU006,2025-11-16,31
SKU006,2025-11-23,45
SKU006,2025-11-30,40
SKU006,2025-12-07,37
SKU006,2025-12-14,41
SKU006,2025-12-21,41
SKU006,2025-12-28,43
SKU007,2024-01-07,172
SKU007,2024-01-14,178
SKU007,2024-01-21,189
SKU007,2024-01-28,176
SKU007,2024-02-04,171
SKU007,2024-02-11,163
SKU007,2024-02-18,195
SKU007,2024-02-25,173
SKU007,2024-03-03,201
SKU007,2024-03-10,195
SKU007,2024-03-17,212
SKU007,2024-03-24,223
SKU007,2024-03-31,192
SKU007,2024-04-07,199
SKU007,2024-04-14,222
SKU007,2024-04-21,199
SKU007,2024-04-28,198
SKU007,2024-05-05,188
SKU007,2024-05-12,174
SKU007,2024-05-19,184
SKU007,2024-05-26,209
SKU007,2024-06-02,242
SKU007,2024-06-09,196
SKU007,2024-06-16,203
SKU007,2024-06-23,219
SKU007,2024-06-30,204
SKU007,2024-07-07,187
SKU007,2024-07-14,179
SKU007,2024-07-21,180
SKU007,2024-07-28,172
SKU007,2024-08-04,160
SKU007,2024-08-11,141
SKU007,2024-08-18,164
SKU007,2024-08-25,160
SKU007,2024-09-01,151
SKU007,2024-09-08,157
SKU007,2024-09-15,174
SKU007,2024-09-22,151
SKU007,2024-09-29,170
SKU007,2024-10-06,130
SKU007,2024-10-13,123
SKU007,2024-10-20,128
SKU007,2024-10-27,124
SKU007,2024-11-03,152
SKU007,2024-11-10,172
SKU007,2024-11-17,159
SKU007,2024-11-24,167
SKU007,2024-12-01,132
SKU007,2024-12-08,148
SKU007,2024-12-15,137
SKU007,2024-12-22,167
SKU007,2024-12-29,147
SKU007,2025-01-05,175
SKU007,2025-01-12,171
SKU007,2025-01-19,156
SKU007,2025-01-26,179
SKU007,2025-02-02,178
SKU007,2025-02-09,179
SKU007,2025-02-16,171
SKU007,2025-02-23,171
SKU007,2025-03-02,189
SKU007,2025-03-09,217
SKU007,2025-03-16,191
SKU007,2025-03-23,194
SKU007,2025-03-30,208
SKU007,2025-04-06,201
SKU007,2025-04-13,194
SKU007,2025-04-20,200
SKU007,2025-04-27,201
SKU007,2025-05-04,199
SKU007,2025-05-11,168
SKU007,2025-05-18,180
SKU007,2025-05-25,203
SKU007,2025-06-01,196
SKU007,2025-06-08,185
SKU007,2025-06-15,174
SKU007,2025-06-22,187
SKU007,2025-06-29,212
SKU007,2025-07-06,181
SKU007,2025-07-13,187
SKU007,2025-07-20,161
SKU007,2025-07-27,167
SKU007,2025-08-03,181
SKU007,2025-08-10,145
SKU007,2025-08-17,158
SKU007,2025-08-24,146
SKU007,2025-08-31,170
SKU007,2025-09-07,152
SKU007,2025-09-14,153
SKU007,2025-09-21,162
SKU007,2025-09-28,171
SKU007,2025-10-05,129
SKU007,2025-10-12,149
SKU007,2025-10-19,158
SKU007,2025-10-26,131
SKU007,2025-11-02,152
SKU007,2025-11-09,142
SKU007,2025-11-16,131
SKU007,2025-11-23,157
SKU007,2025-11-30,181
SKU007,2025-12-07,145
SKU007,2025-12-14,154
SKU007,2025-12-21,149
SKU007,2025-12-28,161
SKU008,2024-01-07,119
SKU008,2024-01-14,137
SKU008,2024-01-21,118
SKU008,2024-01-28,108
SKU008,2024-02-04,114
SKU008,2024-02-11,113
SKU008,2024-02-18,107
SKU008,2024-02-25,118
SKU008,2024-03-03,131
SKU008,2024-03-10,132
SKU008,2024-03-17,147
SKU008,2024-03-24,144
SKU008,2024-03-31,128
SKU008,2024-04-07,128
SKU008,2024-04-14,128
SKU008,2024-04-21,139
SKU008,2024-04-28,134
SKU008,2024-05-05,139
SKU008,2024-05-12,131
SKU008,2024-05-19,128
SKU008,2024-05-26,137
SKU008,2024-06-02,140
SKU008,2024-06-09,125
SKU008,2024-06-16,106
SKU008,2024-06-23,134
SKU008,2024-06-30,144
SKU008,2024-07-07,112
SKU008,2024-07-14,120
SKU008,2024-07-21,108
SKU008,2024-07-28,134
SKU008,2024-08-04,100
SKU008,2024-08-11,97
SKU008,2024-08-18,99
SKU008,2024-08-25,113
SKU008,2024-09-01,107
SKU008,2024-09-08,115
SKU008,2024-09-15,93
SKU008,2024-09-22,101
SKU008,2024-09-29,107
SKU008,2024-10-06,89
SKU008,2024-10-13,80
SKU008,2024-10-20,71
SKU008,2024-10-27,97
SKU008,2024-11-03,99
SKU008,2024-11-10,97
SKU008,2024-11-17,106
SKU008,2024-11-24,88
SKU008,2024-12-01,108
SKU008,2024-12-08,109
SKU008,2024-12-15,104
SKU008,2024-12-22,82
SKU008,2024-12-29,97
SKU008,2025-01-05,103
SKU008,2025-01-12,105
SKU008,2025-01-19,111
SKU008,2025-01-26,106
SKU008,2025-02-02,121
SKU008,2025-02-09,134
SKU008,2025-02-16,122
SKU008,2025-02-23,112
SKU008,2025-03-02,138
SKU008,2025-03-09,133
SKU008,2025-03-16,153
SKU008,2025-03-23,139
SKU008,2025-03-30,154
SKU008,2025-04-06,146
SKU008,2025-04-13,131
SKU008,2025-04-20,138
SKU008,2025-04-27,130
SKU008,2025-05-04,127
SKU008,2025-05-11,139
SKU008,2025-05-18,121
SKU008,2025-05-25,118
SKU008,2025-06-01,135
SKU008,2025-06-08,122
SKU008,2025-06-15,136
SKU008,2025-06-22,101
SKU008,2025-06-29,118
SKU008,2025-07-06,128
SKU008,2025-07-13,109
SKU008,2025-07-20,110
SKU008,2025-07-27,105
SKU008,2025-08-03,112
SKU008,2025-08-10,101
SKU008,2025-08-17,126
SKU008,2025-08-24,89
SKU008,2025-08-31,101
SKU008,2025-09-07,92
SKU008,2025-09-14,90
SKU008,2025-09-21,87
SKU008,2025-09-28,93
SKU008,2025-10-05,98
SKU008,2025-10-12,88
SKU008,2025-10-19,115
SKU008,2025-10-26,81
SKU008,2025-11-02,100
SKU008,2025-11-09,112
SKU008,2025-11-16,94
SKU008,2025-11-23,91
SKU008,2025-11-30,117
SKU008,2025-12-07,97
SKU008,2025-12-14,112
SKU008,2025-12-21,100
SKU008,2025-12-28,105
SKU009,2024-01-07,70
SKU009,2024-01-14,66
SKU009,2024-01-21,73
SKU009,2024-01-28,80
SKU009,2024-02-04,103
SKU009,2024-02-11,85
SKU009,2024-02-18,79
SKU009,2024-02-25,80
SKU009,2024-03-03,92
SKU009,2024-03-10,86
SKU009,2024-03-17,101
SKU009,2024-03-24,95
SKU009,2024-03-31,88
SKU009,2024-04-07,82
SKU009,2024-04-14,106
SKU009,2024-04-21,100
SKU009,2024-04-28,104
SKU009,2024-05-05,80
SKU009,2024-05-12,70
SKU009,2024-05-19,83
SKU009,2024-05-26,83
SKU009,2024-06-02,74
SKU009,2024-06-09,94
SKU009,2024-06-16,93
SKU009,2024-06-23,64
SKU009,2024-06-30,84
SKU009,2024-07-07,78
SKU009,2024-07-14,63
SKU009,2024-07-21,85
SKU009,2024-07-28,82
SKU009,2024-08-04,85
SKU009,2024-08-11,66
SKU009,2024-08-18,70
SKU009,2024-08-25,59
SKU009,2024-09-01,58
SKU009,2024-09-08,58
SKU009,2024-09-15,56
SKU009,2024-09-22,58
SKU009,2024-09-29,67
SKU009,2024-10-06,42
SKU009,2024-10-13,65
SKU009,2024-10-20,58
SKU009,2024-10-27,52
SKU009,2024-11-03,66
SKU009,2024-11-10,71
SKU009,2024-11-17,67
SKU009,2024-11-24,60
SKU009,2024-12-01,52
SKU009,2024-12-08,55
SKU009,2024-12-15,71
SKU009,2024-12-22,76
SKU009,2024-12-29,68
SKU009,2025-01-05,66
SKU009,2025-01-12,55
SKU009,2025-01-19,70
SKU009,2025-01-26,71
SKU009,2025-02-02,69
SKU009,2025-02-09,86
SKU009,2025-02-16,74
SKU009,2025-02-23,75
SKU009,2025-03-02,91
SKU009,2025-03-09,99
SKU009,2025-03-16,92
SKU009,2025-03-23,102
SKU009,2025-03-30,82
SKU009,2025-04-06,76
SKU009,2025-04-13,79
SKU009,2025-04-20,69
SKU009,2025-04-27,100
SKU009,2025-05-04,76
SKU009,2025-05-11,92
SKU009,2025-05-18,104
SKU009,2025-05-25,88
SKU009,2025-06-01,74
SKU009,2025-06-08,88
SKU009,2025-06-15,86
SKU009,2025-06-22,81
SKU009,2025-06-29,92
SKU009,2025-07-06,83
SKU009,2025-07-13,69
SKU009,2025-07-20,73
SKU009,2025-07-27,67
SKU009,2025-08-03,69
SKU009,2025-08-10,66
SKU009,2025-08-17,61
SKU009,2025-08-24,69
SKU009,2025-08-31,62
SKU009,2025-09-07,71
SKU009,2025-09-14,87
SKU009,2025-09-21,70
SKU009,2025-09-28,69
SKU009,2025-10-05,58
SKU009,2025-10-12,51
SKU009,2025-10-19,63
SKU009,2025-10-26,52
SKU009,2025-11-02,78
SKU009,2025-11-09,55
SKU009,2025-11-16,62
SKU009,2025-11-23,63
SKU009,2025-11-30,66
SKU009,2025-12-07,77
SKU009,2025-12-14,82
SKU009,2025-12-21,69
SKU009,2025-12-28,77
SKU010,2024-01-07,111
SKU010,2024-01-14,108
SKU010,2024-01-21,115
SKU010,2024-01-28,115
SKU010,2024-02-04,129
SKU010,2024-02-11,136
SKU010,2024-02-18,133
SKU010,2024-02-25,146
SKU010,2024-03-03,145
SKU010,2024-03-10,154
SKU010,2024-03-17,138
SKU010,2024-03-24,141
SKU010,2024-03-31,162
SKU010,2024-04-07,124
SKU010,2024-04-14,141
SKU010,2024-04-21,121
SKU010,2024-04-28,121
SKU010,2024-05-05,144
SKU010,2024-05-12,117
SKU010,2024-05-19,145
SKU010,2024-05-26,141
SKU010,2024-06-02,158
SKU010,2024-06-09,151
SKU010,2024-06-16,141
SKU010,2024-06-23,153
SKU010,2024-06-30,129
SKU010,2024-07-07,103
SKU010,2024-07-14,113
SKU010,2024-07-21,111
SKU010,2024-07-28,119
SKU010,2024-08-04,110
SKU010,2024-08-11,103
SKU010,2024-08-18,103
SKU010,2024-08-25,99
SKU010,2024-09-01,96
SKU010,2024-09-08,92
SKU010,2024-09-15,116
SKU010,2024-09-22,115
SKU010,2024-09-29,128
SKU010,2024-10-06,122
SKU010,2024-10-13,79
SKU010,2024-10-20,74
SKU010,2024-10-27,92
SKU010,2024-11-03,109
SKU010,2024-11-10,100
SKU010,2024-11-17,113
SKU010,2024-11-24,121
SKU010,2024-12-01,93
SKU010,2024-12-08,99
SKU010,2024-12-15,106
SKU010,2024-12-22,109
SKU010,2024-12-29,109
SKU010,2025-01-05,116
SKU010,2025-01-12,118
SKU010,2025-01-19,113
SKU010,2025-01-26,118
SKU010,2025-02-02,97
SKU010,2025-02-09,124
SKU010,2025-02-16,128
SKU010,2025-02-23,128
SKU010,2025-03-02,155
SKU010,2025-03-09,160
SKU010,2025-03-16,139
SKU010,2025-03-23,139
SKU010,2025-03-30,156
SKU010,2025-04-06,149
SKU010,2025-04-13,133
SKU010,2025-04-20,137
SKU010,2025-04-27,144
SKU010,2025-05-04,134
SKU010,2025-05-11,130
SKU010,2025-05-18,131
SKU010,2025-05-25,141
SKU010,2025-06-01,145
SKU010,2025-06-08,136
SKU010,2025-06-15,141
SKU010,2025-06-22,139
SKU010,2025-06-29,123
SKU010,2025-07-06,111
SKU010,2025-07-13,120
SKU010,2025-07-20,124
SKU010,2025-07-27,105
SKU010,2025-08-03,91
SKU010,2025-08-10,95
SKU010,2025-08-17,113
SKU010,2025-08-24,100
SKU010,2025-08-31,114
SKU010,2025-09-07,104
SKU010,2025-09-14,92
SKU010,2025-09-21,114
SKU010,2025-09-28,100
SKU010,2025-10-05,79
SKU010,2025-10-12,83
SKU010,2025-10-19,96
SKU010,2025-10-26,86
SKU010,2025-11-02,120
SKU010,2025-11-09,91
SKU010,2025-11-16,105
SKU010,2025-11-23,102
SKU010,2025-11-30,104
SKU010,2025-12-07,126
SKU010,2025-12-14,108
SKU010,2025-12-21,102
SKU010,2025-12-28,102
SKU011,2024-01-07,14
SKU011,2024-01-14,20
SKU011,2024-01-21,14
SKU011,2024-01-28,15
SKU011,2024-02-04,21
SKU011,2024-02-11,14
SKU011,2024-02-18,20
SKU011,2024-02-25,28
SKU011,2024-03-03,23
SKU011,2024-03-10,21
SKU011,2024-03-17,24
SKU011,2024-03-24,25
SKU011,2024-03-31,16
SKU011,2024-04-07,20
SKU011,2024-04-14,22
SKU011,2024-04-21,19
SKU011,2024-04-28,31
SKU011,2024-05-05,20
SKU011,2024-05-12,30
SKU011,2024-05-19,28
SKU011,2024-05-26,17
SKU011,2024-06-02,26
SKU011,2024-06-09,24
SKU011,2024-06-16,19
SKU011,2024-06-23,16
SKU011,2024-06-30,19
SKU011,2024-07-07,19
SKU011,2024-07-14,27
SKU011,2024-07-21,12
SKU011,2024-07-28,14
SKU011,2024-08-04,12
SKU011,2024-08-11,16
SKU011,2024-08-18,17
SKU011,2024-08-25,9
SKU011,2024-09-01,17
SKU011,2024-09-08,18
SKU011,2024-09-15,22
SKU011,2024-09-22,15
SKU011,2024-09-29,18
SKU011,2024-10-06,11
SKU011,2024-10-13,16
SKU011,2024-10-20,13
SKU011,2024-10-27,9
SKU011,2024-11-03,15
SKU011,2024-11-10,11
SKU011,2024-11-17,16
SKU011,2024-11-24,25
SKU011,2024-12-01,22
SKU011,2024-12-08,25
SKU011,2024-12-15,15
SKU011,2024-12-22,20
SKU011,2024-12-29,17
SKU011,2025-01-05,17
SKU011,2025-01-12,21
SKU011,2025-01-19,19
SKU011,2025-01-26,24
SKU011,2025-02-02,13
SKU011,2025-02-09,16
SKU011,2025-02-16,16
SKU011,2025-02-23,23
SKU011,2025-03-02,18
SKU011,2025-03-09,15
SKU011,2025-03-16,22
SKU011,2025-03-23,19
SKU011,2025-03-30,18
SKU011,2025-04-06,20
SKU011,2025-04-13,26
SKU011,2025-04-20,22
SKU011,2025-04-27,24
SKU011,2025-05-04,17
SKU011,2025-05-11,17
SKU011,2025-05-18,14
SKU011,2025-05-25,16
SKU011,2025-06-01,29
SKU011,2025-06-08,20
SKU011,2025-06-15,26
SKU011,2025-06-22,18
SKU011,2025-06-29,22
SKU011,2025-07-06,25
SKU011,2025-07-13,14
SKU011,2025-07-20,21
SKU011,2025-07-27,11
SKU011,2025-08-03,18
SKU011,2025-08-10,22
SKU011,2025-08-17,14
SKU011,2025-08-24,24
SKU011,2025-08-31,11
SKU011,2025-09-07,16
SKU011,2025-09-14,16
SKU011,2025-09-21,16
SKU011,2025-09-28,11
SKU011,2025-10-05,28
SKU011,2025-10-12,16
SKU011,2025-10-19,11
SKU011,2025-10-26,18
SKU011,2025-11-02,19
SKU011,2025-11-09,19
SKU011,2025-11-16,25
SKU011,2025-11-23,9
SKU011,2025-11-30,15
SKU011,2025-12-07,17
SKU011,2025-12-14,23
SKU011,2025-12-21,18
SKU011,2025-12-28,22
SKU012,2024-01-07,181
SKU012,2024-01-14,176
SKU012,2024-01-21,178
SKU012,2024-01-28,185
SKU012,2024-02-04,186
SKU012,2024-02-11,206
SKU012,2024-02-18,192
SKU012,2024-02-25,190
SKU012,2024-03-03,229
SKU012,2024-03-10,205
SKU012,2024-03-17,206
SKU012,2024-03-24,210
SKU012,2024-03-31,231
SKU012,2024-04-07,223
SKU012,2024-04-14,211
SKU012,2024-04-21,216
SKU012,2024-04-28,217
SKU012,2024-05-05,209
SKU012,2024-05-12,210
SKU012,2024-05-19,188
SKU012,2024-05-26,183
SKU012,2024-06-02,204
SKU012,2024-06-09,205
SKU012,2024-06-16,230
SKU012,2024-06-23,213
SKU012,2024-06-30,202
SKU012,2024-07-07,173
SKU012,2024-07-14,174
SKU012,2024-07-21,190
SKU012,2024-07-28,198
SKU012,2024-08-04,163
SKU012,2024-08-11,163
SKU012,2024-08-18,154
SKU012,2024-08-25,169
SKU012,2024-09-01,176
SKU012,2024-09-08,151
SKU012,2024-09-15,167
SKU012,2024-09-22,163
SKU012,2024-09-29,174
SKU012,2024-10-06,144
SKU012,2024-10-13,144
SKU012,2024-10-20,144
SKU012,2024-10-27,140
SKU012,2024-11-03,183
SKU012,2024-11-10,156
SKU012,2024-11-17,179
SKU012,2024-11-24,177
SKU012,2024-12-01,170
SKU012,2024-12-08,147
SKU012,2024-12-15,184
SKU012,2024-12-22,161
SKU012,2024-12-29,161
SKU012,2025-01-05,161
SKU012,2025-01-12,180
SKU012,2025-01-19,194
SKU012,2025-01-26,191
SKU012,2025-02-02,172
SKU012,2025-02-09,195
SKU012,2025-02-16,203
SKU012,2025-02-23,214
SKU012,2025-03-02,208
SKU012,2025-03-09,224
SKU012,2025-03-16,217
SKU012,2025-03-23,217
SKU012,2025-03-30,253
SKU012,2025-04-06,218
SKU012,2025-04-13,195
SKU012,2025-04-20,198
SKU012,2025-04-27,210
SKU012,2025-05-04,202
SKU012,2025-05-11,196
SKU012,2025-05-18,206
SKU012,2025-05-25,202
SKU012,2025-06-01,200
SKU012,2025-06-08,205
SKU012,2025-06-15,204
SKU012,2025-06-22,190
SKU012,2025-06-29,173
SKU012,2025-07-06,171
SKU012,2025-07-13,189
SKU012,2025-07-20,179
SKU012,2025-07-27,155
SKU012,2025-08-03,160
SKU012,2025-08-10,163
SKU012,2025-08-17,177
SKU012,2025-08-24,178
SKU012,2025-08-31,171
SKU012,2025-09-07,180
SKU012,2025-09-14,160
SKU012,2025-09-21,171
SKU012,2025-09-28,150
SKU012,2025-10-05,136
SKU012,2025-10-12,140
SKU012,2025-10-19,128
SKU012,2025-10-26,141
SKU012,2025-11-02,151
SKU012,2025-11-09,155
SKU012,2025-11-16,163
SKU012,2025-11-23,155
SKU012,2025-11-30,161
SKU012,2025-12-07,167
SKU012,2025-12-14,155
SKU012,2025-12-21,171
SKU012,2025-12-28,150
SKU013,2024-01-07,101
SKU013,2024-01-14,99
SKU013,2024-01-21,105
SKU013,2024-01-28,97
SKU013,2024-02-04,98
SKU013,2024-02-11,117
SKU013,2024-02-18,111
SKU013,2024-02-25,94
SKU013,2024-03-03,130
SKU013,2024-03-10,120
SKU013,2024-03-17,137
SKU013,2024-03-24,138
SKU013,2024-03-31,108
SKU013,2024-04-07,114
SKU013,2024-04-14,110
SKU013,2024-04-21,128
SKU013,2024-04-28,102
SKU013,2024-05-05,108
SKU013,2024-05-12,120
SKU013,2024-05-19,103
SKU013,2024-05-26,113
SKU013,2024-06-02,134
SKU013,2024-06-09,112
SKU013,2024-06-16,92
SKU013,2024-06-23,107
SKU013,2024-06-30,107
SKU013,2024-07-07,94
SKU013,2024-07-14,95
SKU013,2024-07-21,86
SKU013,2024-07-28,107
SKU013,2024-08-04,104
SKU013,2024-08-11,85
SKU013,2024-08-18,71
SKU013,2024-08-25,91
SKU013,2024-09-01,86
SKU013,2024-09-08,98
SKU013,2024-09-15,101
SKU013,2024-09-22,84
SKU013,2024-09-29,99
SKU013,2024-10-06,68
SKU013,2024-10-13,75
SKU013,2024-10-20,80
SKU013,2024-10-27,64
SKU013,2024-11-03,93
SKU013,2024-11-10,72
SKU013,2024-11-17,96
SKU013,2024-11-24,101
SKU013,2024-12-01,81
SKU013,2024-12-08,95
SKU013,2024-12-15,94
SKU013,2024-12-22,84
SKU013,2024-12-29,83
SKU013,2025-01-05,82
SKU013,2025-01-12,93
SKU013,2025-01-19,98
SKU013,2025-01-26,87
SKU013,2025-02-02,91
SKU013,2025-02-09,97
SKU013,2025-02-16,97
SKU013,2025-02-23,100
SKU013,2025-03-02,105
SKU013,2025-03-09,110
SKU013,2025-03-16,110
SKU013,2025-03-23,115
SKU013,2025-03-30,127
SKU013,2025-04-06,111
SKU013,2025-04-13,105
SKU013,2025-04-20,114
SKU013,2025-04-27,110
SKU013,2025-05-04,109
SKU013,2025-05-11,139
SKU013,2025-05-18,106
SKU013,2025-05-25,90
SKU013,2025-06-01,117
SKU013,2025-06-08,99
SKU013,2025-06-15,115
SKU013,2025-06-22,118
SKU013,2025-06-29,128
SKU013,2025-07-06,101
SKU013,2025-07-13,109
SKU013,2025-07-20,87
SKU013,2025-07-27,87
SKU013,2025-08-03,85
SKU013,2025-08-10,82
SKU013,2025-08-17,106
SKU013,2025-08-24,96
SKU013,2025-08-31,84
SKU013,2025-09-07,99
SKU013,2025-09-14,105
SKU013,2025-09-21,82
SKU013,2025-09-28,82
SKU013,2025-10-05,96
SKU013,2025-10-12,87
SKU013,2025-10-19,61
SKU013,2025-10-26,69
SKU013,2025-11-02,79
SKU013,2025-11-09,84
SKU013,2025-11-16,89
SKU013,2025-11-23,80
SKU013,2025-11-30,95
SKU013,2025-12-07,78
SKU013,2025-12-14,107
SKU013,2025-12-21,96
SKU013,2025-12-28,71
SKU014,2024-01-07,155
SKU014,2024-01-14,152
SKU014,2024-01-21,145
SKU014,2024-01-28,132
SKU014,2024-02-04,138
SKU014,2024-02-11,165
SKU014,2024-02-18,169
SKU014,2024-02-25,147
SKU014,2024-03-03,188
SKU014,2024-03-10,185
SKU014,2024-03-17,194
SKU014,2024-03-24,193
SKU014,2024-03-31,193
SKU014,2024-04-07,174
SKU014,2024-04-14,186
SKU014,2024-04-21,198
SKU014,2024-04-28,151
SKU014,2024-05-05,170
SKU014,2024-05-12,163
SKU014,2024-05-19,146
SKU014,2024-05-26,168
SKU014,2024-06-02,199
SKU014,2024-06-09,174
SKU014,2024-06-16,175
SKU014,2024-06-23,176
SKU014,2024-06-30,184
SKU014,2024-07-07,137
SKU014,2024-07-14,158
SKU014,2024-07-21,151
SKU014,2024-07-28,154
SKU014,2024-08-04,132
SKU014,2024-08-11,144
SKU014,2024-08-18,123
SKU014,2024-08-25,129
SKU014,2024-09-01,135
SKU014,2024-09-08,146
SKU014,2024-09-15,145
SKU014,2024-09-22,137
SKU014,2024-09-29,151
SKU014,2024-10-06,97
SKU014,2024-10-13,126
SKU014,2024-10-20,123
SKU014,2024-10-27,128
SKU014,2024-11-03,132
SKU014,2024-11-10,130
SKU014,2024-11-17,124
SKU014,2024-11-24,152
SKU014,2024-12-01,142
SKU014,2024-12-08,128
SKU014,2024-12-15,135
SKU014,2024-12-22,141
SKU014,2024-12-29,135
SKU014,2025-01-05,131
SKU014,2025-01-12,131
SKU014,2025-01-19,144
SKU014,2025-01-26,181
SKU014,2025-02-02,126
SKU014,2025-02-09,167
SKU014,2025-02-16,188
SKU014,2025-02-23,155
SKU014,2025-03-02,180
SKU014,2025-03-09,182
SKU014,2025-03-16,207
SKU014,2025-03-23,187
SKU014,2025-03-30,173
SKU014,2025-04-06,163
SKU014,2025-04-13,182
SKU014,2025-04-20,176
SKU014,2025-04-27,177
SKU014,2025-05-04,156
SKU014,2025-05-11,156
SKU014,2025-05-18,151
SKU014,2025-05-25,164
SKU014,2025-06-01,164
SKU014,2025-06-08,202
SKU014,2025-06-15,163
SKU014,2025-06-22,159
SKU014,2025-06-29,191
SKU014,2025-07-06,134
SKU014,2025-07-13,126
SKU014,2025-07-20,139
SKU014,2025-07-27,148
SKU014,2025-08-03,141
SKU014,2025-08-10,121
SKU014,2025-08-17,123
SKU014,2025-08-24,131
SKU014,2025-08-31,157
SKU014,2025-09-07,127
SKU014,2025-09-14,151
SKU014,2025-09-21,140
SKU014,2025-09-28,132
SKU014,2025-10-05,123
SKU014,2025-10-12,122
SKU014,2025-10-19,120
SKU014,2025-10-26,133
SKU014,2025-11-02,127
SKU014,2025-11-09,117
SKU014,2025-11-16,130
SKU014,2025-11-23,130
SKU014,2025-11-30,151
SKU014,2025-12-07,124
SKU014,2025-12-14,137
SKU014,2025-12-21,116
SKU014,2025-12-28,122
SKU015,2024-01-07,35
SKU015,2024-01-14,27
SKU015,2024-01-21,30
SKU015,2024-01-28,27
SKU015,2024-02-04,35
SKU015,2024-02-11,46
SKU015,2024-02-18,29
SKU015,2024-02-25,35
SKU015,2024-03-03,26
SKU015,2024-03-10,43
SKU015,2024-03-17,42
SKU015,2024-03-24,41
SKU015,2024-03-31,34
SKU015,2024-04-07,29
SKU015,2024-04-14,37
SKU015,2024-04-21,26
SKU015,2024-04-28,35
SKU015,2024-05-05,30
SKU015,2024-05-12,26
SKU015,2024-05-19,31
SKU015,2024-05-26,36
SKU015,2024-06-02,32
SKU015,2024-06-09,41
SKU015,2024-06-16,36
SKU015,2024-06-23,29
SKU015,2024-06-30,29
SKU015,2024-07-07,27
SKU015,2024-07-14,30
SKU015,2024-07-21,31
SKU015,2024-07-28,26
SKU015,2024-08-04,24
SKU015,2024-08-11,22
SKU015,2024-08-18,24
SKU015,2024-08-25,25
SKU015,2024-09-01,28
SKU015,2024-09-08,25
SKU015,2024-09-15,26
SKU015,2024-09-22,21
SKU015,2024-09-29,20
SKU015,2024-10-06,34
SKU015,2024-10-13,29
SKU015,2024-10-20,22
SKU015,2024-10-27,24
SKU015,2024-11-03,25
SKU015,2024-11-10,25
SKU015,2024-11-17,19
SKU015,2024-11-24,34
SKU015,2024-12-01,22
SKU015,2024-12-08,29
SKU015,2024-12-15,21
SKU015,2024-12-22,26
SKU015,2024-12-29,32
SKU015,2025-01-05,31
SKU015,2025-01-12,25
SKU015,2025-01-19,27
SKU015,2025-01-26,32
SKU015,2025-02-02,29
SKU015,2025-02-09,31
SKU015,2025-02-16,37
SKU015,2025-02-23,30
SKU015,2025-03-02,36
SKU015,2025-03-09,37
SKU015,2025-03-16,38
SKU015,2025-03-23,22
SKU015,2025-03-30,30
SKU015,2025-04-06,40
SKU015,2025-04-13,38
SKU015,2025-04-20,36
SKU015,2025-04-27,33
SKU015,2025-05-04,31
SKU015,2025-05-11,40
SKU015,2025-05-18,33
SKU015,2025-05-25,27
SKU015,2025-06-01,36
SKU015,2025-06-08,30
SKU015,2025-06-15,23
SKU015,2025-06-22,32
SKU015,2025-06-29,25
SKU015,2025-07-06,22
SKU015,2025-07-13,23
SKU015,2025-07-20,29
SKU015,2025-07-27,27
SKU015,2025-08-03,25
SKU015,2025-08-10,23
SKU015,2025-08-17,27
SKU015,2025-08-24,26
SKU015,2025-08-31,28
SKU015,2025-09-07,28
SKU015,2025-09-14,24
SKU015,2025-09-21,23
SKU015,2025-09-28,28
SKU015,2025-10-05,19
SKU015,2025-10-12,16
SKU015,2025-10-19,21
SKU015,2025-10-26,21
SKU015,2025-11-02,17
SKU015,2025-11-09,13
SKU015,2025-11-16,24
SKU015,2025-11-23,24
SKU015,2025-11-30,31
SKU015,2025-12-07,22
SKU015,2025-12-14,31
SKU015,2025-12-21,21
SKU015,2025-12-28,27
SKU016,2024-01-07,81
SKU016,2024-01-14,104
SKU016,2024-01-21,88
SKU016,2024-01-28,103
SKU016,2024-02-04,96
SKU016,2024-02-11,96
SKU016,2024-02-18,101
SKU016,2024-02-25,97
SKU016,2024-03-03,115
SKU016,2024-03-10,110
SKU016,2024-03-17,133
SKU016,2024-03-24,122
SKU016,2024-03-31,98
SKU016,2024-04-07,109
SKU016,2024-04-14,98
SKU016,2024-04-21,125
SKU016,2024-04-28,116
SKU016,2024-05-05,93
SKU016,2024-05-12,95
SKU016,2024-05-19,129
SKU016,2024-05-26,122
SKU016,2024-06-02,108
SKU016,2024-06-09,110
SKU016,2024-06-16,107
SKU016,2024-06-23,106
SKU016,2024-06-30,108
SKU016,2024-07-07,93
SKU016,2024-07-14,99
SKU016,2024-07-21,78
SKU016,2024-07-28,92
SKU016,2024-08-04,90
SKU016,2024-08-11,82
SKU016,2024-08-18,96
SKU016,2024-08-25,78
SKU016,2024-09-01,98
SKU016,2024-09-08,94
SKU016,2024-09-15,77
SKU016,2024-09-22,90
SKU016,2024-09-29,89
SKU016,2024-10-06,71
SKU016,2024-10-13,85
SKU016,2024-10-20,84
SKU016,2024-10-27,82
SKU016,2024-11-03,98
SKU016,2024-11-10,84
SKU016,2024-11-17,104
SKU016,2024-11-24,94
SKU016,2024-12-01,97
SKU016,2024-12-08,83
SKU016,2024-12-15,71
SKU016,2024-12-22,82
SKU016,2024-12-29,75
SKU016,2025-01-05,92
SKU016,2025-01-12,97
SKU016,2025-01-19,76
SKU016,2025-01-26,100
SKU016,2025-02-02,95
SKU016,2025-02-09,112
SKU016,2025-02-16,93
SKU016,2025-02-23,97
SKU016,2025-03-02,135
SKU016,2025-03-09,103
SKU016,2025-03-16,115
SKU016,2025-03-23,113
SKU016,2025-03-30,146
SKU016,2025-04-06,116
SKU016,2025-04-13,124
SKU016,2025-04-20,98
SKU016,2025-04-27,102
SKU016,2025-05-04,111
SKU016,2025-05-11,114
SKU016,2025-05-18,126
SKU016,2025-05-25,107
SKU016,2025-06-01,116
SKU016,2025-06-08,111
SKU016,2025-06-15,112
SKU016,2025-06-22,112
SKU016,2025-06-29,116
SKU016,2025-07-06,101
SKU016,2025-07-13,103
SKU016,2025-07-20,104
SKU016,2025-07-27,97
SKU016,2025-08-03,85
SKU016,2025-08-10,93
SKU016,2025-08-17,85
SKU016,2025-08-24,90
SKU016,2025-08-31,85
SKU016,2025-09-07,66
SKU016,2025-09-14,78
SKU016,2025-09-21,76
SKU016,2025-09-28,78
SKU016,2025-10-05,72
SKU016,2025-10-12,84
SKU016,2025-10-19,86
SKU016,2025-10-26,73
SKU016,2025-11-02,109
SKU016,2025-11-09,92
SKU016,2025-11-16,95
SKU016,2025-11-23,75
SKU016,2025-11-30,71
SKU016,2025-12-07,77
SKU016,2025-12-14,78
SKU016,2025-12-21,74
SKU016,2025-12-28,104
SKU017,2024-01-07,84
SKU017,2024-01-14,84
SKU017,2024-01-21,88
SKU017,2024-01-28,94
SKU017,2024-02-04,89
SKU017,2024-02-11,96
SKU017,2024-02-18,99
SKU017,2024-02-25,80
SKU017,2024-03-03,121
SKU017,2024-03-10,130
SKU017,2024-03-17,115
SKU017,2024-03-24,109
SKU017,2024-03-31,114
SKU017,2024-04-07,125
SKU017,2024-04-14,130
SKU017,2024-04-21,108
SKU017,2024-04-28,126
SKU017,2024-05-05,129
SKU017,2024-05-12,109
SKU017,2024-05-19,109
SKU017,2024-05-26,122
SKU017,2024-06-02,118
SKU017,2024-06-09,121
SKU017,2024-06-16,110
SKU017,2024-06-23,102
SKU017,2024-06-30,125
SKU017,2024-07-07,112
SKU017,2024-07-14,109
SKU017,2024-07-21,106
SKU017,2024-07-28,104
SKU017,2024-08-04,98
SKU017,2024-08-11,100
SKU017,2024-08-18,94
SKU017,2024-08-25,95
SKU017,2024-09-01,85
SKU017,2024-09-08,98
SKU017,2024-09-15,88
SKU017,2024-09-22,88
SKU017,2024-09-29,101
SKU017,2024-10-06,60
SKU017,2024-10-13,67
SKU017,2024-10-20,100
SKU017,2024-10-27,82
SKU017,2024-11-03,90
SKU017,2024-11-10,95
SKU017,2024-11-17,86
SKU017,2024-11-24,97
SKU017,2024-12-01,82
SKU017,2024-12-08,81
SKU017,2024-12-15,88
SKU017,2024-12-22,80
SKU017,2024-12-29,94
SKU017,2025-01-05,85
SKU017,2025-01-12,97
SKU017,2025-01-19,106
SKU017,2025-01-26,89
SKU017,2025-02-02,89
SKU017,2025-02-09,112
SKU017,2025-02-16,97
SKU017,2025-02-23,107
SKU017,2025-03-02,127
SKU017,2025-03-09,104
SKU017,2025-03-16,129
SKU017,2025-03-23,124
SKU017,2025-03-30,135
SKU017,2025-04-06,114
SKU017,2025-04-13,115
SKU017,2025-04-20,115
SKU017,2025-04-27,138
SKU017,2025-05-04,95
SKU017,2025-05-11,102
SKU017,2025-05-18,109
SKU017,2025-05-25,114
SKU017,2025-06-01,109
SKU017,2025-06-08,111
SKU017,2025-06-15,113
SKU017,2025-06-22,114
SKU017,2025-06-29,133
SKU017,2025-07-06,105
SKU017,2025-07-13,97
SKU017,2025-07-20,98
SKU017,2025-07-27,83
SKU017,2025-08-03,82
SKU017,2025-08-10,76
SKU017,2025-08-17,85
SKU017,2025-08-24,85
SKU017,2025-08-31,78
SKU017,2025-09-07,71
SKU017,2025-09-14,77
SKU017,2025-09-21,83
SKU017,2025-09-28,90
SKU017,2025-10-05,75
SKU017,2025-10-12,76
SKU017,2025-10-19,84
SKU017,2025-10-26,61
SKU017,2025-11-02,83
SKU017,2025-11-09,103
SKU017,2025-11-16,88
SKU017,2025-11-23,87
SKU017,2025-11-30,90
SKU017,2025-12-07,105
SKU017,2025-12-14,96
SKU017,2025-12-21,81
SKU017,2025-12-28,98
SKU018,2024-01-07,176
SKU018,2024-01-14,175
SKU018,2024-01-21,153
SKU018,2024-01-28,188
SKU018,2024-02-04,162
SKU018,2024-02-11,171
SKU018,2024-02-18,178
SKU018,2024-02-25,205
SKU018,2024-03-03,195
SKU018,2024-03-10,206
SKU018,2024-03-17,223
SKU018,2024-03-24,227
SKU018,2024-03-31,221
SKU018,2024-04-07,197
SKU018,2024-04-14,190
SKU018,2024-04-21,209
SKU018,2024-04-28,209
SKU018,2024-05-05,204
SKU018,2024-05-12,220
SKU018,2024-05-19,203
SKU018,2024-05-26,185
SKU018,2024-06-02,199
SKU018,2024-06-09,194
SKU018,2024-06-16,191
SKU018,2024-06-23,198
SKU018,2024-06-30,197
SKU018,2024-07-07,163
SKU018,2024-07-14,181
SKU018,2024-07-21,169
SKU018,2024-07-28,158
SKU018,2024-08-04,172
SKU018,2024-08-11,164
SKU018,2024-08-18,167
SKU018,2024-08-25,169
SKU018,2024-09-01,171
SKU018,2024-09-08,158
SKU018,2024-09-15,158
SKU018,2024-09-22,163
SKU018,2024-09-29,169
SKU018,2024-10-06,134
SKU018,2024-10-13,153
SKU018,2024-10-20,140
SKU018,2024-10-27,159
SKU018,2024-11-03,170
SKU018,2024-11-10,162
SKU018,2024-11-17,150
SKU018,2024-11-24,153
SKU018,2024-12-01,143
SKU018,2024-12-08,182
SKU018,2024-12-15,150
SKU018,2024-12-22,172
SKU018,2024-12-29,154
SKU018,2025-01-05,181
SKU018,2025-01-12,172
SKU018,2025-01-19,164
SKU018,2025-01-26,163
SKU018,2025-02-02,178
SKU018,2025-02-09,175
SKU018,2025-02-16,186
SKU018,2025-02-23,194
SKU018,2025-03-02,211
SKU018,2025-03-09,206
SKU018,2025-03-16,214
SKU018,2025-03-23,219
SKU018,2025-03-30,196
SKU018,2025-04-06,207
SKU018,2025-04-13,197
SKU018,2025-04-20,212
SKU018,2025-04-27,210
SKU018,2025-05-04,220
SKU018,2025-05-11,220
SKU018,2025-05-18,207
SKU018,2025-05-25,201
SKU018,2025-06-01,192
SKU018,2025-06-08,203
SKU018,2025-06-15,201
SKU018,2025-06-22,212
SKU018,2025-06-29,194
SKU018,2025-07-06,164
SKU018,2025-07-13,156
SKU018,2025-07-20,167
SKU018,2025-07-27,159
SKU018,2025-08-03,179
SKU018,2025-08-10,139
SKU018,2025-08-17,146
SKU018,2025-08-24,151
SKU018,2025-08-31,161
SKU018,2025-09-07,150
SKU018,2025-09-14,155
SKU018,2025-09-21,148
SKU018,2025-09-28,146
SKU018,2025-10-05,138
SKU018,2025-10-12,154
SKU018,2025-10-19,141
SKU018,2025-10-26,135
SKU018,2025-11-02,166
SKU018,2025-11-09,157
SKU018,2025-11-16,142
SKU018,2025-11-23,150
SKU018,2025-11-30,152
SKU018,2025-12-07,158
SKU018,2025-12-14,162
SKU018,2025-12-21,160
SKU018,2025-12-28,161
SKU019,2024-01-07,101
SKU019,2024-01-14,115
SKU019,2024-01-21,103
SKU019,2024-01-28,107
SKU019,2024-02-04,136
SKU019,2024-02-11,119
SKU019,2024-02-18,117
SKU019,2024-02-25,117
SKU019,2024-03-03,132
SKU019,2024-03-10,132
SKU019,2024-03-17,137
SKU019,2024-03-24,136
SKU019,2024-03-31,135
SKU019,2024-04-07,151
SKU019,2024-04-14,135
SKU019,2024-04-21,132
SKU019,2024-04-28,139
SKU019,2024-05-05,134
SKU019,2024-05-12,141
SKU019,2024-05-19,151
SKU019,2024-05-26,131
SKU019,2024-06-02,147
SKU019,2024-06-09,122
SKU019,2024-06-16,137
SKU019,2024-06-23,110
SKU019,2024-06-30,117
SKU019,2024-07-07,113
SKU019,2024-07-14,115
SKU019,2024-07-21,101
SKU019,2024-07-28,108
SKU019,2024-08-04,115
SKU019,2024-08-11,89
SKU019,2024-08-18,93
SKU019,2024-08-25,104
SKU019,2024-09-01,102
SKU019,2024-09-08,104
SKU019,2024-09-15,108
SKU019,2024-09-22,80
SKU019,2024-09-29,97
SKU019,2024-10-06,81
SKU019,2024-10-13,93
SKU019,2024-10-20,85
SKU019,2024-10-27,86
SKU019,2024-11-03,98
SKU019,2024-11-10,95
SKU019,2024-11-17,112
SKU019,2024-11-24,113
SKU019,2024-12-01,110
SKU019,2024-12-08,120
SKU019,2024-12-15,97
SKU019,2024-12-22,106
SKU019,2024-12-29,86
SKU019,2025-01-05,100
SKU019,2025-01-12,114
SKU019,2025-01-19,113
SKU019,2025-01-26,115
SKU019,2025-02-02,109
SKU019,2025-02-09,95
SKU019,2025-02-16,111
SKU019,2025-02-23,132
SKU019,2025-03-02,140
SKU019,2025-03-09,143
SKU019,2025-03-16,135
SKU019,2025-03-23,127
SKU019,2025-03-30,130
SKU019,2025-04-06,132
SKU019,2025-04-13,144
SKU019,2025-04-20,135
SKU019,2025-04-27,117
SKU019,2025-05-04,127
SKU019,2025-05-11,122
SKU019,2025-05-18,112
SKU019,2025-05-25,131
SKU019,2025-06-01,130
SKU019,2025-06-08,148
SKU019,2025-06-15,115
SKU019,2025-06-22,136
SKU019,2025-06-29,129
SKU019,2025-07-06,94
SKU019,2025-07-13,100
SKU019,2025-07-20,111
SKU019,2025-07-27,90
SKU019,2025-08-03,116
SKU019,2025-08-10,104
SKU019,2025-08-17,106
SKU019,2025-08-24,109
SKU019,2025-08-31,93
SKU019,2025-09-07,103
SKU019,2025-09-14,76
SKU019,2025-09-21,100
SKU019,2025-09-28,105
SKU019,2025-10-05,83
SKU019,2025-10-12,92
SKU019,2025-10-19,96
SKU019,2025-10-26,84
SKU019,2025-11-02,91
SKU019,2025-11-09,103
SKU019,2025-11-16,112
SKU019,2025-11-23,110
SKU019,2025-11-30,88
SKU019,2025-12-07,103
SKU019,2025-12-14,96
SKU019,2025-12-21,107
SKU019,2025-12-28,104
SKU020,2024-01-07,92
SKU020,2024-01-14,102
SKU020,2024-01-21,100
SKU020,2024-01-28,92
SKU020,2024-02-04,94
SKU020,2024-02-11,118
SKU020,2024-02-18,114
SKU020,2024-02-25,108
SKU020,2024-03-03,117
SKU020,2024-03-10,120
SKU020,2024-03-17,123
SKU020,2024-03-24,119
SKU020,2024-03-31,104
SKU020,2024-04-07,97
SKU020,2024-04-14,105
SKU020,2024-04-21,122
SKU020,2024-04-28,97
SKU020,2024-05-05,90
SKU020,2024-05-12,100
SKU020,2024-05-19,110
SKU020,2024-05-26,120
SKU020,2024-06-02,117
SKU020,2024-06-09,104
SKU020,2024-06-16,127
SKU020,2024-06-23,122
SKU020,2024-06-30,113
SKU020,2024-07-07,94
SKU020,2024-07-14,96
SKU020,2024-07-21,112
SKU020,2024-07-28,97
SKU020,2024-08-04,102
SKU020,2024-08-11,88
SKU020,2024-08-18,96
SKU020,2024-08-25,95
SKU020,2024-09-01,102
SKU020,2024-09-08,84
SKU020,2024-09-15,69
SKU020,2024-09-22,83
SKU020,2024-09-29,80
SKU020,2024-10-06,77
SKU020,2024-10-13,83
SKU020,2024-10-20,92
SKU020,2024-10-27,83
SKU020,2024-11-03,71
SKU020,2024-11-10,81
SKU020,2024-11-17,87
SKU020,2024-11-24,69
SKU020,2024-12-01,84
SKU020,2024-12-08,88
SKU020,2024-12-15,80
SKU020,2024-12-22,81
SKU020,2024-12-29,87
SKU020,2025-01-05,93
SKU020,2025-01-12,83
SKU020,2025-01-19,95
SKU020,2025-01-26,100
SKU020,2025-02-02,79
SKU020,2025-02-09,93
SKU020,2025-02-16,105
SKU020,2025-02-23,97
SKU020,2025-03-02,95
SKU020,2025-03-09,119
SKU020,2025-03-16,105
SKU020,2025-03-23,101
SKU020,2025-03-30,111
SKU020,2025-04-06,132
SKU020,2025-04-13,107
SKU020,2025-04-20,117
SKU020,2025-04-27,111
SKU020,2025-05-04,107
SKU020,2025-05-11,115
SKU020,2025-05-18,110
SKU020,2025-05-25,105
SKU020,2025-06-01,112
SKU020,2025-06-08,111
SKU020,2025-06-15,89
SKU020,2025-06-22,116
SKU020,2025-06-29,104
SKU020,2025-07-06,104
SKU020,2025-07-13,89
SKU020,2025-07-20,97
SKU020,2025-07-27,96
SKU020,2025-08-03,69
SKU020,2025-08-10,94
SKU020,2025-08-17,87
SKU020,2025-08-24,99
SKU020,2025-08-31,74
SKU020,2025-09-07,97
SKU020,2025-09-14,91
SKU020,2025-09-21,79
SKU020,2025-09-28,86
SKU020,2025-10-05,75
SKU020,2025-10-12,107
SKU020,2025-10-19,74
SKU020,2025-10-26,88
SKU020,2025-11-02,101
SKU020,2025-11-09,78
SKU020,2025-11-16,92
SKU020,2025-11-23,81
SKU020,2025-11-30,97
SKU020,2025-12-07,85
SKU020,2025-12-14,82
SKU020,2025-12-21,74
SKU020,2025-12-28,99
SKU021,2024-01-07,50
SKU021,2024-01-14,65
SKU021,2024-01-21,51
SKU021,2024-01-28,50
SKU021,2024-02-04,71
SKU021,2024-02-11,54
SKU021,2024-02-18,67
SKU021,2024-02-25,71
SKU021,2024-03-03,68
SKU021,2024-03-10,79
SKU021,2024-03-17,77
SKU021,2024-03-24,59
SKU021,2024-03-31,65
SKU021,2024-04-07,54
SKU021,2024-04-14,62
SKU021,2024-04-21,80
SKU021,2024-04-28,74
SKU021,2024-05-05,79
SKU021,2024-05-12,67
SKU021,2024-05-19,70
SKU021,2024-05-26,61
SKU021,2024-06-02,73
SKU021,2024-06-09,59
SKU021,2024-06-16,76
SKU021,2024-06-23,56
SKU021,2024-06-30,56
SKU021,2024-07-07,60
SKU021,2024-07-14,53
SKU021,2024-07-21,63
SKU021,2024-07-28,55
SKU021,2024-08-04,55
SKU021,2024-08-11,52
SKU021,2024-08-18,68
SKU021,2024-08-25,59
SKU021,2024-09-01,53
SKU021,2024-09-08,52
SKU021,2024-09-15,55
SKU021,2024-09-22,48
SKU021,2024-09-29,61
SKU021,2024-10-06,50
SKU021,2024-10-13,39
SKU021,2024-10-20,43
SKU021,2024-10-27,55
SKU021,2024-11-03,58
SKU021,2024-11-10,58
SKU021,2024-11-17,63
SKU021,2024-11-24,54
SKU021,2024-12-01,37
SKU021,2024-12-08,55
SKU021,2024-12-15,63
SKU021,2024-12-22,50
SKU021,2024-12-29,54
SKU021,2025-01-05,48
SKU021,2025-01-12,63
SKU021,2025-01-19,60
SKU021,2025-01-26,57
SKU021,2025-02-02,73
SKU021,2025-02-09,63
SKU021,2025-02-16,73
SKU021,2025-02-23,63
SKU021,2025-03-02,78
SKU021,2025-03-09,59
SKU021,2025-03-16,64
SKU021,2025-03-23,75
SKU021,2025-03-30,76
SKU021,2025-04-06,68
SKU021,2025-04-13,50
SKU021,2025-04-20,66
SKU021,2025-04-27,61
SKU021,2025-05-04,66
SKU021,2025-05-11,79
SKU021,2025-05-18,72
SKU021,2025-05-25,70
SKU021,2025-06-01,71
SKU021,2025-06-08,77
SKU021,2025-06-15,79
SKU021,2025-06-22,67
SKU021,2025-06-29,69
SKU021,2025-07-06,57
SKU021,2025-07-13,68
SKU021,2025-07-20,58
SKU021,2025-07-27,62
SKU021,2025-08-03,54
SKU021,2025-08-10,60
SKU021,2025-08-17,54
SKU021,2025-08-24,60
SKU021,2025-08-31,43
SKU021,2025-09-07,47
SKU021,2025-09-14,55
SKU021,2025-09-21,55
SKU021,2025-09-28,53
SKU021,2025-10-05,35
SKU021,2025-10-12,48
SKU021,2025-10-19,65
SKU021,2025-10-26,44
SKU021,2025-11-02,58
SKU021,2025-11-09,46
SKU021,2025-11-16,45
SKU021,2025-11-23,43
SKU021,2025-11-30,47
SKU021,2025-12-07,52
SKU021,2025-12-14,59
SKU021,2025-12-21,47
SKU021,2025-12-28,50
SKU022,2024-01-07,64
SKU022,2024-01-14,72
SKU022,2024-01-21,74
SKU022,2024-01-28,74
SKU022,2024-02-04,57
SKU022,2024-02-11,87
SKU022,2024-02-18,80
SKU022,2024-02-25,69
SKU022,2024-03-03,96
SKU022,2024-03-10,73
SKU022,2024-03-17,97
SKU022,2024-03-24,75
SKU022,2024-03-31,93
SKU022,2024-04-07,82
SKU022,2024-04-14,100
SKU022,2024-04-21,73
SKU022,2024-04-28,96
SKU022,2024-05-05,87
SKU022,2024-05-12,83
SKU022,2024-05-19,84
SKU022,2024-05-26,82
SKU022,2024-06-02,78
SKU022,2024-06-09,63
SKU022,2024-06-16,91
SKU022,2024-06-23,94
SKU022,2024-06-30,76
SKU022,2024-07-07,58
SKU022,2024-07-14,74
SKU022,2024-07-21,68
SKU022,2024-07-28,70
SKU022,2024-08-04,59
SKU022,2024-08-11,64
SKU022,2024-08-18,56
SKU022,2024-08-25,68
SKU022,2024-09-01,66
SKU022,2024-09-08,64
SKU022,2024-09-15,59
SKU022,2024-09-22,66
SKU022,2024-09-29,72
SKU022,2024-10-06,53
SKU022,2024-10-13,55
SKU022,2024-10-20,52
SKU022,2024-10-27,47
SKU022,2024-11-03,56
SKU022,2024-11-10,54
SKU022,2024-11-17,69
SKU022,2024-11-24,64
SKU022,2024-12-01,61
SKU022,2024-12-08,62
SKU022,2024-12-15,70
SKU022,2024-12-22,46
SKU022,2024-12-29,59
SKU022,2025-01-05,77
SKU022,2025-01-12,77
SKU022,2025-01-19,69
SKU022,2025-01-26,79
SKU022,2025-02-02,75
SKU022,2025-02-09,75
SKU022,2025-02-16,86
SKU022,2025-02-23,88
SKU022,2025-03-02,76
SKU022,2025-03-09,78
SKU022,2025-03-16,82
SKU022,2025-03-23,84
SKU022,2025-03-30,87
SKU022,2025-04-06,61
SKU022,2025-04-13,67
SKU022,2025-04-20,77
SKU022,2025-04-27,81
SKU022,2025-05-04,85
SKU022,2025-05-11,69
SKU022,2025-05-18,80
SKU022,2025-05-25,93
SKU022,2025-06-01,90
SKU022,2025-06-08,89
SKU022,2025-06-15,90
SKU022,2025-06-22,86
SKU022,2025-06-29,83
SKU022,2025-07-06,70
SKU022,2025-07-13,58
SKU022,2025-07-20,82
SKU022,2025-07-27,64
SKU022,2025-08-03,70
SKU022,2025-08-10,64
SKU022,2025-08-17,64
SKU022,2025-08-24,69
SKU022,2025-08-31,49
SKU022,2025-09-07,55
SKU022,2025-09-14,67
SKU022,2025-09-21,60
SKU022,2025-09-28,61
SKU022,2025-10-05,50
SKU022,2025-10-12,54
SKU022,2025-10-19,58
SKU022,2025-10-26,51
SKU022,2025-11-02,62
SKU022,2025-11-09,44
SKU022,2025-11-16,78
SKU022,2025-11-23,53
SKU022,2025-11-30,69
SKU022,2025-12-07,70
SKU022,2025-12-14,60
SKU022,2025-12-21,62
SKU022,2025-12-28,84
SKU023,2024-01-07,100
SKU023,2024-01-14,83
SKU023,2024-01-21,97
SKU023,2024-01-28,100
SKU023,2024-02-04,126
SKU023,2024-02-11,126
SKU023,2024-02-18,109
SKU023,2024-02-25,99
SKU023,2024-03-03,114
SKU023,2024-03-10,136
SKU023,2024-03-17,137
SKU023,2024-03-24,99
SKU023,2024-03-31,117
SKU023,2024-04-07,122
SKU023,2024-04-14,132
SKU023,2024-04-21,118
SKU023,2024-04-28,102
SKU023,2024-05-05,102
SKU023,2024-05-12,120
SKU023,2024-05-19,129
SKU023,2024-05-26,101
SKU023,2024-06-02,123
SKU023,2024-06-09,116
SKU023,2024-06-16,114
SKU023,2024-06-23,124
SKU023,2024-06-30,118
SKU023,2024-07-07,109
SKU023,2024-07-14,88
SKU023,2024-07-21,102
SKU023,2024-07-28,109
SKU023,2024-08-04,105
SKU023,2024-08-11,105
SKU023,2024-08-18,82
SKU023,2024-08-25,99
SKU023,2024-09-01,85
SKU023,2024-09-08,88
SKU023,2024-09-15,87
SKU023,2024-09-22,85
SKU023,2024-09-29,89
SKU023,2024-10-06,76
SKU023,2024-10-13,67
SKU023,2024-10-20,74
SKU023,2024-10-27,84
SKU023,2024-11-03,86
SKU023,2024-11-10,85
SKU023,2024-11-17,94
SKU023,2024-11-24,98
SKU023,2024-12-01,111
SKU023,2024-12-08,104
SKU023,2024-12-15,80
SKU023,2024-12-22,90
SKU023,2024-12-29,99
SKU023,2025-01-05,117
SKU023,2025-01-12,114
SKU023,2025-01-19,92
SKU023,2025-01-26,83
SKU023,2025-02-02,106
SKU023,2025-02-09,98
SKU023,2025-02-16,113
SKU023,2025-02-23,115
SKU023,2025-03-02,119
SKU023,2025-03-09,125
SKU023,2025-03-16,131
SKU023,2025-03-23,127
SKU023,2025-03-30,141
SKU023,2025-04-06,121
SKU023,2025-04-13,127
SKU023,2025-04-20,120
SKU023,2025-04-27,128
SKU023,2025-05-04,107
SKU023,2025-05-11,133
SKU023,2025-05-18,111
SKU023,2025-05-25,118
SKU023,2025-06-01,112
SKU023,2025-06-08,122
SKU023,2025-06-15,117
SKU023,2025-06-22,133
SKU023,2025-06-29,130
SKU023,2025-07-06,105
SKU023,2025-07-13,100
SKU023,2025-07-20,91
SKU023,2025-07-27,107
SKU023,2025-08-03,102
SKU023,2025-08-10,107
SKU023,2025-08-17,102
SKU023,2025-08-24,95
SKU023,2025-08-31,82
SKU023,2025-09-07,76
SKU023,2025-09-14,53
SKU023,2025-09-21,111
SKU023,2025-09-28,90
SKU023,2025-10-05,89
SKU023,2025-10-12,80
SKU023,2025-10-19,74
SKU023,2025-10-26,91
SKU023,2025-11-02,84
SKU023,2025-11-09,91
SKU023,2025-11-16,88
SKU023,2025-11-23,88
SKU023,2025-11-30,90
SKU023,2025-12-07,97
SKU023,2025-12-14,98
SKU023,2025-12-21,96
SKU023,2025-12-28,99
SKU024,2024-01-07,93
SKU024,2024-01-14,81
SKU024,2024-01-21,95
SKU024,2024-01-28,87
SKU024,2024-02-04,100
SKU024,2024-02-11,106
SKU024,2024-02-18,84
SKU024,2024-02-25,90
SKU024,2024-03-03,114
SKU024,2024-03-10,115
SKU024,2024-03-17,118
SKU024,2024-03-24,111
SKU024,2024-03-31,117
SKU024,2024-04-07,95
SKU024,2024-04-14,103
SKU024,2024-04-21,113
SKU024,2024-04-28,106
SKU024,2024-05-05,103
SKU024,2024-05-12,108
SKU024,2024-05-19,109
SKU024,2024-05-26,104
SKU024,2024-06-02,118
SKU024,2024-06-09,97
SKU024,2024-06-16,95
SKU024,2024-06-23,114
SKU024,2024-06-30,105
SKU024,2024-07-07,100
SKU024,2024-07-14,83
SKU024,2024-07-21,92
SKU024,2024-07-28,92
SKU024,2024-08-04,88
SKU024,2024-08-11,83
SKU024,2024-08-18,86
SKU024,2024-08-25,100
SKU024,2024-09-01,88
SKU024,2024-09-08,84
SKU024,2024-09-15,83
SKU024,2024-09-22,72
SKU024,2024-09-29,85
SKU024,2024-10-06,83
SKU024,2024-10-13,66
SKU024,2024-10-20,72
SKU024,2024-10-27,62
SKU024,2024-11-03,86
SKU024,2024-11-10,78
SKU024,2024-11-17,72
SKU024,2024-11-24,74
SKU024,2024-12-01,65
SKU024,2024-12-08,76
SKU024,2024-12-15,101
SKU024,2024-12-22,75
SKU024,2024-12-29,71
SKU024,2025-01-05,101
SKU024,2025-01-12,77
SKU024,2025-01-19,73
SKU024,2025-01-26,80
SKU024,2025-02-02,88
SKU024,2025-02-09,84
SKU024,2025-02-16,95
SKU024,2025-02-23,91
SKU024,2025-03-02,116
SKU024,2025-03-09,104
SKU024,2025-03-16,117
SKU024,2025-03-23,141
SKU024,2025-03-30,119
SKU024,2025-04-06,116
SKU024,2025-04-13,90
SKU024,2025-04-20,110
SKU024,2025-04-27,105
SKU024,2025-05-04,108
SKU024,2025-05-11,121
SKU024,2025-05-18,88
SKU024,2025-05-25,91
SKU024,2025-06-01,97
SKU024,2025-06-08,94
SKU024,2025-06-15,105
SKU024,2025-06-22,101
SKU024,2025-06-29,107
SKU024,2025-07-06,94
SKU024,2025-07-13,79
SKU024,2025-07-20,70
SKU024,2025-07-27,73
SKU024,2025-08-03,104
SKU024,2025-08-10,84
SKU024,2025-08-17,83
SKU024,2025-08-24,69
SKU024,2025-08-31,93
SKU024,2025-09-07,104
SKU024,2025-09-14,79
SKU024,2025-09-21,84
SKU024,2025-09-28,80
SKU024,2025-10-05,69
SKU024,2025-10-12,65
SKU024,2025-10-19,75
SKU024,2025-10-26,82
SKU024,2025-11-02,83
SKU024,2025-11-09,82
SKU024,2025-11-16,82
SKU024,2025-11-23,80
SKU024,2025-11-30,76
SKU024,2025-12-07,93
SKU024,2025-12-14,72
SKU024,2025-12-21,85
SKU024,2025-12-28,71
SKU025,2024-01-07,14
SKU025,2024-01-14,21
SKU025,2024-01-21,16
SKU025,2024-01-28,24
SKU025,2024-02-04,18
SKU025,2024-02-11,19
SKU025,2024-02-18,18
SKU025,2024-02-25,23
SKU025,2024-03-03,25
SKU025,2024-03-10,22
SKU025,2024-03-17,21
SKU025,2024-03-24,27
SKU025,2024-03-31,31
SKU025,2024-04-07,24
SKU025,2024-04-14,19
SKU025,2024-04-21,17
SKU025,2024-04-28,28
SKU025,2024-05-05,19
SKU025,2024-05-12,20
SKU025,2024-05-19,21
SKU025,2024-05-26,15
SKU025,2024-06-02,16
SKU025,2024-06-09,21
SKU025,2024-06-16,16
SKU025,2024-06-23,18
SKU025,2024-06-30,25
SKU025,2024-07-07,24
SKU025,2024-07-14,23
SKU025,2024-07-21,16
SKU025,2024-07-28,14
SKU025,2024-08-04,18
SKU025,2024-08-11,17
SKU025,2024-08-18,17
SKU025,2024-08-25,19
SKU025,2024-09-01,26
SKU025,2024-09-08,16
SKU025,2024-09-15,17
SKU025,2024-09-22,15
SKU025,2024-09-29,12
SKU025,2024-10-06,14
SKU025,2024-10-13,20
SKU025,2024-10-20,26
SKU025,2024-10-27,16
SKU025,2024-11-03,21
SKU025,2024-11-10,18
SKU025,2024-11-17,17
SKU025,2024-11-24,26
SKU025,2024-12-01,5
SKU025,2024-12-08,22
SKU025,2024-12-15,24
SKU025,2024-12-22,22
SKU025,2024-12-29,16
SKU025,2025-01-05,15
SKU025,2025-01-12,21
SKU025,2025-01-19,12
SKU025,2025-01-26,21
SKU025,2025-02-02,17
SKU025,2025-02-09,28
SKU025,2025-02-16,16
SKU025,2025-02-23,17
SKU025,2025-03-02,27
SKU025,2025-03-09,20
SKU025,2025-03-16,16
SKU025,2025-03-23,28
SKU025,2025-03-30,27
SKU025,2025-04-06,10
SKU025,2025-04-13,26
SKU025,2025-04-20,14
SKU025,2025-04-27,16
SKU025,2025-05-04,13
SKU025,2025-05-11,16
SKU025,2025-05-18,21
SKU025,2025-05-25,19
SKU025,2025-06-01,30
SKU025,2025-06-08,19
SKU025,2025-06-15,23
SKU025,2025-06-22,16
SKU025,2025-06-29,25
SKU025,2025-07-06,18
SKU025,2025-07-13,15
SKU025,2025-07-20,24
SKU025,2025-07-27,23
SKU025,2025-08-03,20
SKU025,2025-08-10,17
SKU025,2025-08-17,13
SKU025,2025-08-24,18
SKU025,2025-08-31,22
SKU025,2025-09-07,17
SKU025,2025-09-14,16
SKU025,2025-09-21,16
SKU025,2025-09-28,21
SKU025,2025-10-05,12
SKU025,2025-10-12,13
SKU025,2025-10-19,17
SKU025,2025-10-26,17
SKU025,2025-11-02,20
SKU025,2025-11-09,18
SKU025,2025-11-16,18
SKU025,2025-11-23,12
SKU025,2025-11-30,9
SKU025,2025-12-07,18
SKU025,2025-12-14,13
SKU025,2025-12-21,14
SKU025,2025-12-28,16
SKU026,2024-01-07,166
SKU026,2024-01-14,156
SKU026,2024-01-21,152
SKU026,2024-01-28,150
SKU026,2024-02-04,158
SKU026,2024-02-11,195
SKU026,2024-02-18,169
SKU026,2024-02-25,171
SKU026,2024-03-03,161
SKU026,2024-03-10,189
SKU026,2024-03-17,222
SKU026,2024-03-24,202
SKU026,2024-03-31,179
SKU026,2024-04-07,159
SKU026,2024-04-14,196
SKU026,2024-04-21,181
SKU026,2024-04-28,186
SKU026,2024-05-05,174
SKU026,2024-05-12,190
SKU026,2024-05-19,162
SKU026,2024-05-26,180
SKU026,2024-06-02,201
SKU026,2024-06-09,183
SKU026,2024-06-16,175
SKU026,2024-06-23,211
SKU026,2024-06-30,182
SKU026,2024-07-07,163
SKU026,2024-07-14,138
SKU026,2024-07-21,157
SKU026,2024-07-28,137
SKU026,2024-08-04,144
SKU026,2024-08-11,138
SKU026,2024-08-18,138
SKU026,2024-08-25,144
SKU026,2024-09-01,129
SKU026,2024-09-08,146
SKU026,2024-09-15,143
SKU026,2024-09-22,120
SKU026,2024-09-29,129
SKU026,2024-10-06,131
SKU026,2024-10-13,145
SKU026,2024-10-20,141
SKU026,2024-10-27,137
SKU026,2024-11-03,130
SKU026,2024-11-10,127
SKU026,2024-11-17,156
SKU026,2024-11-24,124
SKU026,2024-12-01,116
SKU026,2024-12-08,162
SKU026,2024-12-15,148
SKU026,2024-12-22,131
SKU026,2024-12-29,145
SKU026,2025-01-05,147
SKU026,2025-01-12,165
SKU026,2025-01-19,136
SKU026,2025-01-26,165
SKU026,2025-02-02,161
SKU026,2025-02-09,170
SKU026,2025-02-16,166
SKU026,2025-02-23,177
SKU026,2025-03-02,169
SKU026,2025-03-09,173
SKU026,2025-03-16,197
SKU026,2025-03-23,207
SKU026,2025-03-30,202
SKU026,2025-04-06,174
SKU026,2025-04-13,195
SKU026,2025-04-20,160
SKU026,2025-04-27,189
SKU026,2025-05-04,179
SKU026,2025-05-11,177
SKU026,2025-05-18,184
SKU026,2025-05-25,177
SKU026,2025-06-01,206
SKU026,2025-06-08,199
SKU026,2025-06-15,201
SKU026,2025-06-22,171
SKU026,2025-06-29,161
SKU026,2025-07-06,150
SKU026,2025-07-13,153
SKU026,2025-07-20,155
SKU026,2025-07-27,173
SKU026,2025-08-03,156
SKU026,2025-08-10,150
SKU026,2025-08-17,128
SKU026,2025-08-24,123
SKU026,2025-08-31,129
SKU026,2025-09-07,153
SKU026,2025-09-14,124
SKU026,2025-09-21,138
SKU026,2025-09-28,132
SKU026,2025-10-05,114
SKU026,2025-10-12,135
SKU026,2025-10-19,138
SKU026,2025-10-26,124
SKU026,2025-11-02,141
SKU026,2025-11-09,127
SKU026,2025-11-16,130
SKU026,2025-11-23,128
SKU026,2025-11-30,126
SKU026,2025-12-07,157
SKU026,2025-12-14,128
SKU026,2025-12-21,156
SKU026,2025-12-28,135
SKU027,2024-01-07,162
SKU027,2024-01-14,170
SKU027,2024-01-21,170
SKU027,2024-01-28,145
SKU027,2024-02-04,182
SKU027,2024-02-11,188
SKU027,2024-02-18,177
SKU027,2024-02-25,158
SKU027,2024-03-03,188
SKU027,2024-03-10,212
SKU027,2024-03-17,214
SKU027,2024-03-24,195
SKU027,2024-03-31,195
SKU027,2024-04-07,200
SKU027,2024-04-14,181
SKU027,2024-04-21,185
SKU027,2024-04-28,205
SKU027,2024-05-05,188
SKU027,2024-05-12,194
SKU027,2024-05-19,196
SKU027,2024-05-26,193
SKU027,2024-06-02,210
SKU027,2024-06-09,179
SKU027,2024-06-16,219
SKU027,2024-06-23,200
SKU027,2024-06-30,178
SKU027,2024-07-07,149
SKU027,2024-07-14,168
SKU027,2024-07-21,167
SKU027,2024-07-28,154
SKU027,2024-08-04,151
SKU027,2024-08-11,149
SKU027,2024-08-18,158
SKU027,2024-08-25,165
SKU027,2024-09-01,154
SKU027,2024-09-08,127
SKU027,2024-09-15,134
SKU027,2024-09-22,143
SKU027,2024-09-29,156
SKU027,2024-10-06,126
SKU027,2024-10-13,126
SKU027,2024-10-20,121
SKU027,2024-10-27,151
SKU027,2024-11-03,138
SKU027,2024-11-10,143
SKU027,2024-11-17,153
SKU027,2024-11-24,163
SKU027,2024-12-01,152
SKU027,2024-12-08,153
SKU027,2024-12-15,154
SKU027,2024-12-22,133
SKU027,2024-12-29,172
SKU027,2025-01-05,185
SKU027,2025-01-12,167
SKU027,2025-01-19,190
SKU027,2025-01-26,179
SKU027,2025-02-02,160
SKU027,2025-02-09,197
SKU027,2025-02-16,187
SKU027,2025-02-23,156
SKU027,2025-03-02,204
SKU027,2025-03-09,206
SKU027,2025-03-16,219
SKU027,2025-03-23,216
SKU027,2025-03-30,206
SKU027,2025-04-06,188
SKU027,2025-04-13,195
SKU027,2025-04-20,228
SKU027,2025-04-27,180
SKU027,2025-05-04,188
SKU027,2025-05-11,180
SKU027,2025-05-18,209
SKU027,2025-05-25,204
SKU027,2025-06-01,195
SKU027,2025-06-08,181
SKU027,2025-06-15,165
SKU027,2025-06-22,193
SKU027,2025-06-29,183
SKU027,2025-07-06,165
SKU027,2025-07-13,185
SKU027,2025-07-20,163
SKU027,2025-07-27,155
SKU027,2025-08-03,156
SKU027,2025-08-10,120
SKU027,2025-08-17,146
SKU027,2025-08-24,145
SKU027,2025-08-31,138
SKU027,2025-09-07,167
SKU027,2025-09-14,143
SKU027,2025-09-21,158
SKU027,2025-09-28,150
SKU027,2025-10-05,151
SKU027,2025-10-12,149
SKU027,2025-10-19,127
SKU027,2025-10-26,130
SKU027,2025-11-02,136
SKU027,2025-11-09,147
SKU027,2025-11-16,149
SKU027,2025-11-23,163
SKU027,2025-11-30,162
SKU027,2025-12-07,153
SKU027,2025-12-14,161
SKU027,2025-12-21,182
SKU027,2025-12-28,144
SKU028,2024-01-07,32
SKU028,2024-01-14,35
SKU028,2024-01-21,39
SKU028,2024-01-28,34
SKU028,2024-02-04,40
SKU028,2024-02-11,37
SKU028,2024-02-18,43
SKU028,2024-02-25,34
SKU028,2024-03-03,44
SKU028,2024-03-10,54
SKU028,2024-03-17,43
SKU028,2024-03-24,47
SKU028,2024-03-31,56
SKU028,2024-04-07,47
SKU028,2024-04-14,50
SKU028,2024-04-21,56
SKU028,2024-04-28,44
SKU028,2024-05-05,40
SKU028,2024-05-12,45
SKU028,2024-05-19,53
SKU028,2024-05-26,40
SKU028,2024-06-02,52
SKU028,2024-06-09,32
SKU028,2024-06-16,48
SKU028,2024-06-23,52
SKU028,2024-06-30,52
SKU028,2024-07-07,42
SKU028,2024-07-14,37
SKU028,2024-07-21,39
SKU028,2024-07-28,46
SKU028,2024-08-04,30
SKU028,2024-08-11,28
SKU028,2024-08-18,31
SKU028,2024-08-25,37
SKU028,2024-09-01,31
SKU028,2024-09-08,41
SKU028,2024-09-15,26
SKU028,2024-09-22,44
SKU028,2024-09-29,25
SKU028,2024-10-06,36
SKU028,2024-10-13,29
SKU028,2024-10-20,34
SKU028,2024-10-27,26
SKU028,2024-11-03,40
SKU028,2024-11-10,32
SKU028,2024-11-17,33
SKU028,2024-11-24,30
SKU028,2024-12-01,41
SKU028,2024-12-08,36
SKU028,2024-12-15,48
SKU028,2024-12-22,45
SKU028,2024-12-29,37
SKU028,2025-01-05,47
SKU028,2025-01-12,41
SKU028,2025-01-19,43
SKU028,2025-01-26,42
SKU028,2025-02-02,38
SKU028,2025-02-09,44
SKU028,2025-02-16,37
SKU028,2025-02-23,32
SKU028,2025-03-02,41
SKU028,2025-03-09,52
SKU028,2025-03-16,43
SKU028,2025-03-23,50
SKU028,2025-03-30,54
SKU028,2025-04-06,36
SKU028,2025-04-13,42
SKU028,2025-04-20,44
SKU028,2025-04-27,49
SKU028,2025-05-04,44
SKU028,2025-05-11,49
SKU028,2025-05-18,48
SKU028,2025-05-25,52
SKU028,2025-06-01,40
SKU028,2025-06-08,49
SKU028,2025-06-15,41
SKU028,2025-06-22,41
SKU028,2025-06-29,43
SKU028,2025-07-06,32
SKU028,2025-07-13,46
SKU028,2025-07-20,42
SKU028,2025-07-27,36
SKU028,2025-08-03,35
SKU028,2025-08-10,40
SKU028,2025-08-17,31
SKU028,2025-08-24,27
SKU028,2025-08-31,45
SKU028,2025-09-07,35
SKU028,2025-09-14,36
SKU028,2025-09-21,34
SKU028,2025-09-28,30
SKU028,2025-10-05,18
SKU028,2025-10-12,31
SKU028,2025-10-19,32
SKU028,2025-10-26,30
SKU028,2025-11-02,31
SKU028,2025-11-09,30
SKU028,2025-11-16,40
SKU028,2025-11-23,39
SKU028,2025-11-30,34
SKU028,2025-12-07,40
SKU028,2025-12-14,25
SKU028,2025-12-21,22
SKU028,2025-12-28,31
SKU029,2024-01-07,114
SKU029,2024-01-14,120
SKU029,2024-01-21,93
SKU029,2024-01-28,94
SKU029,2024-02-04,109
SKU029,2024-02-11,102
SKU029,2024-02-18,114
SKU029,2024-02-25,112
SKU029,2024-03-03,115
SKU029,2024-03-10,131
SKU029,2024-03-17,133
SKU029,2024-03-24,142
SKU029,2024-03-31,125
SKU029,2024-04-07,117
SKU029,2024-04-14,139
SKU029,2024-04-21,126
SKU029,2024-04-28,125
SKU029,2024-05-05,117
SKU029,2024-05-12,116
SKU029,2024-05-19,117
SKU029,2024-05-26,134
SKU029,2024-06-02,132
SKU029,2024-06-09,129
SKU029,2024-06-16,142
SKU029,2024-06-23,128
SKU029,2024-06-30,127
SKU029,2024-07-07,118
SKU029,2024-07-14,101
SKU029,2024-07-21,86
SKU029,2024-07-28,134
SKU029,2024-08-04,100
SKU029,2024-08-11,98
SKU029,2024-08-18,107
SKU029,2024-08-25,106
SKU029,2024-09-01,99
SKU029,2024-09-08,109
SKU029,2024-09-15,104
SKU029,2024-09-22,93
SKU029,2024-09-29,93
SKU029,2024-10-06,98
SKU029,2024-10-13,96
SKU029,2024-10-20,90
SKU029,2024-10-27,96
SKU029,2024-11-03,75
SKU029,2024-11-10,95
SKU029,2024-11-17,110
SKU029,2024-11-24,114
SKU029,2024-12-01,83
SKU029,2024-12-08,110
SKU029,2024-12-15,95
SKU029,2024-12-22,109
SKU029,2024-12-29,96
SKU029,2025-01-05,114
SKU029,2025-01-12,110
SKU029,2025-01-19,124
SKU029,2025-01-26,91
SKU029,2025-02-02,111
SKU029,2025-02-09,105
SKU029,2025-02-16,127
SKU029,2025-02-23,118
SKU029,2025-03-02,116
SKU029,2025-03-09,127
SKU029,2025-03-16,106
SKU029,2025-03-23,147
SKU029,2025-03-30,132
SKU029,2025-04-06,136
SKU029,2025-04-13,120
SKU029,2025-04-20,131
SKU029,2025-04-27,120
SKU029,2025-05-04,116
SKU029,2025-05-11,127
SKU029,2025-05-18,142
SKU029,2025-05-25,130
SKU029,2025-06-01,133
SKU029,2025-06-08,117
SKU029,2025-06-15,121
SKU029,2025-06-22,122
SKU029,2025-06-29,114
SKU029,2025-07-06,102
SKU029,2025-07-13,107
SKU029,2025-07-20,112
SKU029,2025-07-27,120
SKU029,2025-08-03,97
SKU029,2025-08-10,93
SKU029,2025-08-17,113
SKU029,2025-08-24,114
SKU029,2025-08-31,103
SKU029,2025-09-07,90
SKU029,2025-09-14,89
SKU029,2025-09-21,105
SKU029,2025-09-28,86
SKU029,2025-10-05,78
SKU029,2025-10-12,92
SKU029,2025-10-19,85
SKU029,2025-10-26,98
SKU029,2025-11-02,104
SKU029,2025-11-09,88
SKU029,2025-11-16,98
SKU029,2025-11-23,97
SKU029,2025-11-30,96
SKU029,2025-12-07,87
SKU029,2025-12-14,115
SKU029,2025-12-21,104
SKU029,2025-12-28,97
SKU030,2024-01-07,39
SKU030,2024-01-14,41
SKU030,2024-01-21,23
SKU030,2024-01-28,28
SKU030,2024-02-04,29
SKU030,2024-02-11,30
SKU030,2024-02-18,36
SKU030,2024-02-25,42
SKU030,2024-03-03,43
SKU030,2024-03-10,22
SKU030,2024-03-17,38
SKU030,2024-03-24,43
SKU030,2024-03-31,36
SKU030,2024-04-07,45
SKU030,2024-04-14,40
SKU030,2024-04-21,38
SKU030,2024-04-28,36
SKU030,2024-05-05,35
SKU030,2024-05-12,41
SKU030,2024-05-19,42
SKU030,2024-05-26,47
SKU030,2024-06-02,40
SKU030,2024-06-09,29
SKU030,2024-06-16,47
SKU030,2024-06-23,28
SKU030,2024-06-30,30
SKU030,2024-07-07,36
SKU030,2024-07-14,27
SKU030,2024-07-21,27
SKU030,2024-07-28,32
SKU030,2024-08-04,38
SKU030,2024-08-11,45
SKU030,2024-08-18,25
SKU030,2024-08-25,30
SKU030,2024-09-01,39
SKU030,2024-09-08,26
SKU030,2024-09-15,30
SKU030,2024-09-22,32
SKU030,2024-09-29,37
SKU030,2024-10-06,22
SKU030,2024-10-13,18
SKU030,2024-10-20,31
SKU030,2024-10-27,26
SKU030,2024-11-03,27
SKU030,2024-11-10,28
SKU030,2024-11-17,30
SKU030,2024-11-24,30
SKU030,2024-12-01,32
SKU030,2024-12-08,30
SKU030,2024-12-15,38
SKU030,2024-12-22,32
SKU030,2024-12-29,27
SKU030,2025-01-05,21
SKU030,2025-01-12,31
SKU030,2025-01-19,34
SKU030,2025-01-26,36
SKU030,2025-02-02,26
SKU030,2025-02-09,41
SKU030,2025-02-16,31
SKU030,2025-02-23,39
SKU030,2025-03-02,47
SKU030,2025-03-09,39
SKU030,2025-03-16,32
SKU030,2025-03-23,44
SKU030,2025-03-30,40
SKU030,2025-04-06,30
SKU030,2025-04-13,35
SKU030,2025-04-20,31
SKU030,2025-04-27,40
SKU030,2025-05-04,44
SKU030,2025-05-11,30
SKU030,2025-05-18,37
SKU030,2025-05-25,38
SKU030,2025-06-01,39
SKU030,2025-06-08,38
SKU030,2025-06-15,51
SKU030,2025-06-22,31
SKU030,2025-06-29,47
SKU030,2025-07-06,27
SKU030,2025-07-13,29
SKU030,2025-07-20,36
SKU030,2025-07-27,29
SKU030,2025-08-03,33
SKU030,2025-08-10,30
SKU030,2025-08-17,28
SKU030,2025-08-24,36
SKU030,2025-08-31,32
SKU030,2025-09-07,26
SKU030,2025-09-14,34
SKU030,2025-09-21,32
SKU030,2025-09-28,41
SKU030,2025-10-05,27
SKU030,2025-10-12,25
SKU030,2025-10-19,32
SKU030,2025-10-26,27
SKU030,2025-11-02,28
SKU030,2025-11-09,25
SKU030,2025-11-16,34
SKU030,2025-11-23,33
SKU030,2025-11-30,26
SKU030,2025-12-07,25
SKU030,2025-12-14,35
SKU030,2025-12-21,26
SKU030,2025-12-28,28
SKU031,2024-01-07,143
SKU031,2024-01-14,107
SKU031,2024-01-21,132
SKU031,2024-01-28,144
SKU031,2024-02-04,138
SKU031,2024-02-11,137
SKU031,2024-02-18,137
SKU031,2024-02-25,150
SKU031,2024-03-03,136
SKU031,2024-03-10,163
SKU031,2024-03-17,167
SKU031,2024-03-24,166
SKU031,2024-03-31,150
SKU031,2024-04-07,158
SKU031,2024-04-14,130
SKU031,2024-04-21,165
SKU031,2024-04-28,121
SKU031,2024-05-05,159
SKU031,2024-05-12,152
SKU031,2024-05-19,143
SKU031,2024-05-26,150
SKU031,2024-06-02,160
SKU031,2024-06-09,151
SKU031,2024-06-16,150
SKU031,2024-06-23,152
SKU031,2024-06-30,164
SKU031,2024-07-07,133
SKU031,2024-07-14,120
SKU031,2024-07-21,126
SKU031,2024-07-28,122
SKU031,2024-08-04,98
SKU031,2024-08-11,145
SKU031,2024-08-18,120
SKU031,2024-08-25,104
SKU031,2024-09-01,124
SKU031,2024-09-08,110
SKU031,2024-09-15,135
SKU031,2024-09-22,123
SKU031,2024-09-29,116
SKU031,2024-10-06,105
SKU031,2024-10-13,109
SKU031,2024-10-20,109
SKU031,2024-10-27,112
SKU031,2024-11-03,129
SKU031,2024-11-10,113
SKU031,2024-11-17,105
SKU031,2024-11-24,113
SKU031,2024-12-01,103
SKU031,2024-12-08,114
SKU031,2024-12-15,107
SKU031,2024-12-22,106
SKU031,2024-12-29,108
SKU031,2025-01-05,138
SKU031,2025-01-12,145
SKU031,2025-01-19,132
SKU031,2025-01-26,140
SKU031,2025-02-02,131
SKU031,2025-02-09,152
SKU031,2025-02-16,163
SKU031,2025-02-23,130
SKU031,2025-03-02,137
SKU031,2025-03-09,170
SKU031,2025-03-16,133
SKU031,2025-03-23,145
SKU031,2025-03-30,173
SKU031,2025-04-06,131
SKU031,2025-04-13,160
SKU031,2025-04-20,132
SKU031,2025-04-27,130
SKU031,2025-05-04,153
SKU031,2025-05-11,156
SKU031,2025-05-18,145
SKU031,2025-05-25,158
SKU031,2025-06-01,153
SKU031,2025-06-08,156
SKU031,2025-06-15,162
SKU031,2025-06-22,144
SKU031,2025-06-29,136
SKU031,2025-07-06,124
SKU031,2025-07-13,111
SKU031,2025-07-20,131
SKU031,2025-07-27,127
SKU031,2025-08-03,121
SKU031,2025-08-10,129
SKU031,2025-08-17,136
SKU031,2025-08-24,111
SKU031,2025-08-31,123
SKU031,2025-09-07,118
SKU031,2025-09-14,125
SKU031,2025-09-21,118
SKU031,2025-09-28,112
SKU031,2025-10-05,107
SKU031,2025-10-12,109
SKU031,2025-10-19,120
SKU031,2025-10-26,114
SKU031,2025-11-02,110
SKU031,2025-11-09,109
SKU031,2025-11-16,131
SKU031,2025-11-23,113
SKU031,2025-11-30,104
SKU031,2025-12-07,96
SKU031,2025-12-14,104
SKU031,2025-12-21,132
SKU031,2025-12-28,97
SKU032,2024-01-07,53
SKU032,2024-01-14,66
SKU032,2024-01-21,72
SKU032,2024-01-28,70
SKU032,2024-02-04,64
SKU032,2024-02-11,89
SKU032,2024-02-18,69
SKU032,2024-02-25,77
SKU032,2024-03-03,93
SKU032,2024-03-10,68
SKU032,2024-03-17,78
SKU032,2024-03-24,85
SKU032,2024-03-31,71
SKU032,2024-04-07,75
SKU032,2024-04-14,74
SKU032,2024-04-21,68
SKU032,2024-04-28,78
SKU032,2024-05-05,73
SKU032,2024-05-12,57
SKU032,2024-05-19,101
SKU032,2024-05-26,72
SKU032,2024-06-02,84
SKU032,2024-06-09,83
SKU032,2024-06-16,65
SKU032,2024-06-23,74
SKU032,2024-06-30,71
SKU032,2024-07-07,66
SKU032,2024-07-14,69
SKU032,2024-07-21,75
SKU032,2024-07-28,53
SKU032,2024-08-04,46
SKU032,2024-08-11,61
SKU032,2024-08-18,54
SKU032,2024-08-25,42
SKU032,2024-09-01,50
SKU032,2024-09-08,58
SKU032,2024-09-15,60
SKU032,2024-09-22,69
SKU032,2024-09-29,43
SKU032,2024-10-06,50
SKU032,2024-10-13,56
SKU032,2024-10-20,49
SKU032,2024-10-27,48
SKU032,2024-11-03,51
SKU032,2024-11-10,68
SKU032,2024-11-17,53
SKU032,2024-11-24,41
SKU032,2024-12-01,50
SKU032,2024-12-08,54
SKU032,2024-12-15,58
SKU032,2024-12-22,59
SKU032,2024-12-29,64
SKU032,2025-01-05,57
SKU032,2025-01-12,54
SKU032,2025-01-19,67
SKU032,2025-01-26,64
SKU032,2025-02-02,63
SKU032,2025-02-09,74
SKU032,2025-02-16,63
SKU032,2025-02-23,80
SKU032,2025-03-02,73
SKU032,2025-03-09,58
SKU032,2025-03-16,98
SKU032,2025-03-23,83
SKU032,2025-03-30,74
SKU032,2025-04-06,68
SKU032,2025-04-13,78
SKU032,2025-04-20,92
SKU032,2025-04-27,71
SKU032,2025-05-04,89
SKU032,2025-05-11,94
SKU032,2025-05-18,73
SKU032,2025-05-25,69
SKU032,2025-06-01,79
SKU032,2025-06-08,77
SKU032,2025-06-15,78
SKU032,2025-06-22,74
SKU032,2025-06-29,55
SKU032,2025-07-06,70
SKU032,2025-07-13,63
SKU032,2025-07-20,54
SKU032,2025-07-27,52
SKU032,2025-08-03,80
SKU032,2025-08-10,51
SKU032,2025-08-17,65
SKU032,2025-08-24,51
SKU032,2025-08-31,55
SKU032,2025-09-07,48
SKU032,2025-09-14,76
SKU032,2025-09-21,57
SKU032,2025-09-28,60
SKU032,2025-10-05,44
SKU032,2025-10-12,50
SKU032,2025-10-19,48
SKU032,2025-10-26,52
SKU032,2025-11-02,67
SKU032,2025-11-09,61
SKU032,2025-11-16,54
SKU032,2025-11-23,70
SKU032,2025-11-30,50
SKU032,2025-12-07,60
SKU032,2025-12-14,56
SKU032,2025-12-21,68
SKU032,2025-12-28,51
SKU033,2024-01-07,114
SKU033,2024-01-14,133
SKU033,2024-01-21,132
SKU033,2024-01-28,127
SKU033,2024-02-04,123
SKU033,2024-02-11,144
SKU033,2024-02-18,105
SKU033,2024-02-25,125
SKU033,2024-03-03,125
SKU033,2024-03-10,149
SKU033,2024-03-17,160
SKU033,2024-03-24,151
SKU033,2024-03-31,162
SKU033,2024-04-07,164
SKU033,2024-04-14,178
SKU033,2024-04-21,148
SKU033,2024-04-28,119
SKU033,2024-05-05,138
SKU033,2024-05-12,155
SKU033,2024-05-19,150
SKU033,2024-05-26,120
SKU033,2024-06-02,145
SKU033,2024-06-09,146
SKU033,2024-06-16,152
SKU033,2024-06-23,158
SKU033,2024-06-30,146
SKU033,2024-07-07,134
SKU033,2024-07-14,136
SKU033,2024-07-21,122
SKU033,2024-07-28,125
SKU033,2024-08-04,112
SKU033,2024-08-11,107
SKU033,2024-08-18,103
SKU033,2024-08-25,109
SKU033,2024-09-01,107
SKU033,2024-09-08,109
SKU033,2024-09-15,107
SKU033,2024-09-22,88
SKU033,2024-09-29,106
SKU033,2024-10-06,94
SKU033,2024-10-13,95
SKU033,2024-10-20,104
SKU033,2024-10-27,114
SKU033,2024-11-03,118
SKU033,2024-11-10,123
SKU033,2024-11-17,103
SKU033,2024-11-24,109
SKU033,2024-12-01,86
SKU033,2024-12-08,107
SKU033,2024-12-15,127
SKU033,2024-12-22,120
SKU033,2024-12-29,108
SKU033,2025-01-05,103
SKU033,2025-01-12,123
SKU033,2025-01-19,138
SKU033,2025-01-26,129
SKU033,2025-02-02,139
SKU033,2025-02-09,146
SKU033,2025-02-16,127
SKU033,2025-02-23,129
SKU033,2025-03-02,138
SKU033,2025-03-09,154
SKU033,2025-03-16,160
SKU033,2025-03-23,149
SKU033,2025-03-30,179
SKU033,2025-04-06,156
SKU033,2025-04-13,159
SKU033,2025-04-20,130
SKU033,2025-04-27,159
SKU033,2025-05-04,152
SKU033,2025-05-11,154
SKU033,2025-05-18,140
SKU033,2025-05-25,132
SKU033,2025-06-01,155
SKU033,2025-06-08,132
SKU033,2025-06-15,154
SKU033,2025-06-22,165
SKU033,2025-06-29,145
SKU033,2025-07-06,137
SKU033,2025-07-13,118
SKU033,2025-07-20,121
SKU033,2025-07-27,119
SKU033,2025-08-03,112
SKU033,2025-08-10,110
SKU033,2025-08-17,96
SKU033,2025-08-24,113
SKU033,2025-08-31,115
SKU033,2025-09-07,97
SKU033,2025-09-14,126
SKU033,2025-09-21,110
SKU033,2025-09-28,125
SKU033,2025-10-05,102
SKU033,2025-10-12,88
SKU033,2025-10-19,100
SKU033,2025-10-26,95
SKU033,2025-11-02,95
SKU033,2025-11-09,119
SKU033,2025-11-16,116
SKU033,2025-11-23,120
SKU033,2025-11-30,121
SKU033,2025-12-07,117
SKU033,2025-12-14,109
SKU033,2025-12-21,116
SKU033,2025-12-28,96
SKU034,2024-01-07,131
SKU034,2024-01-14,146
SKU034,2024-01-21,137
SKU034,2024-01-28,126
SKU034,2024-02-04,153
SKU034,2024-02-11,160
SKU034,2024-02-18,142
SKU034,2024-02-25,132
SKU034,2024-03-03,155
SKU034,2024-03-10,163
SKU034,2024-03-17,161
SKU034,2024-03-24,171
SKU034,2024-03-31,167
SKU034,2024-04-07,179
SKU034,2024-04-14,174
SKU034,2024-04-21,162
SKU034,2024-04-28,160
SKU034,2024-05-05,170
SKU034,2024-05-12,153
SKU034,2024-05-19,163
SKU034,2024-05-26,147
SKU034,2024-06-02,170
SKU034,2024-06-09,171
SKU034,2024-06-16,165
SKU034,2024-06-23,170
SKU034,2024-06-30,181
SKU034,2024-07-07,148
SKU034,2024-07-14,120
SKU034,2024-07-21,127
SKU034,2024-07-28,132
SKU034,2024-08-04,117
SKU034,2024-08-11,129
SKU034,2024-08-18,120
SKU034,2024-08-25,95
SKU034,2024-09-01,115
SKU034,2024-09-08,110
SKU034,2024-09-15,150
SKU034,2024-09-22,153
SKU034,2024-09-29,111
SKU034,2024-10-06,118
SKU034,2024-10-13,99
SKU034,2024-10-20,116
SKU034,2024-10-27,111
SKU034,2024-11-03,137
SKU034,2024-11-10,122
SKU034,2024-11-17,131
SKU034,2024-11-24,121
SKU034,2024-12-01,142
SKU034,2024-12-08,128
SKU034,2024-12-15,137
SKU034,2024-12-22,114
SKU034,2024-12-29,127
SKU034,2025-01-05,129
SKU034,2025-01-12,128
SKU034,2025-01-19,134
SKU034,2025-01-26,148
SKU034,2025-02-02,142
SKU034,2025-02-09,145
SKU034,2025-02-16,160
SKU034,2025-02-23,163
SKU034,2025-03-02,153
SKU034,2025-03-09,176
SKU034,2025-03-16,197
SKU034,2025-03-23,170
SKU034,2025-03-30,176
SKU034,2025-04-06,159
SKU034,2025-04-13,150
SKU034,2025-04-20,156
SKU034,2025-04-27,170
SKU034,2025-05-04,150
SKU034,2025-05-11,127
SKU034,2025-05-18,171
SKU034,2025-05-25,162
SKU034,2025-06-01,180
SKU034,2025-06-08,163
SKU034,2025-06-15,162
SKU034,2025-06-22,163
SKU034,2025-06-29,172
SKU034,2025-07-06,134
SKU034,2025-07-13,118
SKU034,2025-07-20,147
SKU034,2025-07-27,152
SKU034,2025-08-03,124
SKU034,2025-08-10,111
SKU034,2025-08-17,135
SKU034,2025-08-24,103
SKU034,2025-08-31,138
SKU034,2025-09-07,150
SKU034,2025-09-14,115
SKU034,2025-09-21,110
SKU034,2025-09-28,148
SKU034,2025-10-05,106
SKU034,2025-10-12,97
SKU034,2025-10-19,115
SKU034,2025-10-26,101
SKU034,2025-11-02,122
SKU034,2025-11-09,129
SKU034,2025-11-16,118
SKU034,2025-11-23,133
SKU034,2025-11-30,130
SKU034,2025-12-07,147
SKU034,2025-12-14,118
SKU034,2025-12-21,119
SKU034,2025-12-28,124
SKU035,2024-01-07,146
SKU035,2024-01-14,159
SKU035,2024-01-21,154
SKU035,2024-01-28,139
SKU035,2024-02-04,154
SKU035,2024-02-11,153
SKU035,2024-02-18,165
SKU035,2024-02-25,163
SKU035,2024-03-03,173
SKU035,2024-03-10,177
SKU035,2024-03-17,177
SKU035,2024-03-24,185
SKU035,2024-03-31,176
SKU035,2024-04-07,165
SKU035,2024-04-14,187
SKU035,2024-04-21,159
SKU035,2024-04-28,201
SKU035,2024-05-05,169
SKU035,2024-05-12,159
SKU035,2024-05-19,158
SKU035,2024-05-26,174
SKU035,2024-06-02,176
SKU035,2024-06-09,166
SKU035,2024-06-16,195
SKU035,2024-06-23,159
SKU035,2024-06-30,177
SKU035,2024-07-07,143
SKU035,2024-07-14,159
SKU035,2024-07-21,132
SKU035,2024-07-28,159
SKU035,2024-08-04,144
SKU035,2024-08-11,137
SKU035,2024-08-18,137
SKU035,2024-08-25,125
SKU035,2024-09-01,135
SKU035,2024-09-08,120
SKU035,2024-09-15,134
SKU035,2024-09-22,133
SKU035,2024-09-29,130
SKU035,2024-10-06,114
SKU035,2024-10-13,102
SKU035,2024-10-20,126
SKU035,2024-10-27,102
SKU035,2024-11-03,119
SKU035,2024-11-10,124
SKU035,2024-11-17,117
SKU035,2024-11-24,135
SKU035,2024-12-01,132
SKU035,2024-12-08,135
SKU035,2024-12-15,133
SKU035,2024-12-22,134
SKU035,2024-12-29,126
SKU035,2025-01-05,139
SKU035,2025-01-12,149
SKU035,2025-01-19,122
SKU035,2025-01-26,148
SKU035,2025-02-02,140
SKU035,2025-02-09,179
SKU035,2025-02-16,184
SKU035,2025-02-23,165
SKU035,2025-03-02,189
SKU035,2025-03-09,175
SKU035,2025-03-16,162
SKU035,2025-03-23,176
SKU035,2025-03-30,181
SKU035,2025-04-06,164
SKU035,2025-04-13,187
SKU035,2025-04-20,173
SKU035,2025-04-27,160
SKU035,2025-05-04,176
SKU035,2025-05-11,180
SKU035,2025-05-18,181
SKU035,2025-05-25,169
SKU035,2025-06-01,183
SKU035,2025-06-08,190
SKU035,2025-06-15,163
SKU035,2025-06-22,152
SKU035,2025-06-29,177
SKU035,2025-07-06,148
SKU035,2025-07-13,123
SKU035,2025-07-20,132
SKU035,2025-07-27,154
SKU035,2025-08-03,137
SKU035,2025-08-10,134
SKU035,2025-08-17,146
SKU035,2025-08-24,117
SKU035,2025-08-31,132
SKU035,2025-09-07,147
SKU035,2025-09-14,119
SKU035,2025-09-21,138
SKU035,2025-09-28,123
SKU035,2025-10-05,134
SKU035,2025-10-12,108
SKU035,2025-10-19,129
SKU035,2025-10-26,135
SKU035,2025-11-02,117
SKU035,2025-11-09,113
SKU035,2025-11-16,124
SKU035,2025-11-23,133
SKU035,2025-11-30,131
SKU035,2025-12-07,128
SKU035,2025-12-14,128
SKU035,2025-12-21,127
SKU035,2025-12-28,148
SKU036,2024-01-07,25
SKU036,2024-01-14,28
SKU036,2024-01-21,40
SKU036,2024-01-28,39
SKU036,2024-02-04,46
SKU036,2024-02-11,29
SKU036,2024-02-18,41
SKU036,2024-02-25,33
SKU036,2024-03-03,47
SKU036,2024-03-10,53
SKU036,2024-03-17,33
SKU036,2024-03-24,49
SKU036,2024-03-31,41
SKU036,2024-04-07,49
SKU036,2024-04-14,44
SKU036,2024-04-21,44
SKU036,2024-04-28,33
SKU036,2024-05-05,28
SKU036,2024-05-12,24
SKU036,2024-05-19,39
SKU036,2024-05-26,30
SKU036,2024-06-02,45
SKU036,2024-06-09,43
SKU036,2024-06-16,41
SKU036,2024-06-23,27
SKU036,2024-06-30,39
SKU036,2024-07-07,21
SKU036,2024-07-14,21
SKU036,2024-07-21,49
SKU036,2024-07-28,31
SKU036,2024-08-04,25
SKU036,2024-08-11,21
SKU036,2024-08-18,24
SKU036,2024-08-25,34
SKU036,2024-09-01,28
SKU036,2024-09-08,33
SKU036,2024-09-15,30
SKU036,2024-09-22,28
SKU036,2024-09-29,32
SKU036,2024-10-06,27
SKU036,2024-10-13,35
SKU036,2024-10-20,29
SKU036,2024-10-27,21
SKU036,2024-11-03,28
SKU036,2024-11-10,33
SKU036,2024-11-17,40
SKU036,2024-11-24,33
SKU036,2024-12-01,25
SKU036,2024-12-08,26
SKU036,2024-12-15,36
SKU036,2024-12-22,25
SKU036,2024-12-29,37
SKU036,2025-01-05,22
SKU036,2025-01-12,32
SKU036,2025-01-19,36
SKU036,2025-01-26,38
SKU036,2025-02-02,39
SKU036,2025-02-09,39
SKU036,2025-02-16,30
SKU036,2025-02-23,40
SKU036,2025-03-02,34
SKU036,2025-03-09,35
SKU036,2025-03-16,27
SKU036,2025-03-23,34
SKU036,2025-03-30,41
SKU036,2025-04-06,40
SKU036,2025-04-13,46
SKU036,2025-04-20,33
SKU036,2025-04-27,47
SKU036,2025-05-04,43
SKU036,2025-05-11,44
SKU036,2025-05-18,45
SKU036,2025-05-25,28
SKU036,2025-06-01,44
SKU036,2025-06-08,31
SKU036,2025-06-15,30
SKU036,2025-06-22,42
SKU036,2025-06-29,40
SKU036,2025-07-06,33
SKU036,2025-07-13,33
SKU036,2025-07-20,37
SKU036,2025-07-27,26
SKU036,2025-08-03,33
SKU036,2025-08-10,26
SKU036,2025-08-17,22
SKU036,2025-08-24,27
SKU036,2025-08-31,43
SKU036,2025-09-07,28
SKU036,2025-09-14,26
SKU036,2025-09-21,35
SKU036,2025-09-28,27
SKU036,2025-10-05,33
SKU036,2025-10-12,19
SKU036,2025-10-19,19
SKU036,2025-10-26,34
SKU036,2025-11-02,29
SKU036,2025-11-09,27
SKU036,2025-11-16,30
SKU036,2025-11-23,35
SKU036,2025-11-30,31
SKU036,2025-12-07,27
SKU036,2025-12-14,31
SKU036,2025-12-21,36
SKU036,2025-12-28,30
SKU037,2024-01-07,168
SKU037,2024-01-14,160
SKU037,2024-01-21,169
SKU037,2024-01-28,185
SKU037,2024-02-04,155
SKU037,2024-02-11,171
SKU037,2024-02-18,189
SKU037,2024-02-25,188
SKU037,2024-03-03,194
SKU037,2024-03-10,213
SKU037,2024-03-17,221
SKU037,2024-03-24,197
SKU037,2024-03-31,203
SKU037,2024-04-07,184
SKU037,2024-04-14,221
SKU037,2024-04-21,196
SKU037,2024-04-28,183
SKU037,2024-05-05,204
SKU037,2024-05-12,194
SKU037,2024-05-19,198
SKU037,2024-05-26,190
SKU037,2024-06-02,207
SKU037,2024-06-09,203
SKU037,2024-06-16,186
SKU037,2024-06-23,191
SKU037,2024-06-30,211
SKU037,2024-07-07,166
SKU037,2024-07-14,181
SKU037,2024-07-21,178
SKU037,2024-07-28,169
SKU037,2024-08-04,179
SKU037,2024-08-11,144
SKU037,2024-08-18,156
SKU037,2024-08-25,134
SKU037,2024-09-01,156
SKU037,2024-09-08,155
SKU037,2024-09-15,149
SKU037,2024-09-22,163
SKU037,2024-09-29,132
SKU037,2024-10-06,143
SKU037,2024-10-13,132
SKU037,2024-10-20,129
SKU037,2024-10-27,141
SKU037,2024-11-03,153
SKU037,2024-11-10,162
SKU037,2024-11-17,161
SKU037,2024-11-24,147
SKU037,2024-12-01,133
SKU037,2024-12-08,171
SKU037,2024-12-15,173
SKU037,2024-12-22,177
SKU037,2024-12-29,137
SKU037,2025-01-05,159
SKU037,2025-01-12,156
SKU037,2025-01-19,158
SKU037,2025-01-26,163
SKU037,2025-02-02,167
SKU037,2025-02-09,181
SKU037,2025-02-16,165
SKU037,2025-02-23,181
SKU037,2025-03-02,220
SKU037,2025-03-09,220
SKU037,2025-03-16,206
SKU037,2025-03-23,217
SKU037,2025-03-30,231
SKU037,2025-04-06,204
SKU037,2025-04-13,195
SKU037,2025-04-20,189
SKU037,2025-04-27,182
SKU037,2025-05-04,225
SKU037,2025-05-11,201
SKU037,2025-05-18,193
SKU037,2025-05-25,199
SKU037,2025-06-01,216
SKU037,2025-06-08,212
SKU037,2025-06-15,195
SKU037,2025-06-22,200
SKU037,2025-06-29,202
SKU037,2025-07-06,188
SKU037,2025-07-13,210
SKU037,2025-07-20,182
SKU037,2025-07-27,149
SKU037,2025-08-03,143
SKU037,2025-08-10,162
SKU037,2025-08-17,146
SKU037,2025-08-24,170
SKU037,2025-08-31,171
SKU037,2025-09-07,133
SKU037,2025-09-14,154
SKU037,2025-09-21,165
SKU037,2025-09-28,157
SKU037,2025-10-05,140
SKU037,2025-10-12,128
SKU037,2025-10-19,147
SKU037,2025-10-26,139
SKU037,2025-11-02,154
SKU037,2025-11-09,171
SKU037,2025-11-16,150
SKU037,2025-11-23,166
SKU037,2025-11-30,144
SKU037,2025-12-07,155
SKU037,2025-12-14,133
SKU037,2025-12-21,139
SKU037,2025-12-28,161
SKU038,2024-01-07,50
SKU038,2024-01-14,62
SKU038,2024-01-21,50
SKU038,2024-01-28,39
SKU038,2024-02-04,58
SKU038,2024-02-11,48
SKU038,2024-02-18,56
SKU038,2024-02-25,55
SKU038,2024-03-03,54
SKU038,2024-03-10,68
SKU038,2024-03-17,70
SKU038,2024-03-24,64
SKU038,2024-03-31,67
SKU038,2024-04-07,45
SKU038,2024-04-14,74
SKU038,2024-04-21,56
SKU038,2024-04-28,52
SKU038,2024-05-05,56
SKU038,2024-05-12,62
SKU038,2024-05-19,66
SKU038,2024-05-26,54
SKU038,2024-06-02,67
SKU038,2024-06-09,63
SKU038,2024-06-16,65
SKU038,2024-06-23,50
SKU038,2024-06-30,74
SKU038,2024-07-07,52
SKU038,2024-07-14,46
SKU038,2024-07-21,54
SKU038,2024-07-28,60
SKU038,2024-08-04,52
SKU038,2024-08-11,51
SKU038,2024-08-18,51
SKU038,2024-08-25,42
SKU038,2024-09-01,48
SKU038,2024-09-08,58
SKU038,2024-09-15,47
SKU038,2024-09-22,43
SKU038,2024-09-29,37
SKU038,2024-10-06,41
SKU038,2024-10-13,37
SKU038,2024-10-20,52
SKU038,2024-10-27,45
SKU038,2024-11-03,55
SKU038,2024-11-10,34
SKU038,2024-11-17,52
SKU038,2024-11-24,49
SKU038,2024-12-01,34
SKU038,2024-12-08,55
SKU038,2024-12-15,56
SKU038,2024-12-22,45
SKU038,2024-12-29,45
SKU038,2025-01-05,57
SKU038,2025-01-12,48
SKU038,2025-01-19,48
SKU038,2025-01-26,42
SKU038,2025-02-02,46
SKU038,2025-02-09,47
SKU038,2025-02-16,55
SKU038,2025-02-23,61
SKU038,2025-03-02,53
SKU038,2025-03-09,59
SKU038,2025-03-16,77
SKU038,2025-03-23,65
SKU038,2025-03-30,59
SKU038,2025-04-06,73
SKU038,2025-04-13,73
SKU038,2025-04-20,71
SKU038,2025-04-27,63
SKU038,2025-05-04,51
SKU038,2025-05-11,67
SKU038,2025-05-18,62
SKU038,2025-05-25,76
SKU038,2025-06-01,60
SKU038,2025-06-08,62
SKU038,2025-06-15,58
SKU038,2025-06-22,60
SKU038,2025-06-29,75
SKU038,2025-07-06,57
SKU038,2025-07-13,57
SKU038,2025-07-20,59
SKU038,2025-07-27,50
SKU038,2025-08-03,45
SKU038,2025-08-10,42
SKU038,2025-08-17,60
SKU038,2025-08-24,47
SKU038,2025-08-31,49
SKU038,2025-09-07,48
SKU038,2025-09-14,47
SKU038,2025-09-21,40
SKU038,2025-09-28,49
SKU038,2025-10-05,40
SKU038,2025-10-12,48
SKU038,2025-10-19,44
SKU038,2025-10-26,44
SKU038,2025-11-02,37
SKU038,2025-11-09,50
SKU038,2025-11-16,48
SKU038,2025-11-23,61
SKU038,2025-11-30,61
SKU038,2025-12-07,39
SKU038,2025-12-14,49
SKU038,2025-12-21,49
SKU038,2025-12-28,56
SKU039,2024-01-07,24
SKU039,2024-01-14,16
SKU039,2024-01-21,16
SKU039,2024-01-28,20
SKU039,2024-02-04,27
SKU039,2024-02-11,21
SKU039,2024-02-18,28
SKU039,2024-02-25,30
SKU039,2024-03-03,25
SKU039,2024-03-10,24
SKU039,2024-03-17,34
SKU039,2024-03-24,27
SKU039,2024-03-31,22
SKU039,2024-04-07,30
SKU039,2024-04-14,31
SKU039,2024-04-21,17
SKU039,2024-04-28,29
SKU039,2024-05-05,21
SKU039,2024-05-12,29
SKU039,2024-05-19,27
SKU039,2024-05-26,25
SKU039,2024-06-02,27
SKU039,2024-06-09,25
SKU039,2024-06-16,24
SKU039,2024-06-23,25
SKU039,2024-06-30,21
SKU039,2024-07-07,21
SKU039,2024-07-14,18
SKU039,2024-07-21,18
SKU039,2024-07-28,16
SKU039,2024-08-04,15
SKU039,2024-08-11,16
SKU039,2024-08-18,24
SKU039,2024-08-25,29
SKU039,2024-09-01,16
SKU039,2024-09-08,26
SKU039,2024-09-15,22
SKU039,2024-09-22,22
SKU039,2024-09-29,24
SKU039,2024-10-06,16
SKU039,2024-10-13,9
SKU039,2024-10-20,18
SKU039,2024-10-27,19
SKU039,2024-11-03,21
SKU039,2024-11-10,24
SKU039,2024-11-17,18
SKU039,2024-11-24,24
SKU039,2024-12-01,11
SKU039,2024-12-08,14
SKU039,2024-12-15,17
SKU039,2024-12-22,13
SKU039,2024-12-29,16
SKU039,2025-01-05,13
SKU039,2025-01-12,25
SKU039,2025-01-19,25
SKU039,2025-01-26,24
SKU039,2025-02-02,25
SKU039,2025-02-09,26
SKU039,2025-02-16,29
SKU039,2025-02-23,18
SKU039,2025-03-02,28
SKU039,2025-03-09,31
SKU039,2025-03-16,20
SKU039,2025-03-23,23
SKU039,2025-03-30,20
SKU039,2025-04-06,27
SKU039,2025-04-13,24
SKU039,2025-04-20,24
SKU039,2025-04-27,18
SKU039,2025-05-04,23
SKU039,2025-05-11,33
SKU039,2025-05-18,29
SKU039,2025-05-25,24
SKU039,2025-06-01,20
SKU039,2025-06-08,26
SKU039,2025-06-15,26
SKU039,2025-06-22,32
SKU039,2025-06-29,31
SKU039,2025-07-06,19
SKU039,2025-07-13,24
SKU039,2025-07-20,18
SKU039,2025-07-27,34
SKU039,2025-08-03,23
SKU039,2025-08-10,23
SKU039,2025-08-17,20
SKU039,2025-08-24,18
SKU039,2025-08-31,13
SKU039,2025-09-07,17
SKU039,2025-09-14,20
SKU039,2025-09-21,18
SKU039,2025-09-28,25
SKU039,2025-10-05,26
SKU039,2025-10-12,17
SKU039,2025-10-19,16
SKU039,2025-10-26,19
SKU039,2025-11-02,18
SKU039,2025-11-09,18
SKU039,2025-11-16,24
SKU039,2025-11-23,18
SKU039,2025-11-30,13
SKU039,2025-12-07,23
SKU039,2025-12-14,15
SKU039,2025-12-21,12
SKU039,2025-12-28,21
SKU040,2024-01-07,104
SKU040,2024-01-14,116
SKU040,2024-01-21,105
SKU040,2024-01-28,92
SKU040,2024-02-04,118
SKU040,2024-02-11,117
SKU040,2024-02-18,122
SKU040,2024-02-25,110
SKU040,2024-03-03,137
SKU040,2024-03-10,114
SKU040,2024-03-17,140
SKU040,2024-03-24,173
SKU040,2024-03-31,147
SKU040,2024-04-07,109
SKU040,2024-04-14,126
SKU040,2024-04-21,131
SKU040,2024-04-28,117
SKU040,2024-05-05,119
SKU040,2024-05-12,125
SKU040,2024-05-19,108
SKU040,2024-05-26,119
SKU040,2024-06-02,135
SKU040,2024-06-09,128
SKU040,2024-06-16,128
SKU040,2024-06-23,124
SKU040,2024-06-30,97
SKU040,2024-07-07,103
SKU040,2024-07-14,116
SKU040,2024-07-21,102
SKU040,2024-07-28,109
SKU040,2024-08-04,109
SKU040,2024-08-11,103
SKU040,2024-08-18,109
SKU040,2024-08-25,110
SKU040,2024-09-01,85
SKU040,2024-09-08,94
SKU040,2024-09-15,109
SKU040,2024-09-22,89
SKU040,2024-09-29,84
SKU040,2024-10-06,91
SKU040,2024-10-13,93
SKU040,2024-10-20,96
SKU040,2024-10-27,92
SKU040,2024-11-03,89
SKU040,2024-11-10,114
SKU040,2024-11-17,101
SKU040,2024-11-24,92
SKU040,2024-12-01,92
SKU040,2024-12-08,97
SKU040,2024-12-15,90
SKU040,2024-12-22,99
SKU040,2024-12-29,103
SKU040,2025-01-05,101
SKU040,2025-01-12,115
SKU040,2025-01-19,112
SKU040,2025-01-26,101
SKU040,2025-02-02,110
SKU040,2025-02-09,102
SKU040,2025-02-16,125
SKU040,2025-02-23,111
SKU040,2025-03-02,136
SKU040,2025-03-09,126
SKU040,2025-03-16,146
SKU040,2025-03-23,151
SKU040,2025-03-30,120
SKU040,2025-04-06,135
SKU040,2025-04-13,122
SKU040,2025-04-20,116
SKU040,2025-04-27,100
SKU040,2025-05-04,136
SKU040,2025-05-11,129
SKU040,2025-05-18,122
SKU040,2025-05-25,123
SKU040,2025-06-01,134
SKU040,2025-06-08,124
SKU040,2025-06-15,113
SKU040,2025-06-22,125
SKU040,2025-06-29,119
SKU040,2025-07-06,117
SKU040,2025-07-13,106
SKU040,2025-07-20,99
SKU040,2025-07-27,97
SKU040,2025-08-03,108
SKU040,2025-08-10,90
SKU040,2025-08-17,92
SKU040,2025-08-24,110
SKU040,2025-08-31,99
SKU040,2025-09-07,105
SKU040,2025-09-14,106
SKU040,2025-09-21,109
SKU040,2025-09-28,87
SKU040,2025-10-05,76
SKU040,2025-10-12,82
SKU040,2025-10-19,81
SKU040,2025-10-26,91
SKU040,2025-11-02,103
SKU040,2025-11-09,89
SKU040,2025-11-16,98
SKU040,2025-11-23,86
SKU040,2025-11-30,76
SKU040,2025-12-07,103
SKU040,2025-12-14,101
SKU040,2025-12-21,93
SKU040,2025-12-28,76
SKU041,2024-01-07,73
SKU041,2024-01-14,80
SKU041,2024-01-21,66
SKU041,2024-01-28,82
SKU041,2024-02-04,83
SKU041,2024-02-11,76
SKU041,2024-02-18,77
SKU041,2024-02-25,72
SKU041,2024-03-03,94
SKU041,2024-03-10,91
SKU041,2024-03-17,101
SKU041,2024-03-24,110
SKU041,2024-03-31,115
SKU041,2024-04-07,95
SKU041,2024-04-14,78
SKU041,2024-04-21,99
SKU041,2024-04-28,73
SKU041,2024-05-05,98
SKU041,2024-05-12,101
SKU041,2024-05-19,78
SKU041,2024-05-26,79
SKU041,2024-06-02,100
SKU041,2024-06-09,89
SKU041,2024-06-16,90
SKU041,2024-06-23,89
SKU041,2024-06-30,88
SKU041,2024-07-07,62
SKU041,2024-07-14,63
SKU041,2024-07-21,70
SKU041,2024-07-28,66
SKU041,2024-08-04,71
SKU041,2024-08-11,71
SKU041,2024-08-18,71
SKU041,2024-08-25,67
SKU041,2024-09-01,77
SKU041,2024-09-08,63
SKU041,2024-09-15,66
SKU041,2024-09-22,74
SKU041,2024-09-29,62
SKU041,2024-10-06,62
SKU041,2024-10-13,82
SKU041,2024-10-20,63
SKU041,2024-10-27,63
SKU041,2024-11-03,66
SKU041,2024-11-10,75
SKU041,2024-11-17,65
SKU041,2024-11-24,62
SKU041,2024-12-01,66
SKU041,2024-12-08,75
SKU041,2024-12-15,54
SKU041,2024-12-22,79
SKU041,2024-12-29,80
SKU041,2025-01-05,74
SKU041,2025-01-12,98
SKU041,2025-01-19,74
SKU041,2025-01-26,72
SKU041,2025-02-02,80
SKU041,2025-02-09,77
SKU041,2025-02-16,76
SKU041,2025-02-23,96
SKU041,2025-03-02,99
SKU041,2025-03-09,101
SKU041,2025-03-16,101
SKU041,2025-03-23,90
SKU041,2025-03-30,105
SKU041,2025-04-06,93
SKU041,2025-04-13,96
SKU041,2025-04-20,91
SKU041,2025-04-27,97
SKU041,2025-05-04,99
SKU041,2025-05-11,67
SKU041,2025-05-18,89
SKU041,2025-05-25,79
SKU041,2025-06-01,81
SKU041,2025-06-08,93
SKU041,2025-06-15,98
SKU041,2025-06-22,78
SKU041,2025-06-29,72
SKU041,2025-07-06,79
SKU041,2025-07-13,73
SKU041,2025-07-20,93
SKU041,2025-07-27,69
SKU041,2025-08-03,63
SKU041,2025-08-10,72
SKU041,2025-08-17,81
SKU041,2025-08-24,66
SKU041,2025-08-31,80
SKU041,2025-09-07,72
SKU041,2025-09-14,58
SKU041,2025-09-21,66
SKU041,2025-09-28,62
SKU041,2025-10-05,67
SKU041,2025-10-12,54
SKU041,2025-10-19,62
SKU041,2025-10-26,52
SKU041,2025-11-02,67
SKU041,2025-11-09,79
SKU041,2025-11-16,65
SKU041,2025-11-23,52
SKU041,2025-11-30,83
SKU041,2025-12-07,78
SKU041,2025-12-14,66
SKU041,2025-12-21,71
SKU041,2025-12-28,70
SKU042,2024-01-07,166
SKU042,2024-01-14,157
SKU042,2024-01-21,136
SKU042,2024-01-28,155
SKU042,2024-02-04,157
SKU042,2024-02-11,165
SKU042,2024-02-18,148
SKU042,2024-02-25,162
SKU042,2024-03-03,208
SKU042,2024-03-10,182
SKU042,2024-03-17,181
SKU042,2024-03-24,189
SKU042,2024-03-31,196
SKU042,2024-04-07,193
SKU042,2024-04-14,194
SKU042,2024-04-21,163
SKU042,2024-04-28,199
SKU042,2024-05-05,201
SKU042,2024-05-12,166
SKU042,2024-05-19,191
SKU042,2024-05-26,172
SKU042,2024-06-02,212
SKU042,2024-06-09,158
SKU042,2024-06-16,195
SKU042,2024-06-23,184
SKU042,2024-06-30,159
SKU042,2024-07-07,142
SKU042,2024-07-14,145
SKU042,2024-07-21,147
SKU042,2024-07-28,158
SKU042,2024-08-04,143
SKU042,2024-08-11,139
SKU042,2024-08-18,141
SKU042,2024-08-25,126
SKU042,2024-09-01,147
SKU042,2024-09-08,147
SKU042,2024-09-15,126
SKU042,2024-09-22,147
SKU042,2024-09-29,133
SKU042,2024-10-06,120
SKU042,2024-10-13,125
SKU042,2024-10-20,131
SKU042,2024-10-27,114
SKU042,2024-11-03,136
SKU042,2024-11-10,121
SKU042,2024-11-17,148
SKU042,2024-11-24,138
SKU042,2024-12-01,133
SKU042,2024-12-08,159
SKU042,2024-12-15,132
SKU042,2024-12-22,122
SKU042,2024-12-29,158
SKU042,2025-01-05,157
SKU042,2025-01-12,137
SKU042,2025-01-19,155
SKU042,2025-01-26,149
SKU042,2025-02-02,162
SKU042,2025-02-09,151
SKU042,2025-02-16,179
SKU042,2025-02-23,165
SKU042,2025-03-02,175
SKU042,2025-03-09,193
SKU042,2025-03-16,194
SKU042,2025-03-23,182
SKU042,2025-03-30,183
SKU042,2025-04-06,201
SKU042,2025-04-13,168
SKU042,2025-04-20,174
SKU042,2025-04-27,180
SKU042,2025-05-04,194
SKU042,2025-05-11,192
SKU042,2025-05-18,202
SKU042,2025-05-25,180
SKU042,2025-06-01,172
SKU042,2025-06-08,199
SKU042,2025-06-15,181
SKU042,2025-06-22,179
SKU042,2025-06-29,197
SKU042,2025-07-06,163
SKU042,2025-07-13,158
SKU042,2025-07-20,161
SKU042,2025-07-27,157
SKU042,2025-08-03,167
SKU042,2025-08-10,141
SKU042,2025-08-17,142
SKU042,2025-08-24,154
SKU042,2025-08-31,162
SKU042,2025-09-07,146
SKU042,2025-09-14,149
SKU042,2025-09-21,169
SKU042,2025-09-28,123
SKU042,2025-10-05,132
SKU042,2025-10-12,137
SKU042,2025-10-19,138
SKU042,2025-10-26,117
SKU042,2025-11-02,134
SKU042,2025-11-09,141
SKU042,2025-11-16,132
SKU042,2025-11-23,124
SKU042,2025-11-30,142
SKU042,2025-12-07,156
SKU042,2025-12-14,125
SKU042,2025-12-21,173
SKU042,2025-12-28,148
SKU043,2024-01-07,157
SKU043,2024-01-14,141
SKU043,2024-01-21,140
SKU043,2024-01-28,166
SKU043,2024-02-04,173
SKU043,2024-02-11,177
SKU043,2024-02-18,152
SKU043,2024-02-25,168
SKU043,2024-03-03,182
SKU043,2024-03-10,175
SKU043,2024-03-17,175
SKU043,2024-03-24,171
SKU043,2024-03-31,177
SKU043,2024-04-07,172
SKU043,2024-04-14,170
SKU043,2024-04-21,187
SKU043,2024-04-28,192
SKU043,2024-05-05,174
SKU043,2024-05-12,179
SKU043,2024-05-19,181
SKU043,2024-05-26,178
SKU043,2024-06-02,191
SKU043,2024-06-09,169
SKU043,2024-06-16,179
SKU043,2024-06-23,169
SKU043,2024-06-30,172
SKU043,2024-07-07,136
SKU043,2024-07-14,172
SKU043,2024-07-21,141
SKU043,2024-07-28,160
SKU043,2024-08-04,160
SKU043,2024-08-11,123
SKU043,2024-08-18,136
SKU043,2024-08-25,123
SKU043,2024-09-01,140
SKU043,2024-09-08,148
SKU043,2024-09-15,124
SKU043,2024-09-22,136
SKU043,2024-09-29,140
SKU043,2024-10-06,130
SKU043,2024-10-13,113
SKU043,2024-10-20,121
SKU043,2024-10-27,132
SKU043,2024-11-03,130
SKU043,2024-11-10,128
SKU043,2024-11-17,140
SKU043,2024-11-24,142
SKU043,2024-12-01,127
SKU043,2024-12-08,147
SKU043,2024-12-15,133
SKU043,2024-12-22,133
SKU043,2024-12-29,131
SKU043,2025-01-05,169
SKU043,2025-01-12,166
SKU043,2025-01-19,157
SKU043,2025-01-26,155
SKU043,2025-02-02,161
SKU043,2025-02-09,191
SKU043,2025-02-16,168
SKU043,2025-02-23,153
SKU043,2025-03-02,193
SKU043,2025-03-09,186
SKU043,2025-03-16,184
SKU043,2025-03-23,191
SKU043,2025-03-30,200
SKU043,2025-04-06,188
SKU043,2025-04-13,176
SKU043,2025-04-20,184
SKU043,2025-04-27,176
SKU043,2025-05-04,179
SKU043,2025-05-11,165
SKU043,2025-05-18,170
SKU043,2025-05-25,184
SKU043,2025-06-01,192
SKU043,2025-06-08,194
SKU043,2025-06-15,178
SKU043,2025-06-22,180
SKU043,2025-06-29,179
SKU043,2025-07-06,155
SKU043,2025-07-13,161
SKU043,2025-07-20,161
SKU043,2025-07-27,132
SKU043,2025-08-03,149
SKU043,2025-08-10,156
SKU043,2025-08-17,142
SKU043,2025-08-24,130
SKU043,2025-08-31,139
SKU043,2025-09-07,133
SKU043,2025-09-14,143
SKU043,2025-09-21,143
SKU043,2025-09-28,121
SKU043,2025-10-05,115
SKU043,2025-10-12,125
SKU043,2025-10-19,123
SKU043,2025-10-26,117
SKU043,2025-11-02,147
SKU043,2025-11-09,148
SKU043,2025-11-16,145
SKU043,2025-11-23,144
SKU043,2025-11-30,113
SKU043,2025-12-07,127
SKU043,2025-12-14,142
SKU043,2025-12-21,132
SKU043,2025-12-28,126
SKU044,2024-01-07,66
SKU044,2024-01-14,83
SKU044,2024-01-21,71
SKU044,2024-01-28,64
SKU044,2024-02-04,76
SKU044,2024-02-11,65
SKU044,2024-02-18,77
SKU044,2024-02-25,70
SKU044,2024-03-03,89
SKU044,2024-03-10,69
SKU044,2024-03-17,94
SKU044,2024-03-24,78
SKU044,2024-03-31,88
SKU044,2024-04-07,81
SKU044,2024-04-14,76
SKU044,2024-04-21,77
SKU044,2024-04-28,84
SKU044,2024-05-05,79
SKU044,2024-05-12,84
SKU044,2024-05-19,70
SKU044,2024-05-26,77
SKU044,2024-06-02,85
SKU044,2024-06-09,78
SKU044,2024-06-16,81
SKU044,2024-06-23,77
SKU044,2024-06-30,90
SKU044,2024-07-07,71
SKU044,2024-07-14,71
SKU044,2024-07-21,78
SKU044,2024-07-28,78
SKU044,2024-08-04,66
SKU044,2024-08-11,60
SKU044,2024-08-18,76
SKU044,2024-08-25,55
SKU044,2024-09-01,70
SKU044,2024-09-08,60
SKU044,2024-09-15,63
SKU044,2024-09-22,56
SKU044,2024-09-29,68
SKU044,2024-10-06,48
SKU044,2024-10-13,57
SKU044,2024-10-20,61
SKU044,2024-10-27,57
SKU044,2024-11-03,59
SKU044,2024-11-10,48
SKU044,2024-11-17,54
SKU044,2024-11-24,44
SKU044,2024-12-01,59
SKU044,2024-12-08,50
SKU044,2024-12-15,54
SKU044,2024-12-22,52
SKU044,2024-12-29,60
SKU044,2025-01-05,63
SKU044,2025-01-12,76
SKU044,2025-01-19,81
SKU044,2025-01-26,71
SKU044,2025-02-02,67
SKU044,2025-02-09,69
SKU044,2025-02-16,66
SKU044,2025-02-23,67
SKU044,2025-03-02,75
SKU044,2025-03-09,90
SKU044,2025-03-16,88
SKU044,2025-03-23,85
SKU044,2025-03-30,76
SKU044,2025-04-06,85
SKU044,2025-04-13,67
SKU044,2025-04-20,84
SKU044,2025-04-27,77
SKU044,2025-05-04,74
SKU044,2025-05-11,81
SKU044,2025-05-18,88
SKU044,2025-05-25,72
SKU044,2025-06-01,89
SKU044,2025-06-08,73
SKU044,2025-06-15,88
SKU044,2025-06-22,71
SKU044,2025-06-29,62
SKU044,2025-07-06,61
SKU044,2025-07-13,79
SKU044,2025-07-20,72
SKU044,2025-07-27,69
SKU044,2025-08-03,65
SKU044,2025-08-10,66
SKU044,2025-08-17,61
SKU044,2025-08-24,70
SKU044,2025-08-31,51
SKU044,2025-09-07,56
SKU044,2025-09-14,61
SKU044,2025-09-21,47
SKU044,2025-09-28,66
SKU044,2025-10-05,50
SKU044,2025-10-12,49
SKU044,2025-10-19,56
SKU044,2025-10-26,53
SKU044,2025-11-02,60
SKU044,2025-11-09,58
SKU044,2025-11-16,53
SKU044,2025-11-23,46
SKU044,2025-11-30,57
SKU044,2025-12-07,52
SKU044,2025-12-14,57
SKU044,2025-12-21,61
SKU044,2025-12-28,61
SKU045,2024-01-07,170
SKU045,2024-01-14,157
SKU045,2024-01-21,160
SKU045,2024-01-28,169
SKU045,2024-02-04,191
SKU045,2024-02-11,204
SKU045,2024-02-18,189
SKU045,2024-02-25,181
SKU045,2024-03-03,223
SKU045,2024-03-10,212
SKU045,2024-03-17,200
SKU045,2024-03-24,223
SKU045,2024-03-31,218
SKU045,2024-04-07,186
SKU045,2024-04-14,219
SKU045,2024-04-21,212
SKU045,2024-04-28,213
SKU045,2024-05-05,209
SKU045,2024-05-12,198
SKU045,2024-05-19,213
SKU045,2024-05-26,187
SKU045,2024-06-02,230
SKU045,2024-06-09,213
SKU045,2024-06-16,239
SKU045,2024-06-23,217
SKU045,2024-06-30,204
SKU045,2024-07-07,177
SKU045,2024-07-14,150
SKU045,2024-07-21,157
SKU045,2024-07-28,181
SKU045,2024-08-04,172
SKU045,2024-08-11,169
SKU045,2024-08-18,197
SKU045,2024-08-25,130
SKU045,2024-09-01,158
SKU045,2024-09-08,159
SKU045,2024-09-15,154
SKU045,2024-09-22,152
SKU045,2024-09-29,178
SKU045,2024-10-06,139
SKU045,2024-10-13,131
SKU045,2024-10-20,142
SKU045,2024-10-27,173
SKU045,2024-11-03,145
SKU045,2024-11-10,143
SKU045,2024-11-17,170
SKU045,2024-11-24,162
SKU045,2024-12-01,161
SKU045,2024-12-08,151
SKU045,2024-12-15,149
SKU045,2024-12-22,159
SKU045,2024-12-29,190
SKU045,2025-01-05,162
SKU045,2025-01-12,169
SKU045,2025-01-19,145
SKU045,2025-01-26,184
SKU045,2025-02-02,184
SKU045,2025-02-09,179
SKU045,2025-02-16,202
SKU045,2025-02-23,202
SKU045,2025-03-02,218
SKU045,2025-03-09,240
SKU045,2025-03-16,226
SKU045,2025-03-23,223
SKU045,2025-03-30,211
SKU045,2025-04-06,205
SKU045,2025-04-13,233
SKU045,2025-04-20,216
SKU045,2025-04-27,186
SKU045,2025-05-04,186
SKU045,2025-05-11,192
SKU045,2025-05-18,209
SKU045,2025-05-25,199
SKU045,2025-06-01,231
SKU045,2025-06-08,200
SKU045,2025-06-15,221
SKU045,2025-06-22,177
SKU045,2025-06-29,207
SKU045,2025-07-06,160
SKU045,2025-07-13,156
SKU045,2025-07-20,187
SKU045,2025-07-27,170
SKU045,2025-08-03,149
SKU045,2025-08-10,151
SKU045,2025-08-17,155
SKU045,2025-08-24,159
SKU045,2025-08-31,138
SKU045,2025-09-07,163
SKU045,2025-09-14,171
SKU045,2025-09-21,147
SKU045,2025-09-28,162
SKU045,2025-10-05,142
SKU045,2025-10-12,123
SKU045,2025-10-19,120
SKU045,2025-10-26,143
SKU045,2025-11-02,143
SKU045,2025-11-09,154
SKU045,2025-11-16,150
SKU045,2025-11-23,155
SKU045,2025-11-30,164
SKU045,2025-12-07,166
SKU045,2025-12-14,152
SKU045,2025-12-21,123
SKU045,2025-12-28,157
SKU046,2024-01-07,63
SKU046,2024-01-14,45
SKU046,2024-01-21,52
SKU046,2024-01-28,50
SKU046,2024-02-04,73
SKU046,2024-02-11,69
SKU046,2024-02-18,73
SKU046,2024-02-25,66
SKU046,2024-03-03,69
SKU046,2024-03-10,90
SKU046,2024-03-17,93
SKU046,2024-03-24,86
SKU046,2024-03-31,80
SKU046,2024-04-07,75
SKU046,2024-04-14,68
SKU046,2024-04-21,72
SKU046,2024-04-28,87
SKU046,2024-05-05,70
SKU046,2024-05-12,73
SKU046,2024-05-19,78
SKU046,2024-05-26,76
SKU046,2024-06-02,80
SKU046,2024-06-09,67
SKU046,2024-06-16,76
SKU046,2024-06-23,64
SKU046,2024-06-30,65
SKU046,2024-07-07,63
SKU046,2024-07-14,58
SKU046,2024-07-21,60
SKU046,2024-07-28,69
SKU046,2024-08-04,62
SKU046,2024-08-11,73
SKU046,2024-08-18,59
SKU046,2024-08-25,60
SKU046,2024-09-01,55
SKU046,2024-09-08,60
SKU046,2024-09-15,56
SKU046,2024-09-22,54
SKU046,2024-09-29,56
SKU046,2024-10-06,54
SKU046,2024-10-13,60
SKU046,2024-10-20,42
SKU046,2024-10-27,40
SKU046,2024-11-03,55
SKU046,2024-11-10,56
SKU046,2024-11-17,69
SKU046,2024-11-24,60
SKU046,2024-12-01,48
SKU046,2024-12-08,51
SKU046,2024-12-15,63
SKU046,2024-12-22,59
SKU046,2024-12-29,66
SKU046,2025-01-05,56
SKU046,2025-01-12,72
SKU046,2025-01-19,66
SKU046,2025-01-26,60
SKU046,2025-02-02,66
SKU046,2025-02-09,76
SKU046,2025-02-16,64
SKU046,2025-02-23,70
SKU046,2025-03-02,88
SKU046,2025-03-09,76
SKU046,2025-03-16,77
SKU046,2025-03-23,71
SKU046,2025-03-30,70
SKU046,2025-04-06,73
SKU046,2025-04-13,59
SKU046,2025-04-20,78
SKU046,2025-04-27,79
SKU046,2025-05-04,81
SKU046,2025-05-11,60
SKU046,2025-05-18,78
SKU046,2025-05-25,67
SKU046,2025-06-01,77
SKU046,2025-06-08,75
SKU046,2025-06-15,66
SKU046,2025-06-22,58
SKU046,2025-06-29,79
SKU046,2025-07-06,55
SKU046,2025-07-13,78
SKU046,2025-07-20,74
SKU046,2025-07-27,78
SKU046,2025-08-03,51
SKU046,2025-08-10,69
SKU046,2025-08-17,64
SKU046,2025-08-24,54
SKU046,2025-08-31,58
SKU046,2025-09-07,53
SKU046,2025-09-14,56
SKU046,2025-09-21,61
SKU046,2025-09-28,73
SKU046,2025-10-05,62
SKU046,2025-10-12,47
SKU046,2025-10-19,40
SKU046,2025-10-26,50
SKU046,2025-11-02,64
SKU046,2025-11-09,49
SKU046,2025-11-16,56
SKU046,2025-11-23,53
SKU046,2025-11-30,52
SKU046,2025-12-07,56
SKU046,2025-12-14,66
SKU046,2025-12-21,57
SKU046,2025-12-28,58
SKU047,2024-01-07,109
SKU047,2024-01-14,89
SKU047,2024-01-21,118
SKU047,2024-01-28,96
SKU047,2024-02-04,104
SKU047,2024-02-11,113
SKU047,2024-02-18,124
SKU047,2024-02-25,99
SKU047,2024-03-03,105
SKU047,2024-03-10,149
SKU047,2024-03-17,132
SKU047,2024-03-24,135
SKU047,2024-03-31,123
SKU047,2024-04-07,123
SKU047,2024-04-14,95
SKU047,2024-04-21,129
SKU047,2024-04-28,130
SKU047,2024-05-05,123
SKU047,2024-05-12,112
SKU047,2024-05-19,102
SKU047,2024-05-26,127
SKU047,2024-06-02,132
SKU047,2024-06-09,113
SKU047,2024-06-16,102
SKU047,2024-06-23,133
SKU047,2024-06-30,128
SKU047,2024-07-07,119
SKU047,2024-07-14,84
SKU047,2024-07-21,102
SKU047,2024-07-28,108
SKU047,2024-08-04,99
SKU047,2024-08-11,93
SKU047,2024-08-18,66
SKU047,2024-08-25,101
SKU047,2024-09-01,110
SKU047,2024-09-08,96
SKU047,2024-09-15,75
SKU047,2024-09-22,94
SKU047,2024-09-29,115
SKU047,2024-10-06,75
SKU047,2024-10-13,93
SKU047,2024-10-20,84
SKU047,2024-10-27,79
SKU047,2024-11-03,93
SKU047,2024-11-10,93
SKU047,2024-11-17,82
SKU047,2024-11-24,85
SKU047,2024-12-01,78
SKU047,2024-12-08,78
SKU047,2024-12-15,85
SKU047,2024-12-22,92
SKU047,2024-12-29,82
SKU047,2025-01-05,114
SKU047,2025-01-12,110
SKU047,2025-01-19,84
SKU047,2025-01-26,90
SKU047,2025-02-02,99
SKU047,2025-02-09,108
SKU047,2025-02-16,104
SKU047,2025-02-23,105
SKU047,2025-03-02,107
SKU047,2025-03-09,146
SKU047,2025-03-16,134
SKU047,2025-03-23,128
SKU047,2025-03-30,125
SKU047,2025-04-06,114
SKU047,2025-04-13,104
SKU047,2025-04-20,110
SKU047,2025-04-27,115
SKU047,2025-05-04,122
SKU047,2025-05-11,112
SKU047,2025-05-18,103
SKU047,2025-05-25,114
SKU047,2025-06-01,122
SKU047,2025-06-08,123
SKU047,2025-06-15,125
SKU047,2025-06-22,133
SKU047,2025-06-29,110
SKU047,2025-07-06,110
SKU047,2025-07-13,106
SKU047,2025-07-20,105
SKU047,2025-07-27,107
SKU047,2025-08-03,120
SKU047,2025-08-10,95
SKU047,2025-08-17,101
SKU047,2025-08-24,86
SKU047,2025-08-31,92
SKU047,2025-09-07,103
SKU047,2025-09-14,78
SKU047,2025-09-21,87
SKU047,2025-09-28,94
SKU047,2025-10-05,77
SKU047,2025-10-12,81
SKU047,2025-10-19,76
SKU047,2025-10-26,75
SKU047,2025-11-02,101
SKU047,2025-11-09,102
SKU047,2025-11-16,101
SKU047,2025-11-23,81
SKU047,2025-11-30,90
SKU047,2025-12-07,108
SKU047,2025-12-14,86
SKU047,2025-12-21,100
SKU047,2025-12-28,88
SKU048,2024-01-07,76
SKU048,2024-01-14,51
SKU048,2024-01-21,52
SKU048,2024-01-28,42
SKU048,2024-02-04,52
SKU048,2024-02-11,61
SKU048,2024-02-18,54
SKU048,2024-02-25,64
SKU048,2024-03-03,73
SKU048,2024-03-10,65
SKU048,2024-03-17,76
SKU048,2024-03-24,70
SKU048,2024-03-31,79
SKU048,2024-04-07,59
SKU048,2024-04-14,65
SKU048,2024-04-21,74
SKU048,2024-04-28,54
SKU048,2024-05-05,60
SKU048,2024-05-12,71
SKU048,2024-05-19,69
SKU048,2024-05-26,66
SKU048,2024-06-02,76
SKU048,2024-06-09,68
SKU048,2024-06-16,67
SKU048,2024-06-23,74
SKU048,2024-06-30,57
SKU048,2024-07-07,64
SKU048,2024-07-14,66
SKU048,2024-07-21,58
SKU048,2024-07-28,58
SKU048,2024-08-04,55
SKU048,2024-08-11,53
SKU048,2024-08-18,59
SKU048,2024-08-25,59
SKU048,2024-09-01,65
SKU048,2024-09-08,41
SKU048,2024-09-15,63
SKU048,2024-09-22,56
SKU048,2024-09-29,48
SKU048,2024-10-06,47
SKU048,2024-10-13,51
SKU048,2024-10-20,51
SKU048,2024-10-27,53
SKU048,2024-11-03,63
SKU048,2024-11-10,45
SKU048,2024-11-17,57
SKU048,2024-11-24,55
SKU048,2024-12-01,56
SKU048,2024-12-08,50
SKU048,2024-12-15,55
SKU048,2024-12-22,41
SKU048,2024-12-29,62
SKU048,2025-01-05,52
SKU048,2025-01-12,57
SKU048,2025-01-19,61
SKU048,2025-01-26,71
SKU048,2025-02-02,63
SKU048,2025-02-09,53
SKU048,2025-02-16,44
SKU048,2025-02-23,59
SKU048,2025-03-02,72
SKU048,2025-03-09,67
SKU048,2025-03-16,71
SKU048,2025-03-23,64
SKU048,2025-03-30,76
SKU048,2025-04-06,61
SKU048,2025-04-13,80
SKU048,2025-04-20,79
SKU048,2025-04-27,56
SKU048,2025-05-04,73
SKU048,2025-05-11,74
SKU048,2025-05-18,71
SKU048,2025-05-25,61
SKU048,2025-06-01,71
SKU048,2025-06-08,67
SKU048,2025-06-15,59
SKU048,2025-06-22,77
SKU048,2025-06-29,73
SKU048,2025-07-06,50
SKU048,2025-07-13,48
SKU048,2025-07-20,52
SKU048,2025-07-27,67
SKU048,2025-08-03,43
SKU048,2025-08-10,50
SKU048,2025-08-17,35
SKU048,2025-08-24,45
SKU048,2025-08-31,60
SKU048,2025-09-07,57
SKU048,2025-09-14,58
SKU048,2025-09-21,54
SKU048,2025-09-28,50
SKU048,2025-10-05,46
SKU048,2025-10-12,51
SKU048,2025-10-19,59
SKU048,2025-10-26,31
SKU048,2025-11-02,61
SKU048,2025-11-09,63
SKU048,2025-11-16,47
SKU048,2025-11-23,63
SKU048,2025-11-30,36
SKU048,2025-12-07,57
SKU048,2025-12-14,55
SKU048,2025-12-21,58
SKU048,2025-12-28,40
SKU049,2024-01-07,177
SKU049,2024-01-14,178
SKU049,2024-01-21,184
SKU049,2024-01-28,181
SKU049,2024-02-04,178
SKU049,2024-02-11,191
SKU049,2024-02-18,194
SKU049,2024-02-25,186
SKU049,2024-03-03,192
SKU049,2024-03-10,207
SKU049,2024-03-17,190
SKU049,2024-03-24,228
SKU049,2024-03-31,221
SKU049,2024-04-07,219
SKU049,2024-04-14,199
SKU049,2024-04-21,193
SKU049,2024-04-28,222
SKU049,2024-05-05,219
SKU049,2024-05-12,200
SKU049,2024-05-19,192
SKU049,2024-05-26,178
SKU049,2024-06-02,196
SKU049,2024-06-09,194
SKU049,2024-06-16,190
SKU049,2024-06-23,187
SKU049,2024-06-30,200
SKU049,2024-07-07,167
SKU049,2024-07-14,165
SKU049,2024-07-21,188
SKU049,2024-07-28,174
SKU049,2024-08-04,176
SKU049,2024-08-11,164
SKU049,2024-08-18,151
SKU049,2024-08-25,138
SKU049,2024-09-01,156
SKU049,2024-09-08,152
SKU049,2024-09-15,164
SKU049,2024-09-22,150
SKU049,2024-09-29,178
SKU049,2024-10-06,147
SKU049,2024-10-13,151
SKU049,2024-10-20,129
SKU049,2024-10-27,148
SKU049,2024-11-03,140
SKU049,2024-11-10,160
SKU049,2024-11-17,141
SKU049,2024-11-24,136
SKU049,2024-12-01,145
SKU049,2024-12-08,149
SKU049,2024-12-15,150
SKU049,2024-12-22,161
SKU049,2024-12-29,135
SKU049,2025-01-05,198
SKU049,2025-01-12,177
SKU049,2025-01-19,183
SKU049,2025-01-26,154
SKU049,2025-02-02,160
SKU049,2025-02-09,199
SKU049,2025-02-16,182
SKU049,2025-02-23,184
SKU049,2025-03-02,207
SKU049,2025-03-09,214
SKU049,2025-03-16,190
SKU049,2025-03-23,218
SKU049,2025-03-30,230
SKU049,2025-04-06,184
SKU049,2025-04-13,213
SKU049,2025-04-20,198
SKU049,2025-04-27,203
SKU049,2025-05-04,202
SKU049,2025-05-11,222
SKU049,2025-05-18,185
SKU049,2025-05-25,187
SKU049,2025-06-01,213
SKU049,2025-06-08,206
SKU049,2025-06-15,206
SKU049,2025-06-22,197
SKU049,2025-06-29,220
SKU049,2025-07-06,156
SKU049,2025-07-13,179
SKU049,2025-07-20,171
SKU049,2025-07-27,168
SKU049,2025-08-03,158
SKU049,2025-08-10,159
SKU049,2025-08-17,163
SKU049,2025-08-24,145
SKU049,2025-08-31,159
SKU049,2025-09-07,152
SKU049,2025-09-14,167
SKU049,2025-09-21,158
SKU049,2025-09-28,168
SKU049,2025-10-05,142
SKU049,2025-10-12,137
SKU049,2025-10-19,152
SKU049,2025-10-26,138
SKU049,2025-11-02,150
SKU049,2025-11-09,152
SKU049,2025-11-16,160
SKU049,2025-11-23,139
SKU049,2025-11-30,159
SKU049,2025-12-07,167
SKU049,2025-12-14,171
SKU049,2025-12-21,147
SKU049,2025-12-28,166
SKU050,2024-01-07,49
SKU050,2024-01-14,40
SKU050,2024-01-21,25
SKU050,2024-01-28,37
SKU050,2024-02-04,42
SKU050,2024-02-11,38
SKU050,2024-02-18,33
SKU050,2024-02-25,35
SKU050,2024-03-03,57
SKU050,2024-03-10,49
SKU050,2024-03-17,55
SKU050,2024-03-24,51
SKU050,2024-03-31,60
SKU050,2024-04-07,41
SKU050,2024-04-14,43
SKU050,2024-04-21,49
SKU050,2024-04-28,55
SKU050,2024-05-05,50
SKU050,2024-05-12,45
SKU050,2024-05-19,58
SKU050,2024-05-26,37
SKU050,2024-06-02,50
SKU050,2024-06-09,52
SKU050,2024-06-16,49
SKU050,2024-06-23,50
SKU050,2024-06-30,47
SKU050,2024-07-07,44
SKU050,2024-07-14,42
SKU050,2024-07-21,50
SKU050,2024-07-28,29
SKU050,2024-08-04,39
SKU050,2024-08-11,33
SKU050,2024-08-18,49
SKU050,2024-08-25,29
SKU050,2024-09-01,37
SKU050,2024-09-08,37
SKU050,2024-09-15,52
SKU050,2024-09-22,27
SKU050,2024-09-29,25
SKU050,2024-10-06,34
SKU050,2024-10-13,33
SKU050,2024-10-20,38
SKU050,2024-10-27,38
SKU050,2024-11-03,36
SKU050,2024-11-10,54
SKU050,2024-11-17,48
SKU050,2024-11-24,39
SKU050,2024-12-01,37
SKU050,2024-12-08,33
SKU050,2024-12-15,37
SKU050,2024-12-22,32
SKU050,2024-12-29,54
SKU050,2025-01-05,47
SKU050,2025-01-12,40
SKU050,2025-01-19,40
SKU050,2025-01-26,45
SKU050,2025-02-02,36
SKU050,2025-02-09,41
SKU050,2025-02-16,51
SKU050,2025-02-23,44
SKU050,2025-03-02,53
SKU050,2025-03-09,67
SKU050,2025-03-16,52
SKU050,2025-03-23,61
SKU050,2025-03-30,49
SKU050,2025-04-06,65
SKU050,2025-04-13,48
SKU050,2025-04-20,46
SKU050,2025-04-27,46
SKU050,2025-05-04,45
SKU050,2025-05-11,53
SKU050,2025-05-18,51
SKU050,2025-05-25,70
SKU050,2025-06-01,61
SKU050,2025-06-08,45
SKU050,2025-06-15,49
SKU050,2025-06-22,63
SKU050,2025-06-29,55
SKU050,2025-07-06,44
SKU050,2025-07-13,49
SKU050,2025-07-20,53
SKU050,2025-07-27,43
SKU050,2025-08-03,36
SKU050,2025-08-10,35
SKU050,2025-08-17,43
SKU050,2025-08-24,35
SKU050,2025-08-31,34
SKU050,2025-09-07,29
SKU050,2025-09-14,33
SKU050,2025-09-21,30
SKU050,2025-09-28,38
SKU050,2025-10-05,35
SKU050,2025-10-12,39
SKU050,2025-10-19,31
SKU050,2025-10-26,31
SKU050,2025-11-02,32
SKU050,2025-11-09,46
SKU050,2025-11-16,40
SKU050,2025-11-23,41
SKU050,2025-11-30,30
SKU050,2025-12-07,40
SKU050,2025-12-14,34
SKU050,2025-12-21,34
SKU050,2025-12-28,49
