SKU,Date,Units_Sold,Baseline_Forecast,Lag_1,Lag_2,Lag_4,Lag_52,Rolling_Mean_4,Rolling_Mean_8,Rolling_Std_4,Month,Quarter,Week_of_Year,Month_Sin,Month_Cos,Weekly_Promotion,Previous_Week_Promotion
SKU001,2024-01-07,106,,,,,,,,,1,1,1,0.49999999999999994,0.8660254037844387,0,
SKU001,2024-01-14,85,,106.0,,,,,,,1,1,2,0.49999999999999994,0.8660254037844387,0,0.0
SKU001,2024-01-21,117,,85.0,106.0,,,,,,1,1,3,0.49999999999999994,0.8660254037844387,0,0.0
SKU001,2024-01-28,89,,117.0,85.0,,,,,,1,1,4,0.49999999999999994,0.8660254037844387,0,0.0
SKU001,2024-02-04,119,,89.0,117.0,106.0,,99.25,,14.930394055974096,2,1,5,0.8660254037844386,0.5000000000000001,0,0.0
SKU001,2024-02-11,112,,119.0,89.0,85.0,,102.5,,17.990738358018177,2,1,6,0.8660254037844386,0.5000000000000001,0,0.0
SKU001,2024-02-18,104,,112.0,119.0,117.0,,109.25,,13.81725973797506,2,1,7,0.8660254037844386,0.5000000000000001,0,0.0
SKU001,2024-02-25,120,,104.0,112.0,89.0,,106.0,,12.884098726725126,2,1,8,0.8660254037844386,0.5000000000000001,0,0.0
SKU001,2024-03-03,103,,120.0,104.0,119.0,,113.75,106.5,7.410578025138568,3,1,9,1.0,6.123233995736766e-17,1,0.0
SKU001,2024-03-10,119,,103.0,120.0,112.0,,109.75,106.125,7.932002689527193,3,1,10,1.0,6.123233995736766e-17,1,1.0
SKU001,2024-03-17,122,,119.0,103.0,104.0,,111.5,110.375,9.255628917943211,3,1,11,1.0,6.123233995736766e-17,1,1.0
SKU001,2024-03-24,130,,122.0,119.0,120.0,,116.0,111.0,8.755950357709128,3,1,12,1.0,6.123233995736766e-17,1,1.0
SKU001,2024-03-31,102,,130.0,122.0,103.0,,118.5,116.125,11.328430311977616,3,1,13,1.0,6.123233995736766e-17,1,1.0
SKU001,2024-04-07,122,,102.0,130.0,119.0,,118.25,114.0,11.786291472158094,4,2,14,0.8660254037844387,-0.4999999999999998,0,1.0
SKU001,2024-04-14,115,,122.0,102.0,122.0,,119.0,115.25,11.944315244779277,4,2,15,0.8660254037844387,-0.4999999999999998,0,0.0
SKU001,2024-04-21,103,,115.0,122.0,130.0,,117.25,116.625,11.870832602082578,4,2,16,0.8660254037844387,-0.4999999999999998,0,0.0
SKU001,2024-04-28,112,,103.0,115.0,102.0,,110.5,114.5,9.678154093971981,4,2,17,0.8660254037844387,-0.4999999999999998,0,0.0
SKU001,2024-05-05,110,,112.0,103.0,122.0,,113.0,115.625,7.874007874011809,5,2,18,0.49999999999999994,-0.8660254037844387,0,0.0
SKU001,2024-05-12,117,,110.0,112.0,115.0,,110.0,114.5,5.099019513592783,5,2,19,0.49999999999999994,-0.8660254037844387,0,0.0
SKU001,2024-05-19,115,,117.0,110.0,103.0,,110.5,113.875,5.802298395176402,5,2,20,0.49999999999999994,-0.8660254037844387,0,0.0
SKU001,2024-05-26,115,,115.0,117.0,112.0,,113.5,112.0,3.109126351029602,5,2,21,0.49999999999999994,-0.8660254037844387,0,0.0
SKU001,2024-06-02,108,,115.0,115.0,110.0,,114.25,113.625,2.9860788111948167,6,2,22,1.2246467991473532e-16,-1.0,1,0.0
SKU001,2024-06-09,126,,108.0,115.0,117.0,,113.75,111.875,3.9475730941090013,6,2,23,1.2246467991473532e-16,-1.0,1,1.0
SKU001,2024-06-16,106,,126.0,108.0,115.0,,116.0,113.25,7.438637868140464,6,2,24,1.2246467991473532e-16,-1.0,1,1.0
SKU001,2024-06-23,100,,106.0,126.0,115.0,,113.75,113.625,9.032349269892817,6,2,25,1.2246467991473532e-16,-1.0,1,1.0
SKU001,2024-06-30,124,,100.0,106.0,108.0,,110.0,112.125,11.195237082497774,6,2,26,1.2246467991473532e-16,-1.0,1,1.0
SKU001,2024-07-07,84,,124.0,100.0,126.0,,114.0,113.875,12.961481396815717,7,3,27,-0.4999999999999997,-0.8660254037844388,0,1.0
SKU001,2024-07-14,101,,84.0,124.0,106.0,,103.5,109.75,16.522711641858304,7,3,28,-0.4999999999999997,-0.8660254037844388,0,0.0
SKU001,2024-07-21,75,,101.0,84.0,100.0,,102.25,108.0,16.459546368799675,7,3,29,-0.4999999999999997,-0.8660254037844388,0,0.0
SKU001,2024-07-28,96,,75.0,101.0,124.0,,96.0,103.0,21.556128285632987,7,3,30,-0.4999999999999997,-0.8660254037844388,0,0.0
SKU001,2024-08-04,94,,96.0,75.0,84.0,,89.0,101.5,11.747340124470728,8,3,31,-0.8660254037844385,-0.5000000000000004,0,0.0
SKU001,2024-08-11,82,,94.0,96.0,101.0,,91.5,97.5,11.387127235025812,8,3,32,-0.8660254037844385,-0.5000000000000004,0,0.0
SKU001,2024-08-18,89,,82.0,94.0,75.0,,86.75,94.5,9.979144919948464,8,3,33,-0.8660254037844385,-0.5000000000000004,0,0.0
SKU001,2024-08-25,98,,89.0,82.0,96.0,,90.25,93.125,6.238322424070958,8,3,34,-0.8660254037844385,-0.5000000000000004,0,0.0
SKU001,2024-09-01,92,,98.0,89.0,94.0,,90.75,89.875,6.898067362191617,9,3,35,-1.0,-1.8369701987210297e-16,1,0.0
SKU001,2024-09-08,96,,92.0,98.0,82.0,,90.25,90.875,6.652067347825027,9,3,36,-1.0,-1.8369701987210297e-16,1,1.0
SKU001,2024-09-15,89,,96.0,92.0,89.0,,93.75,90.25,4.03112887414926,9,3,37,-1.0,-1.8369701987210297e-16,1,1.0
SKU001,2024-09-22,104,,89.0,96.0,98.0,,93.75,92.0,4.03112887414926,9,3,38,-1.0,-1.8369701987210297e-16,1,1.0
SKU001,2024-09-29,109,,104.0,89.0,92.0,,95.25,93.0,6.499999999999992,9,3,39,-1.0,-1.8369701987210297e-16,1,1.0
SKU001,2024-10-06,71,,109.0,104.0,96.0,,99.5,94.875,8.812869377601519,10,4,40,-0.8660254037844386,0.5000000000000001,0,1.0
SKU001,2024-10-13,82,,71.0,109.0,89.0,,93.25,93.5,17.09532099727876,10,4,41,-0.8660254037844386,0.5000000000000001,0,0.0
SKU001,2024-10-20,88,,82.0,71.0,104.0,,91.5,92.625,18.009256878986797,10,4,42,-0.8660254037844386,0.5000000000000001,0,0.0
SKU001,2024-10-27,89,,88.0,82.0,109.0,,87.5,91.375,15.968719422671311,10,4,43,-0.8660254037844386,0.5000000000000001,0,0.0
SKU001,2024-11-03,83,,89.0,88.0,71.0,,82.5,91.0,8.266397845091491,11,4,44,-0.5000000000000004,0.8660254037844384,1,0.0
SKU001,2024-11-10,99,,83.0,89.0,82.0,,85.5,89.375,3.511884584284237,11,4,45,-0.5000000000000004,0.8660254037844384,1,1.0
SKU001,2024-11-17,80,,99.0,83.0,88.0,,89.75,90.625,6.7019897542943605,11,4,46,-0.5000000000000004,0.8660254037844384,1,1.0
SKU001,2024-11-24,88,,80.0,99.0,89.0,,87.75,87.625,8.381527307120098,11,4,47,-0.5000000000000004,0.8660254037844384,1,1.0
SKU001,2024-12-01,68,,88.0,80.0,83.0,,87.5,85.0,8.346656017032604,12,4,48,-2.4492935982947064e-16,1.0,1,1.0
SKU001,2024-12-08,83,,68.0,88.0,99.0,,83.75,84.625,13.073510112692253,12,4,49,-2.4492935982947064e-16,1.0,0,1.0
SKU001,2024-12-15,94,,83.0,68.0,80.0,,79.75,84.75,8.499999999999996,12,4,50,-2.4492935982947064e-16,1.0,0,0.0
SKU001,2024-12-22,77,,94.0,83.0,88.0,,83.25,85.5,11.116804097101525,12,4,51,-2.4492935982947064e-16,1.0,0,0.0
SKU001,2024-12-29,105,,77.0,94.0,68.0,,80.5,84.0,10.908712114635712,12,4,52,-2.4492935982947064e-16,1.0,0,0.0
SKU001,2025-01-05,78,106.0,105.0,77.0,83.0,106.0,89.75,86.75,12.365947867699692,1,1,1,0.49999999999999994,0.8660254037844387,0,0.0
SKU001,2025-01-12,100,85.0,78.0,105.0,94.0,85.0,88.5,84.125,13.478377746103815,1,1,2,0.49999999999999994,0.8660254037844387,0,0.0
SKU001,2025-01-19,89,117.0,100.0,78.0,77.0,117.0,90.0,86.625,14.583095236151568,1,1,3,0.49999999999999994,0.8660254037844387,0,0.0
SKU001,2025-01-26,103,89.0,89.0,100.0,105.0,89.0,93.0,86.75,12.02774570177914,1,1,4,0.49999999999999994,0.8660254037844387,0,0.0
SKU001,2025-02-02,100,119.0,103.0,89.0,78.0,119.0,92.5,91.125,11.387127235025812,2,1,5,0.8660254037844386,0.5000000000000001,0,0.0
SKU001,2025-02-09,106,112.0,100.0,103.0,100.0,112.0,98.0,93.25,6.164414002968972,2,1,6,0.8660254037844386,0.5000000000000001,0,0.0
SKU001,2025-02-16,124,104.0,106.0,100.0,89.0,104.0,99.5,94.75,7.416198487095659,2,1,7,0.8660254037844386,0.5000000000000001,0,0.0
SKU001,2025-02-23,116,120.0,124.0,106.0,103.0,120.0,108.25,100.625,10.78192932642391,2,1,8,0.8660254037844386,0.5000000000000001,0,0.0
SKU001,2025-03-02,111,103.0,116.0,124.0,100.0,103.0,111.5,102.0,10.630145812734646,3,1,9,1.0,6.123233995736766e-17,1,0.0
SKU001,2025-03-09,98,119.0,111.0,116.0,106.0,119.0,114.25,106.125,7.675719293112967,3,1,10,1.0,6.123233995736766e-17,1,1.0
SKU001,2025-03-16,133,122.0,98.0,111.0,124.0,122.0,112.25,105.875,10.904891868637058,3,1,11,1.0,6.123233995736766e-17,1,1.0
SKU001,2025-03-23,128,130.0,133.0,98.0,116.0,130.0,114.5,111.375,14.479871085982314,3,1,12,1.0,6.123233995736766e-17,1,1.0
SKU001,2025-03-30,115,102.0,128.0,133.0,111.0,102.0,117.5,114.5,16.051998837112674,3,1,13,1.0,6.123233995736766e-17,1,1.0
SKU001,2025-04-06,100,122.0,115.0,128.0,98.0,122.0,118.5,116.375,15.631165450257805,4,2,14,0.8660254037844387,-0.4999999999999998,0,1.0
SKU001,2025-04-13,112,115.0,100.0,115.0,133.0,115.0,119.0,115.625,14.7648230602334,4,2,15,0.8660254037844387,-0.4999999999999998,0,0.0
SKU001,2025-04-20,108,103.0,112.0,100.0,128.0,103.0,113.75,114.125,11.499999999999998,4,2,16,0.8660254037844387,-0.4999999999999998,0,0.0
SKU001,2025-04-27,134,112.0,108.0,112.0,115.0,112.0,108.75,113.125,6.499999999999996,4,2,17,0.8660254037844387,-0.4999999999999998,0,0.0
SKU001,2025-05-04,99,110.0,134.0,108.0,100.0,110.0,113.5,116.0,14.548768561863461,5,2,18,0.49999999999999994,-0.8660254037844387,0,0.0
SKU001,2025-05-11,119,117.0,99.0,134.0,112.0,117.0,113.25,116.125,14.86326567974436,5,2,19,0.49999999999999994,-0.8660254037844387,0,0.0
SKU001,2025-05-18,115,115.0,119.0,99.0,108.0,115.0,115.0,114.375,15.07757717053152,5,2,20,0.49999999999999994,-0.8660254037844387,0,0.0
SKU001,2025-05-25,119,115.0,115.0,119.0,134.0,115.0,116.75,112.75,14.38459824488215,5,2,21,0.49999999999999994,-0.8660254037844387,0,0.0
SKU001,2025-06-01,111,108.0,119.0,115.0,99.0,108.0,113.0,113.25,9.521904571390465,6,2,22,1.2246467991473532e-16,-1.0,1,0.0
SKU001,2025-06-08,121,126.0,111.0,119.0,119.0,126.0,116.0,114.625,3.8297084310253466,6,2,23,1.2246467991473532e-16,-1.0,1,1.0
SKU001,2025-06-15,104,106.0,121.0,111.0,115.0,106.0,116.5,115.75,4.434711565216686,6,2,24,1.2246467991473532e-16,-1.0,1,1.0
SKU001,2025-06-22,110,100.0,104.0,121.0,119.0,100.0,113.75,115.25,7.804912982645394,6,2,25,1.2246467991473532e-16,-1.0,1,1.0
SKU001,2025-06-29,134,124.0,110.0,104.0,111.0,124.0,111.5,112.25,7.047458170621989,6,2,26,1.2246467991473532e-16,-1.0,1,1.0
SKU001,2025-07-06,101,84.0,134.0,110.0,121.0,84.0,117.25,116.625,13.200378782444082,7,3,27,-0.4999999999999997,-0.8660254037844388,0,1.0
SKU001,2025-07-13,111,101.0,101.0,134.0,104.0,101.0,112.25,114.375,14.974979131871935,7,3,28,-0.4999999999999997,-0.8660254037844388,0,0.0
SKU001,2025-07-20,118,75.0,111.0,101.0,110.0,75.0,114.0,113.875,14.071247279470285,7,3,29,-0.4999999999999997,-0.8660254037844388,0,0.0
SKU001,2025-07-27,111,96.0,118.0,111.0,134.0,96.0,116.0,113.75,13.880441875771341,7,3,30,-0.4999999999999997,-0.8660254037844388,0,0.0
SKU001,2025-08-03,101,94.0,111.0,118.0,101.0,94.0,110.25,113.75,6.994045086119093,8,3,31,-0.8660254037844385,-0.5000000000000004,0,0.0
SKU001,2025-08-10,77,82.0,101.0,111.0,111.0,82.0,110.25,111.25,6.994045086119093,8,3,32,-0.8660254037844385,-0.5000000000000004,0,0.0
SKU001,2025-08-17,90,89.0,77.0,101.0,118.0,89.0,101.75,107.875,17.914147109663542,8,3,33,-0.8660254037844385,-0.5000000000000004,0,0.0
SKU001,2025-08-24,91,98.0,90.0,77.0,111.0,98.0,94.75,105.375,14.614490525958585,8,3,34,-0.8660254037844385,-0.5000000000000004,0,0.0
SKU001,2025-08-31,97,92.0,91.0,90.0,101.0,92.0,89.75,100.0,9.844626283748234,8,3,35,-0.8660254037844385,-0.5000000000000004,0,0.0
SKU001,2025-09-07,88,96.0,97.0,91.0,77.0,96.0,88.75,99.5,8.42120339777318,9,3,36,-1.0,-1.8369701987210297e-16,1,0.0
SKU001,2025-09-14,93,89.0,88.0,97.0,90.0,89.0,91.5,96.625,3.8729833462074,9,3,37,-1.0,-1.8369701987210297e-16,1,1.0
SKU001,2025-09-21,88,104.0,93.0,88.0,91.0,104.0,92.25,93.5,3.7749172176353576,9,3,38,-1.0,-1.8369701987210297e-16,1,1.0
SKU001,2025-09-28,86,109.0,88.0,93.0,97.0,109.0,91.5,90.625,4.358898943540659,9,3,39,-1.0,-1.8369701987210297e-16,1,1.0
SKU001,2025-10-05,83,71.0,86.0,88.0,88.0,71.0,88.75,88.75,2.9860788111948007,10,4,40,-0.8660254037844386,0.5000000000000001,0,1.0
SKU001,2025-10-12,82,82.0,83.0,86.0,93.0,82.0,87.5,89.5,4.203173404306151,10,4,41,-0.8660254037844386,0.5000000000000001,0,0.0
SKU001,2025-10-19,82,88.0,82.0,83.0,88.0,88.0,84.75,88.5,2.753785273643033,10,4,42,-0.8660254037844386,0.5000000000000001,0,0.0
SKU001,2025-10-26,78,89.0,82.0,82.0,86.0,89.0,83.25,87.375,1.8929694486000666,10,4,43,-0.8660254037844386,0.5000000000000001,0,0.0
SKU001,2025-11-02,93,83.0,78.0,82.0,83.0,83.0,81.25,85.0,2.217355782608322,11,4,44,-0.5000000000000004,0.8660254037844384,1,0.0
SKU001,2025-11-09,92,99.0,93.0,78.0,82.0,99.0,83.75,85.625,6.448514040717693,11,4,45,-0.5000000000000004,0.8660254037844384,1,1.0
SKU001,2025-11-16,87,80.0,92.0,93.0,82.0,80.0,86.25,85.5,7.410578025138563,11,4,46,-0.5000000000000004,0.8660254037844384,1,1.0
SKU001,2025-11-23,84,88.0,87.0,92.0,78.0,88.0,87.5,85.375,6.855654600401036,11,4,47,-0.5000000000000004,0.8660254037844384,1,1.0
SKU001,2025-11-30,84,68.0,84.0,87.0,93.0,68.0,89.0,85.125,4.242640687119272,11,4,48,-0.5000000000000004,0.8660254037844384,1,1.0
SKU001,2025-12-07,88,83.0,84.0,84.0,92.0,83.0,86.75,85.25,3.7749172176353616,12,4,49,-2.4492935982947064e-16,1.0,0,1.0
SKU001,2025-12-14,89,94.0,88.0,84.0,87.0,94.0,85.75,86.0,2.0615528128088063,12,4,50,-2.4492935982947064e-16,1.0,0,0.0
SKU001,2025-12-21,91,77.0,89.0,88.0,84.0,77.0,86.25,86.875,2.629955639676565,12,4,51,-2.4492935982947064e-16,1.0,0,0.0
SKU001,2025-12-28,76,105.0,91.0,89.0,84.0,105.0,88.0,88.5,2.9439202887759324,12,4,52,-2.4492935982947064e-16,1.0,0,0.0
SKU002,2024-01-07,83,,,,,,,,,1,1,1,0.49999999999999994,0.8660254037844387,0,
SKU002,2024-01-14,61,,83.0,,,,,,,1,1,2,0.49999999999999994,0.8660254037844387,0,0.0
SKU002,2024-01-21,57,,61.0,83.0,,,,,,1,1,3,0.49999999999999994,0.8660254037844387,0,0.0
SKU002,2024-01-28,62,,57.0,61.0,,,,,,1,1,4,0.49999999999999994,0.8660254037844387,0,0.0
SKU002,2024-02-04,68,,62.0,57.0,83.0,,65.75,,11.7011395456454,2,1,5,0.8660254037844386,0.5000000000000001,0,0.0
SKU002,2024-02-11,72,,68.0,62.0,61.0,,62.0,,4.546060565661952,2,1,6,0.8660254037844386,0.5000000000000001,0,0.0
SKU002,2024-02-18,65,,72.0,68.0,57.0,,64.75,,6.601767440112786,2,1,7,0.8660254037844386,0.5000000000000001,0,0.0
SKU002,2024-02-25,64,,65.0,72.0,62.0,,66.75,,4.272001872658765,2,1,8,0.8660254037844386,0.5000000000000001,0,0.0
SKU002,2024-03-03,74,,64.0,65.0,68.0,,67.25,66.5,3.5939764421413045,3,1,9,1.0,6.123233995736766e-17,1,0.0
SKU002,2024-03-10,69,,74.0,64.0,72.0,,68.75,65.375,4.9916597106239795,3,1,10,1.0,6.123233995736766e-17,1,1.0
SKU002,2024-03-17,103,,69.0,74.0,65.0,,68.0,66.375,4.546060565661953,3,1,11,1.0,6.123233995736766e-17,1,1.0
SKU002,2024-03-24,89,,103.0,69.0,64.0,,77.5,72.125,17.483325389257807,3,1,12,1.0,6.123233995736766e-17,1,1.0
SKU002,2024-03-31,106,,89.0,103.0,74.0,,83.75,75.5,15.392097539538485,3,1,13,1.0,6.123233995736766e-17,1,1.0
SKU002,2024-04-07,79,,106.0,89.0,69.0,,91.75,80.25,16.879474715365603,4,2,14,0.8660254037844387,-0.4999999999999998,0,1.0
SKU002,2024-04-14,76,,79.0,106.0,103.0,,94.25,81.125,12.579745625409124,4,2,15,0.8660254037844387,-0.4999999999999998,0,0.0
SKU002,2024-04-21,93,,76.0,79.0,89.0,,87.5,82.5,13.527749258468681,4,2,16,0.8660254037844387,-0.4999999999999998,0,0.0
SKU002,2024-04-28,75,,93.0,76.0,106.0,,88.5,86.125,13.820274961085252,4,2,17,0.8660254037844387,-0.4999999999999998,0,0.0
SKU002,2024-05-05,91,,75.0,93.0,79.0,,80.75,86.25,8.341662504161466,5,2,18,0.49999999999999994,-0.8660254037844387,0,0.0
SKU002,2024-05-12,88,,91.0,75.0,76.0,,83.75,89.0,9.569918146637063,5,2,19,0.49999999999999994,-0.8660254037844387,0,0.0
SKU002,2024-05-19,86,,88.0,91.0,93.0,,86.75,87.125,8.098353742170897,5,2,20,0.49999999999999994,-0.8660254037844387,0,0.0
SKU002,2024-05-26,78,,86.0,88.0,75.0,,85.0,86.75,6.976149845485453,5,2,21,0.49999999999999994,-0.8660254037844387,0,0.0
SKU002,2024-06-02,77,,78.0,86.0,91.0,,85.75,83.25,5.560275772537429,6,2,22,1.2246467991473532e-16,-1.0,1,0.0
SKU002,2024-06-09,76,,77.0,78.0,88.0,,82.25,83.0,5.560275772537429,6,2,23,1.2246467991473532e-16,-1.0,1,1.0
SKU002,2024-06-16,82,,76.0,77.0,86.0,,79.25,83.0,4.573474244670751,6,2,24,1.2246467991473532e-16,-1.0,1,1.0
SKU002,2024-06-23,62,,82.0,76.0,78.0,,78.25,81.625,2.629955639676589,6,2,25,1.2246467991473532e-16,-1.0,1,1.0
SKU002,2024-06-30,80,,62.0,82.0,77.0,,74.25,80.0,8.578072821638514,6,2,26,1.2246467991473532e-16,-1.0,1,1.0
SKU002,2024-07-07,81,,80.0,62.0,76.0,,75.0,78.625,9.01849950564579,7,3,27,-0.4999999999999997,-0.8660254037844388,0,1.0
SKU002,2024-07-14,74,,81.0,80.0,82.0,,76.25,77.75,9.535023160258536,7,3,28,-0.4999999999999997,-0.8660254037844388,0,0.0
SKU002,2024-07-21,84,,74.0,81.0,62.0,,74.25,76.25,8.732124598286491,7,3,29,-0.4999999999999997,-0.8660254037844388,0,0.0
SKU002,2024-07-28,59,,84.0,74.0,80.0,,79.75,77.0,4.193248541803046,7,3,30,-0.4999999999999997,-0.8660254037844388,0,0.0
SKU002,2024-08-04,51,,59.0,84.0,81.0,,74.5,74.75,11.150485789118491,8,3,31,-0.8660254037844385,-0.5000000000000004,0,0.0
SKU002,2024-08-11,65,,51.0,59.0,74.0,,67.0,71.625,14.809906594348709,8,3,32,-0.8660254037844385,-0.5000000000000004,0,0.0
SKU002,2024-08-18,58,,65.0,51.0,84.0,,64.75,69.5,14.05643387681717,8,3,33,-0.8660254037844385,-0.5000000000000004,0,0.0
SKU002,2024-08-25,46,,58.0,65.0,59.0,,58.25,69.0,5.737304826019509,8,3,34,-0.8660254037844385,-0.5000000000000004,0,0.0
SKU002,2024-09-01,69,,46.0,58.0,51.0,,55.0,64.75,8.28653526310404,9,3,35,-1.0,-1.8369701987210297e-16,1,0.0
SKU002,2024-09-08,56,,69.0,46.0,65.0,,59.5,63.25,10.08298897483612,9,3,36,-1.0,-1.8369701987210297e-16,1,1.0
SKU002,2024-09-15,61,,56.0,69.0,58.0,,57.25,61.0,9.429563439877093,9,3,37,-1.0,-1.8369701987210297e-16,1,1.0
SKU002,2024-09-22,59,,61.0,56.0,46.0,,58.0,58.125,9.62635271879577,9,3,38,-1.0,-1.8369701987210297e-16,1,1.0
SKU002,2024-09-29,63,,59.0,61.0,69.0,,61.25,58.125,5.560275772537431,9,3,39,-1.0,-1.8369701987210297e-16,1,1.0
SKU002,2024-10-06,51,,63.0,59.0,56.0,,59.75,59.625,2.986078811194828,10,4,40,-0.8660254037844386,0.5000000000000001,0,1.0
SKU002,2024-10-13,65,,51.0,63.0,61.0,,58.5,57.875,5.2599112793531715,10,4,41,-0.8660254037844386,0.5000000000000001,0,0.0
SKU002,2024-10-20,72,,65.0,51.0,59.0,,59.5,58.75,6.191391873668907,10,4,42,-0.8660254037844386,0.5000000000000001,0,0.0
SKU002,2024-10-27,47,,72.0,65.0,63.0,,62.75,62.0,8.732124598286493,10,4,43,-0.8660254037844386,0.5000000000000001,0,0.0
SKU002,2024-11-03,65,,47.0,72.0,51.0,,58.75,59.25,11.729592206608608,11,4,44,-0.5000000000000004,0.8660254037844384,1,0.0
SKU002,2024-11-10,52,,65.0,47.0,65.0,,62.25,60.375,10.688779163215976,11,4,45,-0.5000000000000004,0.8660254037844384,1,1.0
SKU002,2024-11-17,67,,52.0,65.0,72.0,,59.0,59.25,11.518101695447333,11,4,46,-0.5000000000000004,0.8660254037844384,1,1.0
SKU002,2024-11-24,66,,67.0,52.0,47.0,,57.75,60.25,9.77667291737498,11,4,47,-0.5000000000000004,0.8660254037844384,1,1.0
SKU002,2024-12-01,57,,66.0,67.0,65.0,,62.5,60.625,7.047458170621993,12,4,48,-2.4492935982947064e-16,1.0,1,1.0
SKU002,2024-12-08,66,,57.0,66.0,52.0,,60.5,61.375,7.234178138070236,12,4,49,-2.4492935982947064e-16,1.0,0,1.0
SKU002,2024-12-15,57,,66.0,57.0,67.0,,64.0,61.5,4.69041575982343,12,4,50,-2.4492935982947064e-16,1.0,0,0.0
SKU002,2024-12-22,59,,57.0,66.0,66.0,,61.5,59.625,5.196152422706632,12,4,51,-2.4492935982947064e-16,1.0,0,0.0
SKU002,2024-12-29,65,,59.0,57.0,57.0,,59.75,61.125,4.272001872658765,12,4,52,-2.4492935982947064e-16,1.0,0,0.0
SKU002,2025-01-05,70,83.0,65.0,59.0,66.0,83.0,61.75,61.125,4.425306015783918,1,1,1,0.49999999999999994,0.8660254037844387,0,0.0
SKU002,2025-01-12,63,61.0,70.0,65.0,57.0,61.0,62.75,63.375,5.909032633745278,1,1,2,0.49999999999999994,0.8660254037844387,0,0.0
SKU002,2025-01-19,67,57.0,63.0,70.0,59.0,57.0,64.25,62.875,4.573474244670747,1,1,3,0.49999999999999994,0.8660254037844387,0,0.0
SKU002,2025-01-26,66,62.0,67.0,63.0,65.0,62.0,66.25,63.0,2.986078811194819,1,1,4,0.49999999999999994,0.8660254037844387,0,0.0
SKU002,2025-02-02,85,68.0,66.0,67.0,70.0,68.0,66.5,64.125,2.8867513459481278,2,1,5,0.8660254037844386,0.5000000000000001,0,0.0
SKU002,2025-02-09,71,72.0,85.0,66.0,63.0,72.0,70.25,66.5,9.97914491994847,2,1,6,0.8660254037844386,0.5000000000000001,0,0.0
SKU002,2025-02-16,79,65.0,71.0,85.0,67.0,65.0,72.25,68.25,8.770214744615247,2,1,7,0.8660254037844386,0.5000000000000001,0,0.0
SKU002,2025-02-23,82,64.0,79.0,71.0,66.0,64.0,75.25,70.75,8.421203397773187,2,1,8,0.8660254037844386,0.5000000000000001,0,0.0
SKU002,2025-03-02,95,74.0,82.0,79.0,85.0,74.0,79.25,72.875,6.02079728939615,3,1,9,1.0,6.123233995736766e-17,1,0.0
SKU002,2025-03-09,99,69.0,95.0,82.0,71.0,69.0,81.75,76.0,9.979144919948471,3,1,10,1.0,6.123233995736766e-17,1,1.0
SKU002,2025-03-16,80,103.0,99.0,95.0,79.0,103.0,88.75,80.5,9.742518497116993,3,1,11,1.0,6.123233995736766e-17,1,1.0
SKU002,2025-03-23,81,89.0,80.0,99.0,82.0,89.0,89.0,82.125,9.416297927883694,3,1,12,1.0,6.123233995736766e-17,1,1.0
SKU002,2025-03-30,96,106.0,81.0,80.0,95.0,106.0,88.75,84.0,9.673847907287637,3,1,13,1.0,6.123233995736766e-17,1,1.0
SKU002,2025-04-06,80,79.0,96.0,81.0,99.0,79.0,89.0,85.375,9.899494936611669,4,2,14,0.8660254037844387,-0.4999999999999998,0,1.0
SKU002,2025-04-13,89,76.0,80.0,96.0,80.0,76.0,84.25,86.5,7.847504911329041,4,2,15,0.8660254037844387,-0.4999999999999998,0,0.0
SKU002,2025-04-20,82,93.0,89.0,80.0,81.0,93.0,86.5,87.75,7.505553499465141,4,2,16,0.8660254037844387,-0.4999999999999998,0,0.0
SKU002,2025-04-27,79,75.0,82.0,89.0,96.0,75.0,86.75,87.75,7.274384280931737,4,2,17,0.8660254037844387,-0.4999999999999998,0,0.0
SKU002,2025-05-04,67,91.0,79.0,82.0,80.0,91.0,82.5,85.75,4.509249752822906,5,2,18,0.49999999999999994,-0.8660254037844387,0,0.0
SKU002,2025-05-11,77,88.0,67.0,79.0,89.0,88.0,79.25,81.75,9.178779875342915,5,2,19,0.49999999999999994,-0.8660254037844387,0,0.0
SKU002,2025-05-18,84,86.0,77.0,67.0,82.0,86.0,76.25,81.375,6.500000000000007,5,2,20,0.49999999999999994,-0.8660254037844387,0,0.0
SKU002,2025-05-25,82,78.0,84.0,77.0,79.0,78.0,76.75,81.75,7.135591542869222,5,2,21,0.49999999999999994,-0.8660254037844387,0,0.0
SKU002,2025-06-01,93,77.0,82.0,84.0,67.0,77.0,77.5,80.0,7.593857166596351,6,2,22,1.2246467991473532e-16,-1.0,1,0.0
SKU002,2025-06-08,73,76.0,93.0,82.0,77.0,76.0,84.0,81.625,6.683312551921148,6,2,23,1.2246467991473532e-16,-1.0,1,1.0
SKU002,2025-06-15,91,82.0,73.0,93.0,84.0,82.0,83.0,79.625,8.20568908339412,6,2,24,1.2246467991473532e-16,-1.0,1,1.0
SKU002,2025-06-22,84,62.0,91.0,73.0,82.0,62.0,84.75,80.75,9.178779875342915,6,2,25,1.2246467991473532e-16,-1.0,1,1.0
SKU002,2025-06-29,70,80.0,84.0,91.0,93.0,80.0,85.25,81.375,9.032349269892824,6,2,26,1.2246467991473532e-16,-1.0,1,1.0
SKU002,2025-07-06,53,81.0,70.0,84.0,73.0,81.0,79.5,81.75,9.74679434480897,7,3,27,-0.4999999999999997,-0.8660254037844388,0,1.0
SKU002,2025-07-13,78,74.0,53.0,70.0,91.0,74.0,74.5,78.75,16.782927833565477,7,3,28,-0.4999999999999997,-0.8660254037844388,0,0.0
SKU002,2025-07-20,69,84.0,78.0,53.0,84.0,84.0,71.25,78.0,13.450526631573458,7,3,29,-0.4999999999999997,-0.8660254037844388,0,0.0
SKU002,2025-07-27,76,59.0,69.0,78.0,70.0,59.0,67.5,76.375,10.472185381603346,7,3,30,-0.4999999999999997,-0.8660254037844388,0,0.0
SKU002,2025-08-03,75,51.0,76.0,69.0,53.0,51.0,69.0,74.25,11.34313301811571,8,3,31,-0.8660254037844385,-0.5000000000000004,0,0.0
SKU002,2025-08-10,60,65.0,75.0,76.0,78.0,65.0,74.5,74.5,3.8729833462074397,8,3,32,-0.8660254037844385,-0.5000000000000004,0,0.0
SKU002,2025-08-17,70,58.0,60.0,75.0,69.0,58.0,70.0,70.625,7.348469228349544,8,3,33,-0.8660254037844385,-0.5000000000000004,0,0.0
SKU002,2025-08-24,70,46.0,70.0,60.0,76.0,46.0,70.25,68.875,7.32006375199926,8,3,34,-0.8660254037844385,-0.5000000000000004,0,0.0
SKU002,2025-08-31,79,69.0,70.0,70.0,75.0,69.0,68.75,68.875,6.291528696058971,8,3,35,-0.8660254037844385,-0.5000000000000004,0,0.0
SKU002,2025-09-07,62,56.0,79.0,70.0,60.0,56.0,69.75,72.125,7.762087348130022,9,3,36,-1.0,-1.8369701987210297e-16,1,0.0
SKU002,2025-09-14,65,61.0,62.0,79.0,70.0,61.0,70.25,70.125,6.946221994724913,9,3,37,-1.0,-1.8369701987210297e-16,1,1.0
SKU002,2025-09-21,79,59.0,65.0,62.0,70.0,59.0,69.0,69.625,7.438637868140476,9,3,38,-1.0,-1.8369701987210297e-16,1,1.0
SKU002,2025-09-28,60,63.0,79.0,65.0,79.0,63.0,71.25,70.0,9.032349269892826,9,3,39,-1.0,-1.8369701987210297e-16,1,1.0
SKU002,2025-10-05,63,51.0,60.0,79.0,62.0,51.0,66.5,68.125,8.58292879305583,10,4,40,-0.8660254037844386,0.5000000000000001,0,1.0
SKU002,2025-10-12,56,65.0,63.0,60.0,65.0,65.0,66.75,68.5,8.421203397773196,10,4,41,-0.8660254037844386,0.5000000000000001,0,0.0
SKU002,2025-10-19,59,72.0,56.0,63.0,79.0,72.0,64.5,66.75,10.082988974836123,10,4,42,-0.8660254037844386,0.5000000000000001,0,0.0
SKU002,2025-10-26,51,47.0,59.0,56.0,60.0,47.0,59.5,65.375,2.886751345948153,10,4,43,-0.8660254037844386,0.5000000000000001,0,0.0
SKU002,2025-11-02,70,65.0,51.0,59.0,63.0,65.0,57.25,61.875,5.057996968497854,11,4,44,-0.5000000000000004,0.8660254037844384,1,0.0
SKU002,2025-11-09,72,52.0,70.0,51.0,56.0,52.0,59.0,62.875,8.041558721209888,11,4,45,-0.5000000000000004,0.8660254037844384,1,1.0
SKU002,2025-11-16,60,67.0,72.0,70.0,59.0,67.0,63.0,63.75,9.831920802501758,11,4,46,-0.5000000000000004,0.8660254037844384,1,1.0
SKU002,2025-11-23,64,66.0,60.0,72.0,51.0,66.0,63.25,61.375,9.708243919473807,11,4,47,-0.5000000000000004,0.8660254037844384,1,1.0
SKU002,2025-11-30,66,57.0,64.0,60.0,70.0,57.0,66.5,61.875,5.507570547286117,11,4,48,-0.5000000000000004,0.8660254037844384,1,1.0
SKU002,2025-12-07,51,66.0,66.0,64.0,72.0,66.0,65.5,62.25,5.000000000000016,12,4,49,-2.4492935982947064e-16,1.0,0,1.0
SKU002,2025-12-14,55,57.0,51.0,66.0,60.0,57.0,60.25,61.625,6.6520673478250485,12,4,50,-2.4492935982947064e-16,1.0,0,0.0
SKU002,2025-12-21,55,59.0,55.0,51.0,64.0,59.0,59.0,61.125,7.164728420068238,12,4,51,-2.4492935982947064e-16,1.0,0,0.0
SKU002,2025-12-28,51,65.0,55.0,55.0,66.0,65.0,56.75,61.625,6.448514040717715,12,4,52,-2.4492935982947064e-16,1.0,0,0.0
SKU003,2024-01-07,36,,,,,,,,,1,1,1,0.49999999999999994,0.8660254037844387,0,
SKU003,2024-01-14,32,,36.0,,,,,,,1,1,2,0.49999999999999994,0.8660254037844387,0,0.0
SKU003,2024-01-21,32,,32.0,36.0,,,,,,1,1,3,0.49999999999999994,0.8660254037844387,0,0.0
SKU003,2024-01-28,43,,32.0,32.0,,,,,,1,1,4,0.49999999999999994,0.8660254037844387,0,0.0
SKU003,2024-02-04,40,,43.0,32.0,36.0,,35.75,,5.188127472091126,2,1,5,0.8660254037844386,0.5000000000000001,0,0.0
SKU003,2024-02-11,46,,40.0,43.0,32.0,,36.75,,5.619905100029122,2,1,6,0.8660254037844386,0.5000000000000001,0,0.0
SKU003,2024-02-18,34,,46.0,40.0,32.0,,40.25,,6.020797289396147,2,1,7,0.8660254037844386,0.5000000000000001,0,0.0
SKU003,2024-02-25,44,,34.0,46.0,43.0,,40.75,,5.123475382979798,2,1,8,0.8660254037844386,0.5000000000000001,0,0.0
SKU003,2024-03-03,52,,44.0,34.0,40.0,,41.0,38.375,5.2915026221291805,3,1,9,1.0,6.123233995736766e-17,1,0.0
SKU003,2024-03-10,66,,52.0,44.0,46.0,,44.0,40.375,7.483314773547882,3,1,10,1.0,6.123233995736766e-17,1,1.0
SKU003,2024-03-17,46,,66.0,52.0,34.0,,49.0,44.625,13.515423288475528,3,1,11,1.0,6.123233995736766e-17,1,1.0
SKU003,2024-03-24,48,,46.0,66.0,44.0,,52.0,46.375,9.93310961716756,3,1,12,1.0,6.123233995736766e-17,1,1.0
SKU003,2024-03-31,49,,48.0,46.0,52.0,,53.0,47.0,9.018499505645789,3,1,13,1.0,6.123233995736766e-17,1,1.0
SKU003,2024-04-07,48,,49.0,48.0,66.0,,52.25,48.125,9.251126057585278,4,2,14,0.8660254037844387,-0.4999999999999998,0,1.0
SKU003,2024-04-14,47,,48.0,49.0,46.0,,47.75,48.375,1.2583057392117867,4,2,15,0.8660254037844387,-0.4999999999999998,0,0.0
SKU003,2024-04-21,47,,47.0,48.0,48.0,,48.0,50.0,0.816496580927718,4,2,16,0.8660254037844387,-0.4999999999999998,0,0.0
SKU003,2024-04-28,45,,47.0,47.0,49.0,,47.75,50.375,0.9574271077563313,4,2,17,0.8660254037844387,-0.4999999999999998,0,0.0
SKU003,2024-05-05,45,,45.0,47.0,48.0,,46.75,49.5,1.2583057392117873,5,2,18,0.49999999999999994,-0.8660254037844387,0,0.0
SKU003,2024-05-12,37,,45.0,45.0,47.0,,46.0,46.875,1.1547005383792477,5,2,19,0.49999999999999994,-0.8660254037844387,0,0.0
SKU003,2024-05-19,41,,37.0,45.0,47.0,,43.5,45.75,4.434711565216689,5,2,20,0.49999999999999994,-0.8660254037844387,0,0.0
SKU003,2024-05-26,50,,41.0,37.0,45.0,,42.0,44.875,3.829708431025351,5,2,21,0.49999999999999994,-0.8660254037844387,0,0.0
SKU003,2024-06-02,60,,50.0,41.0,45.0,,43.25,45.0,5.560275772537425,6,2,22,1.2246467991473532e-16,-1.0,1,0.0
SKU003,2024-06-09,52,,60.0,50.0,37.0,,47.0,46.5,10.23067283548187,6,2,23,1.2246467991473532e-16,-1.0,1,1.0
SKU003,2024-06-16,47,,52.0,60.0,41.0,,50.75,47.125,7.804912982645396,6,2,24,1.2246467991473532e-16,-1.0,1,1.0
SKU003,2024-06-23,57,,47.0,52.0,50.0,,52.25,47.125,5.560275772537425,6,2,25,1.2246467991473532e-16,-1.0,1,1.0
SKU003,2024-06-30,30,,57.0,47.0,60.0,,54.0,48.625,5.715476066494081,6,2,26,1.2246467991473532e-16,-1.0,1,1.0
SKU003,2024-07-07,43,,30.0,57.0,52.0,,46.5,46.75,11.73314393786536,7,3,27,-0.4999999999999997,-0.8660254037844388,0,1.0
SKU003,2024-07-14,32,,43.0,30.0,47.0,,44.25,47.5,11.176612486199325,7,3,28,-0.4999999999999997,-0.8660254037844388,0,0.0
SKU003,2024-07-21,28,,32.0,43.0,57.0,,40.5,46.375,12.396235987858034,7,3,29,-0.4999999999999997,-0.8660254037844388,0,0.0
SKU003,2024-07-28,42,,28.0,32.0,30.0,,33.25,43.625,6.701989754294367,7,3,30,-0.4999999999999997,-0.8660254037844388,0,0.0
SKU003,2024-08-04,45,,42.0,28.0,43.0,,36.25,41.375,7.41057802513857,8,3,31,-0.8660254037844385,-0.5000000000000004,0,0.0
SKU003,2024-08-11,35,,45.0,42.0,32.0,,36.75,40.5,8.05708797684788,8,3,32,-0.8660254037844385,-0.5000000000000004,0,0.0
SKU003,2024-08-18,37,,35.0,45.0,28.0,,37.5,39.0,7.593857166596345,8,3,33,-0.8660254037844385,-0.5000000000000004,0,0.0
SKU003,2024-08-25,38,,37.0,35.0,42.0,,39.75,36.5,4.573474244670747,8,3,34,-0.8660254037844385,-0.5000000000000004,0,0.0
SKU003,2024-09-01,40,,38.0,37.0,45.0,,38.75,37.5,4.349329450233295,9,3,35,-1.0,-1.8369701987210297e-16,1,0.0
SKU003,2024-09-08,38,,40.0,38.0,35.0,,37.5,37.125,2.081665999466131,9,3,36,-1.0,-1.8369701987210297e-16,1,1.0
SKU003,2024-09-15,30,,38.0,40.0,37.0,,38.25,37.875,1.2583057392117876,9,3,37,-1.0,-1.8369701987210297e-16,1,1.0
SKU003,2024-09-22,41,,30.0,38.0,38.0,,36.5,38.125,4.434711565216689,9,3,38,-1.0,-1.8369701987210297e-16,1,1.0
SKU003,2024-09-29,32,,41.0,30.0,40.0,,37.25,38.0,4.991659710623978,9,3,39,-1.0,-1.8369701987210297e-16,1,1.0
SKU003,2024-10-06,32,,32.0,41.0,38.0,,35.25,36.375,5.123475382979798,10,4,40,-0.8660254037844386,0.5000000000000001,0,1.0
SKU003,2024-10-13,34,,32.0,32.0,30.0,,33.75,36.0,4.924428900898052,10,4,41,-0.8660254037844386,0.5000000000000001,0,0.0
SKU003,2024-10-20,27,,34.0,32.0,41.0,,34.75,35.625,4.272001872658765,10,4,42,-0.8660254037844386,0.5000000000000001,0,0.0
SKU003,2024-10-27,35,,27.0,34.0,32.0,,31.25,34.25,2.986078811194817,10,4,43,-0.8660254037844386,0.5000000000000001,0,0.0
SKU003,2024-11-03,17,,35.0,27.0,32.0,,32.0,33.625,3.559026084010435,11,4,44,-0.5000000000000004,0.8660254037844384,1,0.0
SKU003,2024-11-10,41,,17.0,35.0,34.0,,28.25,31.0,8.301606270274846,11,4,45,-0.5000000000000004,0.8660254037844384,1,1.0
SKU003,2024-11-17,38,,41.0,17.0,27.0,,30.0,32.375,10.392304845413262,11,4,46,-0.5000000000000004,0.8660254037844384,1,1.0
SKU003,2024-11-24,39,,38.0,41.0,35.0,,32.75,32.0,10.781929326423912,11,4,47,-0.5000000000000004,0.8660254037844384,1,1.0
SKU003,2024-12-01,36,,39.0,38.0,17.0,,33.75,32.875,11.236102527122116,12,4,48,-2.4492935982947064e-16,1.0,1,1.0
SKU003,2024-12-08,38,,36.0,39.0,41.0,,38.5,33.375,2.0816659994661255,12,4,49,-2.4492935982947064e-16,1.0,0,1.0
SKU003,2024-12-15,23,,38.0,36.0,38.0,,37.75,33.875,1.2583057392117791,12,4,50,-2.4492935982947064e-16,1.0,0,0.0
SKU003,2024-12-22,48,,23.0,38.0,39.0,,34.0,33.375,7.4386378681404635,12,4,51,-2.4492935982947064e-16,1.0,0,0.0
SKU003,2024-12-29,30,,48.0,23.0,36.0,,36.25,35.0,10.275375094532233,12,4,52,-2.4492935982947064e-16,1.0,0,0.0
SKU003,2025-01-05,32,36.0,30.0,48.0,38.0,36.0,34.75,36.625,10.750968948580091,1,1,1,0.49999999999999994,0.8660254037844387,0,0.0
SKU003,2025-01-12,34,32.0,32.0,30.0,23.0,32.0,33.25,35.5,10.563301251660548,1,1,2,0.49999999999999994,0.8660254037844387,0,0.0
SKU003,2025-01-19,41,32.0,34.0,32.0,48.0,32.0,36.0,35.0,8.164965809277257,1,1,3,0.49999999999999994,0.8660254037844387,0,0.0
SKU003,2025-01-26,23,43.0,41.0,34.0,30.0,43.0,34.25,35.25,4.787135538781687,1,1,4,0.49999999999999994,0.8660254037844387,0,0.0
SKU003,2025-02-02,40,40.0,23.0,41.0,32.0,40.0,32.5,33.625,7.41619848709566,2,1,5,0.8660254037844386,0.5000000000000001,0,0.0
SKU003,2025-02-09,34,46.0,40.0,23.0,34.0,46.0,34.5,33.875,8.266397845091495,2,1,6,0.8660254037844386,0.5000000000000001,0,0.0
SKU003,2025-02-16,47,34.0,34.0,40.0,41.0,34.0,34.5,35.25,8.266397845091495,2,1,7,0.8660254037844386,0.5000000000000001,0,0.0
SKU003,2025-02-23,45,44.0,47.0,34.0,23.0,44.0,36.0,35.125,10.16530045465127,2,1,8,0.8660254037844386,0.5000000000000001,0,0.0
SKU003,2025-03-02,54,52.0,45.0,47.0,40.0,52.0,41.5,37.0,5.802298395176399,3,1,9,1.0,6.123233995736766e-17,1,0.0
SKU003,2025-03-09,44,66.0,54.0,45.0,34.0,66.0,45.0,39.75,8.286535263104032,3,1,10,1.0,6.123233995736766e-17,1,1.0
SKU003,2025-03-16,57,46.0,44.0,54.0,47.0,46.0,47.5,41.0,4.509249752822889,3,1,11,1.0,6.123233995736766e-17,1,1.0
SKU003,2025-03-23,69,48.0,57.0,44.0,45.0,48.0,50.0,43.0,6.480740698407857,3,1,12,1.0,6.123233995736766e-17,1,1.0
SKU003,2025-03-30,50,49.0,69.0,57.0,54.0,49.0,56.0,48.75,10.295630140986999,3,1,13,1.0,6.123233995736766e-17,1,1.0
SKU003,2025-04-06,38,48.0,50.0,69.0,44.0,48.0,55.0,50.0,10.739335795724672,4,2,14,0.8660254037844387,-0.4999999999999998,0,1.0
SKU003,2025-04-13,48,47.0,38.0,50.0,57.0,47.0,53.5,50.5,12.974333637352373,4,2,15,0.8660254037844387,-0.4999999999999998,0,0.0
SKU003,2025-04-20,48,47.0,48.0,38.0,69.0,47.0,51.25,50.625,12.945398152754255,4,2,16,0.8660254037844387,-0.4999999999999998,0,0.0
SKU003,2025-04-27,49,45.0,48.0,48.0,50.0,45.0,46.0,51.0,5.416025603090637,4,2,17,0.8660254037844387,-0.4999999999999998,0,0.0
SKU003,2025-05-04,41,45.0,49.0,48.0,38.0,45.0,45.75,50.375,5.188127472091123,5,2,18,0.49999999999999994,-0.8660254037844387,0,0.0
SKU003,2025-05-11,50,37.0,41.0,49.0,48.0,37.0,46.5,50.0,3.6968455021364672,5,2,19,0.49999999999999994,-0.8660254037844387,0,0.0
SKU003,2025-05-18,41,41.0,50.0,41.0,48.0,41.0,47.0,49.125,4.082482904638626,5,2,20,0.49999999999999994,-0.8660254037844387,0,0.0
SKU003,2025-05-25,43,50.0,41.0,50.0,49.0,50.0,45.25,45.625,4.924428900898048,5,2,21,0.49999999999999994,-0.8660254037844387,0,0.0
SKU003,2025-06-01,45,60.0,43.0,41.0,41.0,60.0,43.75,44.75,4.272001872658761,6,2,22,1.2246467991473532e-16,-1.0,1,0.0
SKU003,2025-06-08,50,52.0,45.0,43.0,50.0,52.0,44.75,45.625,3.8622100754188176,6,2,23,1.2246467991473532e-16,-1.0,1,1.0
SKU003,2025-06-15,53,47.0,50.0,45.0,41.0,47.0,44.75,45.875,3.8622100754188176,6,2,24,1.2246467991473532e-16,-1.0,1,1.0
SKU003,2025-06-22,48,57.0,53.0,50.0,43.0,57.0,47.75,46.5,4.573474244670743,6,2,25,1.2246467991473532e-16,-1.0,1,1.0
SKU003,2025-06-29,44,30.0,48.0,53.0,45.0,30.0,49.0,46.375,3.3665016461206863,6,2,26,1.2246467991473532e-16,-1.0,1,1.0
SKU003,2025-07-06,42,43.0,44.0,48.0,50.0,43.0,48.75,46.75,3.774917217635369,7,3,27,-0.4999999999999997,-0.8660254037844388,0,1.0
SKU003,2025-07-13,44,32.0,42.0,44.0,53.0,32.0,46.75,45.75,4.856267428111152,7,3,28,-0.4999999999999997,-0.8660254037844388,0,0.0
SKU003,2025-07-20,37,28.0,44.0,42.0,48.0,28.0,44.5,46.125,2.5166114784235747,7,3,29,-0.4999999999999997,-0.8660254037844388,0,0.0
SKU003,2025-07-27,41,42.0,37.0,44.0,44.0,42.0,41.75,45.375,3.304037933599829,7,3,30,-0.4999999999999997,-0.8660254037844388,0,0.0
SKU003,2025-08-03,26,45.0,41.0,37.0,42.0,45.0,41.0,44.875,2.9439202887759426,8,3,31,-0.8660254037844385,-0.5000000000000004,0,0.0
SKU003,2025-08-10,38,35.0,26.0,41.0,44.0,35.0,37.0,41.875,7.874007874011808,8,3,32,-0.8660254037844385,-0.5000000000000004,0,0.0
SKU003,2025-08-17,39,37.0,38.0,26.0,37.0,37.0,35.5,40.0,6.557438524301997,8,3,33,-0.8660254037844385,-0.5000000000000004,0,0.0
SKU003,2025-08-24,34,38.0,39.0,38.0,41.0,38.0,36.0,38.875,6.782329983125265,8,3,34,-0.8660254037844385,-0.5000000000000004,0,0.0
SKU003,2025-08-31,27,40.0,34.0,39.0,26.0,40.0,34.25,37.625,5.909032633745275,8,3,35,-0.8660254037844385,-0.5000000000000004,0,0.0
SKU003,2025-09-07,34,38.0,27.0,34.0,38.0,38.0,34.5,35.75,5.446711546122727,9,3,36,-1.0,-1.8369701987210297e-16,1,0.0
SKU003,2025-09-14,42,30.0,34.0,27.0,39.0,30.0,33.5,34.5,4.932882862316243,9,3,37,-1.0,-1.8369701987210297e-16,1,1.0
SKU003,2025-09-21,39,41.0,42.0,34.0,34.0,41.0,34.25,35.125,6.130524719249837,9,3,38,-1.0,-1.8369701987210297e-16,1,1.0
SKU003,2025-09-28,42,32.0,39.0,42.0,27.0,32.0,35.5,34.875,6.557438524301997,9,3,39,-1.0,-1.8369701987210297e-16,1,1.0
SKU003,2025-10-05,43,32.0,42.0,39.0,34.0,32.0,39.25,36.875,3.7749172176353674,10,4,40,-0.8660254037844386,0.5000000000000001,0,1.0
SKU003,2025-10-12,33,34.0,43.0,42.0,42.0,34.0,41.5,37.5,1.732050807568861,10,4,41,-0.8660254037844386,0.5000000000000001,0,0.0
SKU003,2025-10-19,26,27.0,33.0,43.0,39.0,27.0,39.25,36.75,4.499999999999994,10,4,42,-0.8660254037844386,0.5000000000000001,0,0.0
SKU003,2025-10-26,34,35.0,26.0,33.0,42.0,35.0,36.0,35.75,8.041558721209876,10,4,43,-0.8660254037844386,0.5000000000000001,0,0.0
SKU003,2025-11-02,41,17.0,34.0,26.0,43.0,17.0,34.0,36.625,6.976149845485447,11,4,44,-0.5000000000000004,0.8660254037844384,1,0.0
SKU003,2025-11-09,39,41.0,41.0,34.0,33.0,41.0,33.5,37.5,6.13731754650732,11,4,45,-0.5000000000000004,0.8660254037844384,1,1.0
SKU003,2025-11-16,37,38.0,39.0,41.0,26.0,38.0,35.0,37.125,6.683312551921138,11,4,46,-0.5000000000000004,0.8660254037844384,1,1.0
SKU003,2025-11-23,41,39.0,37.0,39.0,34.0,39.0,37.75,36.875,2.986078811194813,11,4,47,-0.5000000000000004,0.8660254037844384,1,1.0
SKU003,2025-11-30,29,36.0,41.0,37.0,41.0,36.0,39.5,36.75,1.9148542155126664,11,4,48,-0.5000000000000004,0.8660254037844384,1,1.0
SKU003,2025-12-07,38,38.0,29.0,41.0,39.0,38.0,36.5,35.0,5.2599112793531635,12,4,49,-2.4492935982947064e-16,1.0,0,1.0
SKU003,2025-12-14,33,23.0,38.0,29.0,37.0,23.0,36.25,35.625,5.123475382979795,12,4,50,-2.4492935982947064e-16,1.0,0,0.0
SKU003,2025-12-21,23,48.0,33.0,38.0,41.0,48.0,35.25,36.5,5.315072906367321,12,4,51,-2.4492935982947064e-16,1.0,0,0.0
SKU003,2025-12-28,34,30.0,23.0,33.0,29.0,30.0,30.75,35.125,6.344288770224758,12,4,52,-2.4492935982947064e-16,1.0,0,0.0
SKU004,2024-01-07,31,,,,,,,,,1,1,1,0.49999999999999994,0.8660254037844387,0,
SKU004,2024-01-14,25,,31.0,,,,,,,1,1,2,0.49999999999999994,0.8660254037844387,0,0.0
SKU004,2024-01-21,38,,25.0,31.0,,,,,,1,1,3,0.49999999999999994,0.8660254037844387,0,0.0
SKU004,2024-01-28,33,,38.0,25.0,,,,,,1,1,4,0.49999999999999994,0.8660254037844387,0,0.0
SKU004,2024-02-04,43,,33.0,38.0,31.0,,31.75,,5.377421934967226,2,1,5,0.8660254037844386,0.5000000000000001,0,0.0
SKU004,2024-02-11,34,,43.0,33.0,25.0,,34.75,,7.675719293112969,2,1,6,0.8660254037844386,0.5000000000000001,0,0.0
SKU004,2024-02-18,35,,34.0,43.0,38.0,,37.0,,4.546060565661952,2,1,7,0.8660254037844386,0.5000000000000001,0,0.0
SKU004,2024-02-25,22,,35.0,34.0,33.0,,36.25,,4.573474244670748,2,1,8,0.8660254037844386,0.5000000000000001,0,0.0
SKU004,2024-03-03,45,,22.0,35.0,43.0,,33.5,32.625,8.660254037844387,3,1,9,1.0,6.123233995736766e-17,1,0.0
SKU004,2024-03-10,40,,45.0,22.0,34.0,,34.0,34.375,9.41629792788369,3,1,10,1.0,6.123233995736766e-17,1,1.0
SKU004,2024-03-17,41,,40.0,45.0,35.0,,35.5,36.25,9.882644720249063,3,1,11,1.0,6.123233995736766e-17,1,1.0
SKU004,2024-03-24,36,,41.0,40.0,22.0,,37.0,36.625,10.23067283548187,3,1,12,1.0,6.123233995736766e-17,1,1.0
SKU004,2024-03-31,27,,36.0,41.0,45.0,,40.5,37.0,3.696845502136472,3,1,13,1.0,6.123233995736766e-17,1,1.0
SKU004,2024-04-07,35,,27.0,36.0,40.0,,36.0,35.0,6.377042156569663,4,2,14,0.8660254037844387,-0.4999999999999998,0,1.0
SKU004,2024-04-14,30,,35.0,27.0,41.0,,34.75,35.125,5.795112883571236,4,2,15,0.8660254037844387,-0.4999999999999998,0,0.0
SKU004,2024-04-21,44,,30.0,35.0,36.0,,32.0,34.5,4.242640687119284,4,2,16,0.8660254037844387,-0.4999999999999998,0,0.0
SKU004,2024-04-28,28,,44.0,30.0,27.0,,34.0,37.25,7.438637868140464,4,2,17,0.8660254037844387,-0.4999999999999998,0,0.0
SKU004,2024-05-05,37,,28.0,44.0,35.0,,34.25,35.125,7.135591542869214,5,2,18,0.49999999999999994,-0.8660254037844387,0,0.0
SKU004,2024-05-12,47,,37.0,28.0,30.0,,34.75,34.75,7.274384280931731,5,2,19,0.49999999999999994,-0.8660254037844387,0,0.0
SKU004,2024-05-19,54,,47.0,37.0,44.0,,39.0,35.5,8.445906306213283,5,2,20,0.49999999999999994,-0.8660254037844387,0,0.0
SKU004,2024-05-26,40,,54.0,47.0,28.0,,41.5,37.75,11.387127235025813,5,2,21,0.49999999999999994,-0.8660254037844387,0,0.0
SKU004,2024-06-02,28,,40.0,54.0,37.0,,44.5,39.375,7.593857166596342,6,2,22,1.2246467991473532e-16,-1.0,1,0.0
SKU004,2024-06-09,41,,28.0,40.0,47.0,,42.25,38.5,11.086778913041725,6,2,23,1.2246467991473532e-16,-1.0,1,1.0
SKU004,2024-06-16,40,,41.0,28.0,54.0,,40.75,39.875,10.626225419530051,6,2,24,1.2246467991473532e-16,-1.0,1,1.0
SKU004,2024-06-23,37,,40.0,41.0,40.0,,37.25,39.375,6.184658438426487,6,2,25,1.2246467991473532e-16,-1.0,1,1.0
SKU004,2024-06-30,34,,37.0,40.0,28.0,,36.5,40.5,5.916079783099612,6,2,26,1.2246467991473532e-16,-1.0,1,1.0
SKU004,2024-07-07,28,,34.0,37.0,41.0,,38.0,40.125,3.16227766016837,7,3,27,-0.4999999999999997,-0.8660254037844388,0,1.0
SKU004,2024-07-14,33,,28.0,34.0,40.0,,34.75,37.75,5.123475382979794,7,3,28,-0.4999999999999997,-0.8660254037844388,0,0.0
SKU004,2024-07-21,35,,33.0,28.0,37.0,,33.0,35.125,3.741657386773934,7,3,29,-0.4999999999999997,-0.8660254037844388,0,0.0
SKU004,2024-07-28,32,,35.0,33.0,34.0,,32.5,34.5,3.109126351029596,7,3,30,-0.4999999999999997,-0.8660254037844388,0,0.0
SKU004,2024-08-04,32,,32.0,35.0,28.0,,32.0,35.0,2.943920288775939,8,3,31,-0.8660254037844385,-0.5000000000000004,0,0.0
SKU004,2024-08-11,33,,32.0,32.0,33.0,,33.0,33.875,1.414213562373074,8,3,32,-0.8660254037844385,-0.5000000000000004,0,0.0
SKU004,2024-08-18,30,,33.0,32.0,35.0,,33.0,33.0,1.414213562373074,8,3,33,-0.8660254037844385,-0.5000000000000004,0,0.0
SKU004,2024-08-25,29,,30.0,33.0,32.0,,31.75,32.125,1.2583057392117694,8,3,34,-0.8660254037844385,-0.5000000000000004,0,0.0
SKU004,2024-09-01,22,,29.0,30.0,32.0,,31.0,31.5,1.8257418583505385,9,3,35,-1.0,-1.8369701987210297e-16,1,0.0
SKU004,2024-09-08,30,,22.0,29.0,33.0,,28.5,30.75,4.6547466812563085,9,3,36,-1.0,-1.8369701987210297e-16,1,1.0
SKU004,2024-09-15,34,,30.0,22.0,30.0,,27.75,30.375,3.862210075418816,9,3,37,-1.0,-1.8369701987210297e-16,1,1.0
SKU004,2024-09-22,29,,34.0,30.0,29.0,,28.75,30.25,4.991659710623974,9,3,38,-1.0,-1.8369701987210297e-16,1,1.0
SKU004,2024-09-29,26,,29.0,34.0,22.0,,28.75,29.875,4.991659710623974,9,3,39,-1.0,-1.8369701987210297e-16,1,1.0
SKU004,2024-10-06,26,,26.0,29.0,30.0,,29.75,29.125,3.304037933599827,10,4,40,-0.8660254037844386,0.5000000000000001,0,1.0
SKU004,2024-10-13,29,,26.0,26.0,34.0,,28.75,28.25,3.774917217635368,10,4,41,-0.8660254037844386,0.5000000000000001,0,0.0
SKU004,2024-10-20,29,,29.0,26.0,29.0,,27.5,28.125,1.7320508075688623,10,4,42,-0.8660254037844386,0.5000000000000001,0,0.0
SKU004,2024-10-27,26,,29.0,29.0,26.0,,27.5,28.125,1.7320508075688623,10,4,43,-0.8660254037844386,0.5000000000000001,0,0.0
SKU004,2024-11-03,32,,26.0,29.0,26.0,,27.5,28.625,1.7320508075688623,11,4,44,-0.5000000000000004,0.8660254037844384,1,0.0
SKU004,2024-11-10,29,,32.0,26.0,29.0,,29.0,28.875,2.4494897427831672,11,4,45,-0.5000000000000004,0.8660254037844384,1,1.0
SKU004,2024-11-17,26,,29.0,32.0,29.0,,29.0,28.25,2.4494897427831672,11,4,46,-0.5000000000000004,0.8660254037844384,1,1.0
SKU004,2024-11-24,19,,26.0,29.0,26.0,,28.25,27.875,2.8722813232690054,11,4,47,-0.5000000000000004,0.8660254037844384,1,1.0
SKU004,2024-12-01,24,,19.0,26.0,32.0,,26.5,27.0,5.567764362830017,12,4,48,-2.4492935982947064e-16,1.0,1,1.0
SKU004,2024-12-08,30,,24.0,19.0,29.0,,24.5,26.75,4.203173404306158,12,4,49,-2.4492935982947064e-16,1.0,0,1.0
SKU004,2024-12-15,33,,30.0,24.0,26.0,,24.75,26.875,4.573474244670742,12,4,50,-2.4492935982947064e-16,1.0,0,0.0
SKU004,2024-12-22,27,,33.0,30.0,19.0,,26.5,27.375,6.244997998398394,12,4,51,-2.4492935982947064e-16,1.0,0,0.0
SKU004,2024-12-29,28,,27.0,33.0,24.0,,28.5,27.5,3.872983346207411,12,4,52,-2.4492935982947064e-16,1.0,0,0.0
SKU004,2025-01-05,37,31.0,28.0,27.0,30.0,31.0,29.5,27.0,2.645751311064582,1,1,1,0.49999999999999994,0.8660254037844387,0,0.0
SKU004,2025-01-12,35,25.0,37.0,28.0,33.0,25.0,31.25,28.0,4.64578662158878,1,1,2,0.49999999999999994,0.8660254037844387,0,0.0
SKU004,2025-01-19,24,38.0,35.0,37.0,27.0,38.0,31.75,29.125,4.991659710623974,1,1,3,0.49999999999999994,0.8660254037844387,0,0.0
SKU004,2025-01-26,38,33.0,24.0,35.0,28.0,33.0,31.0,29.75,6.05530070819498,1,1,4,0.49999999999999994,0.8660254037844387,0,0.0
SKU004,2025-02-02,34,43.0,38.0,24.0,37.0,43.0,33.5,31.5,6.454972243679024,2,1,5,0.8660254037844386,0.5000000000000001,0,0.0
SKU004,2025-02-09,32,34.0,34.0,38.0,35.0,34.0,32.75,32.0,6.075908711186058,2,1,6,0.8660254037844386,0.5000000000000001,0,0.0
SKU004,2025-02-16,37,35.0,32.0,34.0,24.0,35.0,32.0,31.875,5.887840577551894,2,1,7,0.8660254037844386,0.5000000000000001,0,0.0
SKU004,2025-02-23,33,22.0,37.0,32.0,38.0,22.0,35.25,33.125,2.7537852736430435,2,1,8,0.8660254037844386,0.5000000000000001,0,0.0
SKU004,2025-03-02,50,45.0,33.0,37.0,34.0,45.0,34.0,33.75,2.160246899469278,3,1,9,1.0,6.123233995736766e-17,1,0.0
SKU004,2025-03-09,36,40.0,50.0,33.0,32.0,40.0,38.0,35.375,8.286535263104033,3,1,10,1.0,6.123233995736766e-17,1,1.0
SKU004,2025-03-16,35,41.0,36.0,50.0,37.0,41.0,39.0,35.5,7.527726527090808,3,1,11,1.0,6.123233995736766e-17,1,1.0
SKU004,2025-03-23,39,36.0,35.0,36.0,33.0,36.0,38.5,36.875,7.767453465154026,3,1,12,1.0,6.123233995736766e-17,1,1.0
SKU004,2025-03-30,43,27.0,39.0,35.0,50.0,27.0,40.0,37.0,6.879922480183428,3,1,13,1.0,6.123233995736766e-17,1,1.0
SKU004,2025-04-06,22,35.0,43.0,39.0,36.0,35.0,38.25,38.125,3.5939764421412974,4,2,14,0.8660254037844387,-0.4999999999999998,0,1.0
SKU004,2025-04-13,39,30.0,22.0,43.0,35.0,30.0,34.75,36.875,9.105858919765154,4,2,15,0.8660254037844387,-0.4999999999999998,0,0.0
SKU004,2025-04-20,45,44.0,39.0,22.0,39.0,44.0,35.75,37.125,9.358596760910968,4,2,16,0.8660254037844387,-0.4999999999999998,0,0.0
SKU004,2025-04-27,41,28.0,45.0,39.0,43.0,28.0,37.25,38.625,10.468205831628135,4,2,17,0.8660254037844387,-0.4999999999999998,0,0.0
SKU004,2025-05-04,31,37.0,41.0,45.0,22.0,37.0,36.75,37.5,10.144785195688799,5,2,18,0.49999999999999994,-0.8660254037844387,0,0.0
SKU004,2025-05-11,34,47.0,31.0,41.0,39.0,47.0,39.0,36.875,5.887840577551893,5,2,19,0.49999999999999994,-0.8660254037844387,0,0.0
SKU004,2025-05-18,33,54.0,34.0,31.0,45.0,54.0,37.75,36.75,6.396613687465158,5,2,20,0.49999999999999994,-0.8660254037844387,0,0.0
SKU004,2025-05-25,38,40.0,33.0,34.0,41.0,40.0,34.75,36.0,4.349329450233291,5,2,21,0.49999999999999994,-0.8660254037844387,0,0.0
SKU004,2025-06-01,30,28.0,38.0,33.0,31.0,28.0,34.0,35.375,2.94392028877594,6,2,22,1.2246467991473532e-16,-1.0,1,0.0
SKU004,2025-06-08,28,41.0,30.0,38.0,34.0,41.0,33.75,36.375,3.304037933599827,6,2,23,1.2246467991473532e-16,-1.0,1,1.0
SKU004,2025-06-15,29,40.0,28.0,30.0,33.0,40.0,32.25,35.0,4.34932945023329,6,2,24,1.2246467991473532e-16,-1.0,1,1.0
SKU004,2025-06-22,48,37.0,29.0,28.0,38.0,37.0,31.25,33.0,4.5734742446707415,6,2,25,1.2246467991473532e-16,-1.0,1,1.0
SKU004,2025-06-29,31,34.0,48.0,29.0,30.0,34.0,33.75,33.875,9.535023160258532,6,2,26,1.2246467991473532e-16,-1.0,1,1.0
SKU004,2025-07-06,27,28.0,31.0,48.0,28.0,28.0,34.0,33.875,9.416297927883686,7,3,27,-0.4999999999999997,-0.8660254037844388,0,1.0
SKU004,2025-07-13,32,33.0,27.0,31.0,29.0,33.0,33.75,33.0,9.639329160614167,7,3,28,-0.4999999999999997,-0.8660254037844388,0,0.0
SKU004,2025-07-20,34,35.0,32.0,27.0,48.0,35.0,34.5,32.875,9.255628917943211,7,3,29,-0.4999999999999997,-0.8660254037844388,0,0.0
SKU004,2025-07-27,29,32.0,34.0,32.0,31.0,32.0,31.0,32.375,2.943920288775939,7,3,30,-0.4999999999999997,-0.8660254037844388,0,0.0
SKU004,2025-08-03,33,32.0,29.0,34.0,27.0,32.0,30.5,32.25,3.109126351029596,8,3,31,-0.8660254037844385,-0.5000000000000004,0,0.0
SKU004,2025-08-10,26,33.0,33.0,29.0,32.0,33.0,32.0,32.875,2.160246899469273,8,3,32,-0.8660254037844385,-0.5000000000000004,0,0.0
SKU004,2025-08-17,26,30.0,26.0,33.0,34.0,30.0,30.5,32.5,3.6968455021364646,8,3,33,-0.8660254037844385,-0.5000000000000004,0,0.0
SKU004,2025-08-24,18,29.0,26.0,26.0,29.0,29.0,28.5,29.75,3.316624790355391,8,3,34,-0.8660254037844385,-0.5000000000000004,0,0.0
SKU004,2025-08-31,36,22.0,18.0,26.0,33.0,22.0,25.75,28.125,6.130524719249835,8,3,35,-0.8660254037844385,-0.5000000000000004,0,0.0
SKU004,2025-09-07,38,30.0,36.0,18.0,26.0,30.0,26.5,29.25,7.37111479583199,9,3,36,-1.0,-1.8369701987210297e-16,1,0.0
SKU004,2025-09-14,29,34.0,38.0,36.0,26.0,34.0,29.5,30.0,9.291573243177567,9,3,37,-1.0,-1.8369701987210297e-16,1,1.0
SKU004,2025-09-21,26,29.0,29.0,38.0,18.0,29.0,30.25,29.375,9.032349269892816,9,3,38,-1.0,-1.8369701987210297e-16,1,1.0
SKU004,2025-09-28,28,26.0,26.0,29.0,36.0,26.0,32.25,29.0,5.678908345800268,9,3,39,-1.0,-1.8369701987210297e-16,1,1.0
SKU004,2025-10-05,23,26.0,28.0,26.0,38.0,26.0,30.25,28.375,5.315072906367319,10,4,40,-0.8660254037844386,0.5000000000000001,0,1.0
SKU004,2025-10-12,28,29.0,23.0,28.0,29.0,29.0,26.5,28.0,2.6457513110645787,10,4,41,-0.8660254037844386,0.5000000000000001,0,0.0
SKU004,2025-10-19,24,29.0,28.0,23.0,26.0,29.0,26.25,28.25,2.3629078131262906,10,4,42,-0.8660254037844386,0.5000000000000001,0,0.0
SKU004,2025-10-26,24,26.0,24.0,28.0,28.0,26.0,25.75,29.0,2.629955639676571,10,4,43,-0.8660254037844386,0.5000000000000001,0,0.0
SKU004,2025-11-02,32,32.0,24.0,24.0,23.0,32.0,24.75,27.5,2.2173557826083305,11,4,44,-0.5000000000000004,0.8660254037844384,1,0.0
SKU004,2025-11-09,27,29.0,32.0,24.0,28.0,29.0,27.0,26.75,3.8297084310253444,11,4,45,-0.5000000000000004,0.8660254037844384,1,1.0
SKU004,2025-11-16,31,26.0,27.0,32.0,24.0,26.0,26.75,26.5,3.774917217635367,11,4,46,-0.5000000000000004,0.8660254037844384,1,1.0
SKU004,2025-11-23,28,19.0,31.0,27.0,24.0,19.0,28.5,27.125,3.696845502136464,11,4,47,-0.5000000000000004,0.8660254037844384,1,1.0
SKU004,2025-11-30,22,24.0,28.0,31.0,32.0,24.0,29.5,27.125,2.380476142847604,11,4,48,-0.5000000000000004,0.8660254037844384,1,1.0
SKU004,2025-12-07,28,30.0,22.0,28.0,27.0,30.0,27.0,27.0,3.741657386773934,12,4,49,-2.4492935982947064e-16,1.0,0,1.0
SKU004,2025-12-14,39,33.0,28.0,22.0,31.0,33.0,27.25,27.0,3.7749172176353674,12,4,50,-2.4492935982947064e-16,1.0,0,0.0
SKU004,2025-12-21,38,27.0,39.0,28.0,28.0,27.0,29.25,28.875,7.088723439378908,12,4,51,-2.4492935982947064e-16,1.0,0,0.0
SKU004,2025-12-28,30,28.0,38.0,39.0,22.0,28.0,31.75,30.625,8.18026079453868,12,4,52,-2.4492935982947064e-16,1.0,0,0.0
SKU005,2024-01-07,109,,,,,,,,,1,1,1,0.49999999999999994,0.8660254037844387,0,
SKU005,2024-01-14,116,,109.0,,,,,,,1,1,2,0.49999999999999994,0.8660254037844387,0,0.0
SKU005,2024-01-21,108,,116.0,109.0,,,,,,1,1,3,0.49999999999999994,0.8660254037844387,0,0.0
SKU005,2024-01-28,102,,108.0,116.0,,,,,,1,1,4,0.49999999999999994,0.8660254037844387,0,0.0
SKU005,2024-02-04,129,,102.0,108.0,109.0,,108.75,,5.737304826019502,2,1,5,0.8660254037844386,0.5000000000000001,0,0.0
SKU005,2024-02-11,135,,129.0,102.0,116.0,,113.75,,11.67261752992875,2,1,6,0.8660254037844386,0.5000000000000001,0,0.0
SKU005,2024-02-18,144,,135.0,129.0,108.0,,118.5,,15.968719422671311,2,1,7,0.8660254037844386,0.5000000000000001,0,0.0
SKU005,2024-02-25,124,,144.0,135.0,102.0,,127.5,,18.083141320025124,2,1,8,0.8660254037844386,0.5000000000000001,0,0.0
SKU005,2024-03-03,134,,124.0,144.0,129.0,,133.0,120.875,8.602325267042627,3,1,9,1.0,6.123233995736766e-17,1,0.0
SKU005,2024-03-10,147,,134.0,124.0,135.0,,134.25,124.0,8.180260794538684,3,1,10,1.0,6.123233995736766e-17,1,1.0
SKU005,2024-03-17,144,,147.0,134.0,144.0,,137.25,127.875,10.436314802968846,3,1,11,1.0,6.123233995736766e-17,1,1.0
SKU005,2024-03-24,151,,144.0,147.0,124.0,,137.25,132.375,10.436314802968846,3,1,12,1.0,6.123233995736766e-17,1,1.0
SKU005,2024-03-31,126,,151.0,144.0,134.0,,144.0,138.5,7.257180352359085,3,1,13,1.0,6.123233995736766e-17,1,1.0
SKU005,2024-04-07,138,,126.0,151.0,147.0,,142.0,138.125,11.045361017187265,4,2,14,0.8660254037844387,-0.4999999999999998,0,1.0
SKU005,2024-04-14,113,,138.0,126.0,144.0,,139.75,138.5,10.594810050208551,4,2,15,0.8660254037844387,-0.4999999999999998,0,0.0
SKU005,2024-04-21,140,,113.0,138.0,151.0,,132.0,134.625,16.26857912254991,4,2,16,0.8660254037844387,-0.4999999999999998,0,0.0
SKU005,2024-04-28,113,,140.0,113.0,126.0,,129.25,136.625,12.473304828045112,4,2,17,0.8660254037844387,-0.4999999999999998,0,0.0
SKU005,2024-05-05,122,,113.0,140.0,138.0,,126.0,134.0,15.033296378372915,5,2,18,0.49999999999999994,-0.8660254037844387,0,0.0
SKU005,2024-05-12,142,,122.0,113.0,113.0,,122.0,130.875,12.727922061357864,5,2,19,0.49999999999999994,-0.8660254037844387,0,0.0
SKU005,2024-05-19,122,,142.0,122.0,140.0,,129.25,130.625,14.08012784032873,5,2,20,0.49999999999999994,-0.8660254037844387,0,0.0
SKU005,2024-05-26,118,,122.0,142.0,113.0,,124.75,127.0,12.257650672131271,5,2,21,0.49999999999999994,-0.8660254037844387,0,0.0
SKU005,2024-06-02,124,,118.0,122.0,122.0,,126.0,126.0,10.83205120618129,6,2,22,1.2246467991473532e-16,-1.0,1,0.0
SKU005,2024-06-09,157,,124.0,118.0,142.0,,126.5,124.25,10.63014581273466,6,2,23,1.2246467991473532e-16,-1.0,1,1.0
SKU005,2024-06-16,138,,157.0,124.0,122.0,,130.25,129.75,18.006943105369114,6,2,24,1.2246467991473532e-16,-1.0,1,1.0
SKU005,2024-06-23,149,,138.0,157.0,118.0,,134.25,129.5,17.327723451163465,6,2,25,1.2246467991473532e-16,-1.0,1,1.0
SKU005,2024-06-30,145,,149.0,138.0,124.0,,142.0,134.0,14.306175822583299,6,2,26,1.2246467991473532e-16,-1.0,1,1.0
SKU005,2024-07-07,105,,145.0,149.0,157.0,,147.25,136.875,7.932002689527213,7,3,27,-0.4999999999999997,-0.8660254037844388,0,1.0
SKU005,2024-07-14,114,,105.0,145.0,138.0,,134.25,132.25,20.022903552348918,7,3,28,-0.4999999999999997,-0.8660254037844388,0,0.0
SKU005,2024-07-21,109,,114.0,105.0,149.0,,128.25,131.25,22.020823478395783,7,3,29,-0.4999999999999997,-0.8660254037844388,0,0.0
SKU005,2024-07-28,114,,109.0,114.0,145.0,,118.25,130.125,18.209429791548487,7,3,30,-0.4999999999999997,-0.8660254037844388,0,0.0
SKU005,2024-08-04,108,,114.0,109.0,105.0,,110.5,128.875,4.358898943540694,8,3,31,-0.8660254037844385,-0.5000000000000004,0,0.0
SKU005,2024-08-11,95,,108.0,114.0,114.0,,111.25,122.75,3.2015621187164536,8,3,32,-0.8660254037844385,-0.5000000000000004,0,0.0
SKU005,2024-08-18,103,,95.0,108.0,109.0,,106.5,117.375,8.103497187428824,8,3,33,-0.8660254037844385,-0.5000000000000004,0,0.0
SKU005,2024-08-25,113,,103.0,95.0,114.0,,105.0,111.625,8.04155872120989,8,3,34,-0.8660254037844385,-0.5000000000000004,0,0.0
SKU005,2024-09-01,122,,113.0,103.0,108.0,,104.75,107.625,7.675719293112982,9,3,35,-1.0,-1.8369701987210297e-16,1,0.0
SKU005,2024-09-08,113,,122.0,113.0,95.0,,108.25,109.75,11.757976016304854,9,3,36,-1.0,-1.8369701987210297e-16,1,1.0
SKU005,2024-09-15,104,,113.0,122.0,103.0,,112.75,109.625,7.762087348130021,9,3,37,-1.0,-1.8369701987210297e-16,1,1.0
SKU005,2024-09-22,95,,104.0,113.0,113.0,,113.0,109.0,7.348469228349543,9,3,38,-1.0,-1.8369701987210297e-16,1,1.0
SKU005,2024-09-29,108,,95.0,104.0,122.0,,108.5,106.625,11.618950038622257,9,3,39,-1.0,-1.8369701987210297e-16,1,1.0
SKU005,2024-10-06,86,,108.0,95.0,113.0,,105.0,106.625,7.6157731058639175,10,4,40,-0.8660254037844386,0.5000000000000001,0,1.0
SKU005,2024-10-13,96,,86.0,108.0,104.0,,98.25,105.5,9.810708435174298,10,4,41,-0.8660254037844386,0.5000000000000001,0,0.0
SKU005,2024-10-20,92,,96.0,86.0,95.0,,96.25,104.625,9.032349269892824,10,4,42,-0.8660254037844386,0.5000000000000001,0,0.0
SKU005,2024-10-27,85,,92.0,96.0,108.0,,95.5,102.0,9.291573243177575,10,4,43,-0.8660254037844386,0.5000000000000001,0,0.0
SKU005,2024-11-03,109,,85.0,92.0,86.0,,89.75,97.375,5.188127472091135,11,4,44,-0.5000000000000004,0.8660254037844384,1,0.0
SKU005,2024-11-10,109,,109.0,85.0,96.0,,95.5,96.875,10.08298897483612,11,4,45,-0.5000000000000004,0.8660254037844384,1,1.0
SKU005,2024-11-17,123,,109.0,109.0,92.0,,98.75,97.5,12.175795661885925,11,4,46,-0.5000000000000004,0.8660254037844384,1,1.0
SKU005,2024-11-24,104,,123.0,109.0,85.0,,106.5,101.0,15.779733838059503,11,4,47,-0.5000000000000004,0.8660254037844384,1,1.0
SKU005,2024-12-01,79,,104.0,123.0,109.0,,111.25,100.5,8.180260794538686,12,4,48,-2.4492935982947064e-16,1.0,1,1.0
SKU005,2024-12-08,95,,79.0,104.0,109.0,,103.75,99.625,18.35528988239267,12,4,49,-2.4492935982947064e-16,1.0,0,1.0
SKU005,2024-12-15,107,,95.0,79.0,123.0,,100.25,99.5,18.35528988239267,12,4,50,-2.4492935982947064e-16,1.0,0,0.0
SKU005,2024-12-22,110,,107.0,95.0,104.0,,96.25,101.375,12.579745625409126,12,4,51,-2.4492935982947064e-16,1.0,0,0.0
SKU005,2024-12-29,106,,110.0,107.0,79.0,,97.75,104.5,14.080127840328725,12,4,52,-2.4492935982947064e-16,1.0,0,0.0
SKU005,2025-01-05,111,109.0,106.0,110.0,95.0,109.0,104.5,104.125,6.557438524302003,1,1,1,0.49999999999999994,0.8660254037844387,0,0.0
SKU005,2025-01-12,97,116.0,111.0,106.0,107.0,116.0,108.5,104.375,2.380476142847621,1,1,2,0.49999999999999994,0.8660254037844387,0,0.0
SKU005,2025-01-19,133,108.0,97.0,111.0,110.0,108.0,106.0,101.125,6.377042156569665,1,1,3,0.49999999999999994,0.8660254037844387,0,0.0
SKU005,2025-01-26,110,102.0,133.0,97.0,106.0,102.0,111.75,104.75,15.305227865013967,1,1,4,0.49999999999999994,0.8660254037844387,0,0.0
SKU005,2025-02-02,107,129.0,110.0,133.0,111.0,129.0,112.75,108.625,14.930394055974098,2,1,5,0.8660254037844386,0.5000000000000001,0,0.0
SKU005,2025-02-09,123,135.0,107.0,110.0,97.0,135.0,111.75,110.125,15.217862311551293,2,1,6,0.8660254037844386,0.5000000000000001,0,0.0
SKU005,2025-02-16,132,144.0,123.0,107.0,133.0,144.0,118.25,112.125,12.038133853162899,2,1,7,0.8660254037844386,0.5000000000000001,0,0.0
SKU005,2025-02-23,139,124.0,132.0,123.0,110.0,124.0,118.0,114.875,11.633285577743427,2,1,8,0.8660254037844386,0.5000000000000001,0,0.0
SKU005,2025-03-02,160,134.0,139.0,132.0,107.0,134.0,125.25,119.0,13.817259737975055,3,1,9,1.0,6.123233995736766e-17,1,0.0
SKU005,2025-03-09,140,147.0,160.0,139.0,123.0,147.0,138.5,125.125,15.758595538097076,3,1,10,1.0,6.123233995736766e-17,1,1.0
SKU005,2025-03-16,142,144.0,140.0,160.0,132.0,144.0,142.75,130.5,12.038133853162892,3,1,11,1.0,6.123233995736766e-17,1,1.0
SKU005,2025-03-23,144,151.0,142.0,140.0,139.0,151.0,145.25,131.625,9.912113800799492,3,1,12,1.0,6.123233995736766e-17,1,1.0
SKU005,2025-03-30,134,126.0,144.0,142.0,160.0,126.0,146.5,135.875,9.146948489341481,3,1,13,1.0,6.123233995736766e-17,1,1.0
SKU005,2025-04-06,142,138.0,134.0,144.0,140.0,138.0,140.0,139.25,4.320493798938543,4,2,14,0.8660254037844387,-0.4999999999999998,0,1.0
SKU005,2025-04-13,132,113.0,142.0,134.0,142.0,113.0,140.5,141.625,4.43471156521666,4,2,15,0.8660254037844387,-0.4999999999999998,0,0.0
SKU005,2025-04-20,134,140.0,132.0,142.0,144.0,140.0,138.0,141.625,5.887840577551875,4,2,16,0.8660254037844387,-0.4999999999999998,0,0.0
SKU005,2025-04-27,141,113.0,134.0,132.0,134.0,113.0,135.5,141.0,4.43471156521666,4,2,17,0.8660254037844387,-0.4999999999999998,0,0.0
SKU005,2025-05-04,116,122.0,141.0,134.0,142.0,122.0,137.25,138.625,4.991659710623953,5,2,18,0.49999999999999994,-0.8660254037844387,0,0.0
SKU005,2025-05-11,117,142.0,116.0,141.0,132.0,142.0,130.75,135.625,10.563301251660535,5,2,19,0.49999999999999994,-0.8660254037844387,0,0.0
SKU005,2025-05-18,122,122.0,117.0,116.0,134.0,122.0,127.0,132.5,12.4632793972266,5,2,20,0.49999999999999994,-0.8660254037844387,0,0.0
SKU005,2025-05-25,137,118.0,122.0,117.0,141.0,118.0,124.0,129.75,11.63328557774342,5,2,21,0.49999999999999994,-0.8660254037844387,0,0.0
SKU005,2025-06-01,130,124.0,137.0,122.0,116.0,124.0,123.0,130.125,9.695359714832643,6,2,22,1.2246467991473532e-16,-1.0,1,0.0
SKU005,2025-06-08,140,157.0,130.0,137.0,117.0,157.0,126.5,128.625,8.812869377601508,6,2,23,1.2246467991473532e-16,-1.0,1,1.0
SKU005,2025-06-15,133,138.0,140.0,130.0,122.0,138.0,132.25,129.625,8.015609770940685,6,2,24,1.2246467991473532e-16,-1.0,1,1.0
SKU005,2025-06-22,116,149.0,133.0,140.0,137.0,149.0,135.0,129.5,4.396968652757617,6,2,25,1.2246467991473532e-16,-1.0,1,1.0
SKU005,2025-06-29,134,145.0,116.0,133.0,130.0,145.0,129.75,126.375,10.078855755160562,6,2,26,1.2246467991473532e-16,-1.0,1,1.0
SKU005,2025-07-06,99,105.0,134.0,116.0,140.0,105.0,130.75,128.625,10.307764064044145,7,3,27,-0.4999999999999997,-0.8660254037844388,0,1.0
SKU005,2025-07-13,104,114.0,99.0,134.0,133.0,114.0,120.5,126.375,16.542873591570075,7,3,28,-0.4999999999999997,-0.8660254037844388,0,0.0
SKU005,2025-07-20,106,109.0,104.0,99.0,116.0,109.0,113.25,124.125,15.564382416273377,7,3,29,-0.4999999999999997,-0.8660254037844388,0,0.0
SKU005,2025-07-27,124,114.0,106.0,104.0,134.0,114.0,110.75,120.25,15.77709309938515,7,3,30,-0.4999999999999997,-0.8660254037844388,0,0.0
SKU005,2025-08-03,115,108.0,124.0,106.0,99.0,108.0,108.25,119.5,10.904891868637053,8,3,31,-0.8660254037844385,-0.5000000000000004,0,0.0
SKU005,2025-08-10,96,95.0,115.0,124.0,104.0,95.0,112.25,116.375,9.178779875342903,8,3,32,-0.8660254037844385,-0.5000000000000004,0,0.0
SKU005,2025-08-17,114,103.0,96.0,115.0,106.0,103.0,110.25,111.75,12.010412149464308,8,3,33,-0.8660254037844385,-0.5000000000000004,0,0.0
SKU005,2025-08-24,95,113.0,114.0,96.0,124.0,113.0,112.25,111.5,11.729592206608599,8,3,34,-0.8660254037844385,-0.5000000000000004,0,0.0
SKU005,2025-08-31,96,122.0,95.0,114.0,115.0,122.0,105.0,106.625,10.984838035522712,8,3,35,-0.8660254037844385,-0.5000000000000004,0,0.0
SKU005,2025-09-07,95,113.0,96.0,95.0,96.0,113.0,100.25,106.25,9.1787798753429,9,3,36,-1.0,-1.8369701987210297e-16,1,0.0
SKU005,2025-09-14,96,104.0,95.0,96.0,114.0,104.0,100.0,105.125,9.345230512584115,9,3,37,-1.0,-1.8369701987210297e-16,1,1.0
SKU005,2025-09-21,89,95.0,96.0,95.0,95.0,95.0,95.5,103.875,0.5773502691894679,9,3,38,-1.0,-1.8369701987210297e-16,1,1.0
SKU005,2025-09-28,108,108.0,89.0,96.0,96.0,108.0,94.0,99.5,3.3665016461206667,9,3,39,-1.0,-1.8369701987210297e-16,1,1.0
SKU005,2025-10-05,97,86.0,108.0,89.0,95.0,86.0,97.0,98.625,7.958224257542204,10,4,40,-0.8660254037844386,0.5000000000000001,0,1.0
SKU005,2025-10-12,107,96.0,97.0,108.0,96.0,96.0,97.5,98.75,7.8528126595931536,10,4,41,-0.8660254037844386,0.5000000000000001,0,0.0
SKU005,2025-10-19,105,92.0,107.0,97.0,89.0,92.0,100.25,97.875,8.99536917900908,10,4,42,-0.8660254037844386,0.5000000000000001,0,0.0
SKU005,2025-10-26,98,85.0,105.0,107.0,108.0,85.0,104.25,99.125,4.991659710623962,10,4,43,-0.8660254037844386,0.5000000000000001,0,0.0
SKU005,2025-11-02,104,109.0,98.0,105.0,97.0,109.0,101.75,99.375,4.991659710623962,11,4,44,-0.5000000000000004,0.8660254037844384,1,0.0
SKU005,2025-11-09,114,109.0,104.0,98.0,107.0,109.0,103.5,100.5,3.8729833462073957,11,4,45,-0.5000000000000004,0.8660254037844384,1,1.0
SKU005,2025-11-16,102,123.0,114.0,104.0,105.0,123.0,105.25,102.75,6.601767440112774,11,4,46,-0.5000000000000004,0.8660254037844384,1,1.0
SKU005,2025-11-23,115,104.0,102.0,114.0,98.0,104.0,104.5,104.375,6.806859285554034,11,4,47,-0.5000000000000004,0.8660254037844384,1,1.0
SKU005,2025-11-30,100,79.0,115.0,102.0,104.0,79.0,108.75,105.25,6.7019897542943525,11,4,48,-0.5000000000000004,0.8660254037844384,1,1.0
SKU005,2025-12-07,96,95.0,100.0,115.0,114.0,95.0,107.75,105.625,7.847504911329024,12,4,49,-2.4492935982947064e-16,1.0,0,1.0
SKU005,2025-12-14,103,107.0,96.0,100.0,102.0,107.0,103.25,104.25,8.220908303425672,12,4,50,-2.4492935982947064e-16,1.0,0,0.0
SKU005,2025-12-21,100,110.0,103.0,96.0,115.0,110.0,103.5,104.0,8.18535277187244,12,4,51,-2.4492935982947064e-16,1.0,0,0.0
SKU005,2025-12-28,108,106.0,100.0,103.0,100.0,106.0,99.75,104.25,2.872281323268987,12,4,52,-2.4492935982947064e-16,1.0,0,0.0
SKU006,2024-01-07,38,,,,,,,,,1,1,1,0.49999999999999994,0.8660254037844387,0,
SKU006,2024-01-14,34,,38.0,,,,,,,1,1,2,0.49999999999999994,0.8660254037844387,0,0.0
SKU006,2024-01-21,43,,34.0,38.0,,,,,,1,1,3,0.49999999999999994,0.8660254037844387,0,0.0
SKU006,2024-01-28,39,,43.0,34.0,,,,,,1,1,4,0.49999999999999994,0.8660254037844387,0,0.0
SKU006,2024-02-04,49,,39.0,43.0,38.0,,38.5,,3.6968455021364717,2,1,5,0.8660254037844386,0.5000000000000001,0,0.0
SKU006,2024-02-11,50,,49.0,39.0,34.0,,41.25,,6.344288770224761,2,1,6,0.8660254037844386,0.5000000000000001,0,0.0
SKU006,2024-02-18,52,,50.0,49.0,43.0,,45.25,,5.188127472091129,2,1,7,0.8660254037844386,0.5000000000000001,0,0.0
SKU006,2024-02-25,50,,52.0,50.0,39.0,,47.5,,5.802298395176405,2,1,8,0.8660254037844386,0.5000000000000001,0,0.0
SKU006,2024-03-03,56,,50.0,52.0,49.0,,50.25,44.375,1.2583057392117942,3,1,9,1.0,6.123233995736766e-17,1,0.0
SKU006,2024-03-10,76,,56.0,50.0,50.0,,52.0,46.625,2.828427124746192,3,1,10,1.0,6.123233995736766e-17,1,1.0
SKU006,2024-03-17,50,,76.0,56.0,52.0,,58.5,51.875,11.930353445448855,3,1,11,1.0,6.123233995736766e-17,1,1.0
SKU006,2024-03-24,55,,50.0,76.0,50.0,,58.0,52.75,12.328828005937954,3,1,12,1.0,6.123233995736766e-17,1,1.0
SKU006,2024-03-31,53,,55.0,50.0,56.0,,59.25,54.75,11.470977871713176,3,1,13,1.0,6.123233995736766e-17,1,1.0
SKU006,2024-04-07,68,,53.0,55.0,76.0,,58.5,55.25,11.846237095944575,4,2,14,0.8660254037844387,-0.4999999999999998,0,1.0
SKU006,2024-04-14,61,,68.0,53.0,50.0,,56.5,57.5,7.937253933193774,4,2,15,0.8660254037844387,-0.4999999999999998,0,0.0
SKU006,2024-04-21,54,,61.0,68.0,55.0,,59.25,58.625,6.7515430335097015,4,2,16,0.8660254037844387,-0.4999999999999998,0,0.0
SKU006,2024-04-28,44,,54.0,61.0,53.0,,59.0,59.125,6.976149845485454,4,2,17,0.8660254037844387,-0.4999999999999998,0,0.0
SKU006,2024-05-05,54,,44.0,54.0,68.0,,56.75,57.625,10.242883708539637,5,2,18,0.49999999999999994,-0.8660254037844387,0,0.0
SKU006,2024-05-12,45,,54.0,44.0,61.0,,53.25,54.875,6.994045086119098,5,2,19,0.49999999999999994,-0.8660254037844387,0,0.0
SKU006,2024-05-19,52,,45.0,54.0,54.0,,49.25,54.25,5.500000000000003,5,2,20,0.49999999999999994,-0.8660254037844387,0,0.0
SKU006,2024-05-26,58,,52.0,45.0,44.0,,48.75,53.875,4.991659710623982,5,2,21,0.49999999999999994,-0.8660254037844387,0,0.0
SKU006,2024-06-02,46,,58.0,52.0,54.0,,52.25,54.5,5.439056290693575,6,2,22,1.2246467991473532e-16,-1.0,1,0.0
SKU006,2024-06-09,33,,46.0,58.0,45.0,,50.25,51.75,6.020797289396148,6,2,23,1.2246467991473532e-16,-1.0,1,1.0
SKU006,2024-06-16,41,,33.0,46.0,52.0,,47.25,48.25,10.688779163215974,6,2,24,1.2246467991473532e-16,-1.0,1,1.0
SKU006,2024-06-23,42,,41.0,33.0,58.0,,44.5,46.625,10.472185381603337,6,2,25,1.2246467991473532e-16,-1.0,1,1.0
SKU006,2024-06-30,59,,42.0,41.0,46.0,,40.5,46.375,5.446711546122729,6,2,26,1.2246467991473532e-16,-1.0,1,1.0
SKU006,2024-07-07,54,,59.0,42.0,33.0,,43.75,47.0,10.935416468216166,7,3,27,-0.4999999999999997,-0.8660254037844388,0,1.0
SKU006,2024-07-14,42,,54.0,59.0,41.0,,49.0,48.125,8.906926143924924,7,3,28,-0.4999999999999997,-0.8660254037844388,0,0.0
SKU006,2024-07-21,47,,42.0,54.0,42.0,,49.25,46.875,8.616843969807043,7,3,29,-0.4999999999999997,-0.8660254037844388,0,0.0
SKU006,2024-07-28,48,,47.0,42.0,59.0,,50.5,45.5,7.505553499465134,7,3,30,-0.4999999999999997,-0.8660254037844388,0,0.0
SKU006,2024-08-04,45,,48.0,47.0,54.0,,47.75,45.75,4.924428900898049,8,3,31,-0.8660254037844385,-0.5000000000000004,0,0.0
SKU006,2024-08-11,25,,45.0,48.0,42.0,,45.5,47.25,2.645751311064584,8,3,32,-0.8660254037844385,-0.5000000000000004,0,0.0
SKU006,2024-08-18,39,,25.0,45.0,47.0,,41.25,45.25,10.904891868637058,8,3,33,-0.8660254037844385,-0.5000000000000004,0,0.0
SKU006,2024-08-25,34,,39.0,25.0,48.0,,39.25,44.875,10.210288928331066,8,3,34,-0.8660254037844385,-0.5000000000000004,0,0.0
SKU006,2024-09-01,55,,34.0,39.0,45.0,,35.75,41.75,8.460693430998035,9,3,35,-1.0,-1.8369701987210297e-16,1,0.0
SKU006,2024-09-08,33,,55.0,34.0,25.0,,38.25,41.875,12.579745625409123,9,3,36,-1.0,-1.8369701987210297e-16,1,1.0
SKU006,2024-09-15,38,,33.0,55.0,39.0,,40.25,40.75,10.177589760514683,9,3,37,-1.0,-1.8369701987210297e-16,1,1.0
SKU006,2024-09-22,42,,38.0,33.0,34.0,,40.0,39.625,10.23067283548187,9,3,38,-1.0,-1.8369701987210297e-16,1,1.0
SKU006,2024-09-29,40,,42.0,38.0,55.0,,42.0,38.875,9.416297927883688,9,3,39,-1.0,-1.8369701987210297e-16,1,1.0
SKU006,2024-10-06,47,,40.0,42.0,33.0,,38.25,38.25,3.8622100754188184,10,4,40,-0.8660254037844386,0.5000000000000001,0,1.0
SKU006,2024-10-13,38,,47.0,40.0,38.0,,41.75,41.0,3.8622100754188184,10,4,41,-0.8660254037844386,0.5000000000000001,0,0.0
SKU006,2024-10-20,37,,38.0,47.0,42.0,,41.75,40.875,3.8622100754188184,10,4,42,-0.8660254037844386,0.5000000000000001,0,0.0
SKU006,2024-10-27,29,,37.0,38.0,40.0,,40.5,41.25,4.509249752822891,10,4,43,-0.8660254037844386,0.5000000000000001,0,0.0
SKU006,2024-11-03,40,,29.0,37.0,47.0,,37.75,38.0,7.3654599313281155,11,4,44,-0.5000000000000004,0.8660254037844384,1,0.0
SKU006,2024-11-10,40,,40.0,29.0,38.0,,36.0,38.875,4.830458915396475,11,4,45,-0.5000000000000004,0.8660254037844384,1,1.0
SKU006,2024-11-17,28,,40.0,40.0,37.0,,36.5,39.125,5.196152422706628,11,4,46,-0.5000000000000004,0.8660254037844384,1,1.0
SKU006,2024-11-24,41,,28.0,40.0,29.0,,34.25,37.375,6.6520673478250325,11,4,47,-0.5000000000000004,0.8660254037844384,1,1.0
SKU006,2024-12-01,44,,41.0,28.0,40.0,,37.25,37.5,6.184658438426488,12,4,48,-2.4492935982947064e-16,1.0,1,1.0
SKU006,2024-12-08,44,,44.0,41.0,40.0,,38.25,37.125,7.041543391425867,12,4,49,-2.4492935982947064e-16,1.0,0,1.0
SKU006,2024-12-15,34,,44.0,44.0,28.0,,39.25,37.875,7.632168761236872,12,4,50,-2.4492935982947064e-16,1.0,0,0.0
SKU006,2024-12-22,44,,34.0,44.0,41.0,,40.75,37.5,4.716990566028298,12,4,51,-2.4492935982947064e-16,1.0,0,0.0
SKU006,2024-12-29,48,,44.0,34.0,44.0,,41.5,39.375,4.9999999999999964,12,4,52,-2.4492935982947064e-16,1.0,0,0.0
SKU006,2025-01-05,45,38.0,48.0,44.0,44.0,38.0,42.5,40.375,5.972157622389637,1,1,1,0.49999999999999994,0.8660254037844387,0,0.0
SKU006,2025-01-12,50,34.0,45.0,48.0,34.0,34.0,42.75,41.0,6.075908711186059,1,1,2,0.49999999999999994,0.8660254037844387,0,0.0
SKU006,2025-01-19,46,43.0,50.0,45.0,44.0,43.0,46.75,43.75,2.7537852736430466,1,1,3,0.49999999999999994,0.8660254037844387,0,0.0
SKU006,2025-01-26,51,39.0,46.0,50.0,48.0,39.0,47.25,44.375,2.21735578260834,1,1,4,0.49999999999999994,0.8660254037844387,0,0.0
SKU006,2025-02-02,47,49.0,51.0,46.0,45.0,49.0,48.0,45.25,2.9439202887759452,2,1,5,0.8660254037844386,0.5000000000000001,0,0.0
SKU006,2025-02-09,46,50.0,47.0,51.0,50.0,50.0,48.5,45.625,2.3804761428476118,2,1,6,0.8660254037844386,0.5000000000000001,0,0.0
SKU006,2025-02-16,45,52.0,46.0,47.0,46.0,52.0,47.5,47.125,2.3804761428476118,2,1,7,0.8660254037844386,0.5000000000000001,0,0.0
SKU006,2025-02-23,51,50.0,45.0,46.0,51.0,50.0,47.25,47.25,2.629955639676579,2,1,8,0.8660254037844386,0.5000000000000001,0,0.0
SKU006,2025-03-02,57,56.0,51.0,45.0,47.0,56.0,47.25,47.625,2.629955639676579,3,1,9,1.0,6.123233995736766e-17,1,0.0
SKU006,2025-03-09,58,76.0,57.0,51.0,46.0,76.0,49.75,49.125,5.499999999999997,3,1,10,1.0,6.123233995736766e-17,1,1.0
SKU006,2025-03-16,66,50.0,58.0,57.0,45.0,50.0,52.75,50.125,6.020797289396145,3,1,11,1.0,6.123233995736766e-17,1,1.0
SKU006,2025-03-23,42,55.0,66.0,58.0,51.0,55.0,58.0,52.625,6.164414002968973,3,1,12,1.0,6.123233995736766e-17,1,1.0
SKU006,2025-03-30,55,53.0,42.0,66.0,57.0,53.0,55.75,51.5,10.01249219725039,3,1,13,1.0,6.123233995736766e-17,1,1.0
SKU006,2025-04-06,56,68.0,55.0,42.0,58.0,68.0,55.25,52.5,9.979144919948467,4,2,14,0.8660254037844387,-0.4999999999999998,0,1.0
SKU006,2025-04-13,53,61.0,56.0,55.0,66.0,61.0,54.75,53.75,9.844626283748237,4,2,15,0.8660254037844387,-0.4999999999999998,0,0.0
SKU006,2025-04-20,46,54.0,53.0,56.0,42.0,54.0,51.5,54.75,6.454972243679025,4,2,16,0.8660254037844387,-0.4999999999999998,0,0.0
SKU006,2025-04-27,67,44.0,46.0,53.0,55.0,44.0,52.5,54.125,4.50924975282289,4,2,17,0.8660254037844387,-0.4999999999999998,0,0.0
SKU006,2025-05-04,44,54.0,67.0,46.0,56.0,54.0,55.5,55.375,8.736894948054102,5,2,18,0.49999999999999994,-0.8660254037844387,0,0.0
SKU006,2025-05-11,66,45.0,44.0,67.0,53.0,45.0,52.5,53.625,10.408329997330663,5,2,19,0.49999999999999994,-0.8660254037844387,0,0.0
SKU006,2025-05-18,55,52.0,66.0,44.0,46.0,52.0,55.75,53.625,12.446552400832395,5,2,20,0.49999999999999994,-0.8660254037844387,0,0.0
SKU006,2025-05-25,51,58.0,55.0,66.0,67.0,58.0,58.0,55.25,10.801234497346433,5,2,21,0.49999999999999994,-0.8660254037844387,0,0.0
SKU006,2025-06-01,50,46.0,51.0,55.0,44.0,46.0,54.0,54.75,9.201449161228172,6,2,22,1.2246467991473532e-16,-1.0,1,0.0
SKU006,2025-06-08,57,33.0,50.0,51.0,66.0,33.0,55.5,54.0,7.325753658611968,6,2,23,1.2246467991473532e-16,-1.0,1,1.0
SKU006,2025-06-15,64,41.0,57.0,50.0,55.0,41.0,53.25,54.5,3.3040379335998304,6,2,24,1.2246467991473532e-16,-1.0,1,1.0
SKU006,2025-06-22,42,42.0,64.0,57.0,51.0,42.0,55.5,56.75,6.454972243679027,6,2,25,1.2246467991473532e-16,-1.0,1,1.0
SKU006,2025-06-29,54,59.0,42.0,64.0,50.0,59.0,53.25,53.625,9.42956343987709,6,2,26,1.2246467991473532e-16,-1.0,1,1.0
SKU006,2025-07-06,41,54.0,54.0,42.0,57.0,54.0,54.25,54.875,9.17877987534291,7,3,27,-0.4999999999999997,-0.8660254037844388,0,1.0
SKU006,2025-07-13,31,42.0,41.0,54.0,64.0,42.0,50.25,51.75,10.90489186863706,7,3,28,-0.4999999999999997,-0.8660254037844388,0,0.0
SKU006,2025-07-20,45,47.0,31.0,41.0,42.0,47.0,42.0,48.75,9.416297927883688,7,3,29,-0.4999999999999997,-0.8660254037844388,0,0.0
SKU006,2025-07-27,43,48.0,45.0,31.0,54.0,48.0,42.75,48.0,9.535023160258534,7,3,30,-0.4999999999999997,-0.8660254037844388,0,0.0
SKU006,2025-08-03,49,45.0,43.0,45.0,41.0,45.0,40.0,47.125,6.218252702059209,8,3,31,-0.8660254037844385,-0.5000000000000004,0,0.0
SKU006,2025-08-10,46,25.0,49.0,43.0,31.0,25.0,42.0,46.125,7.745966692414832,8,3,32,-0.8660254037844385,-0.5000000000000004,0,0.0
SKU006,2025-08-17,38,39.0,46.0,49.0,45.0,39.0,45.75,43.875,2.499999999999998,8,3,33,-0.8660254037844385,-0.5000000000000004,0,0.0
SKU006,2025-08-24,42,34.0,38.0,46.0,43.0,34.0,44.0,43.375,4.690415759823429,8,3,34,-0.8660254037844385,-0.5000000000000004,0,0.0
SKU006,2025-08-31,36,55.0,42.0,38.0,49.0,55.0,43.75,41.875,4.78713553878169,8,3,35,-0.8660254037844385,-0.5000000000000004,0,0.0
SKU006,2025-09-07,43,33.0,36.0,42.0,46.0,33.0,40.5,41.25,4.4347115652166895,9,3,36,-1.0,-1.8369701987210297e-16,1,0.0
SKU006,2025-09-14,40,38.0,43.0,36.0,38.0,38.0,39.75,42.75,3.3040379335998336,9,3,37,-1.0,-1.8369701987210297e-16,1,1.0
SKU006,2025-09-21,45,42.0,40.0,43.0,42.0,42.0,40.25,42.125,3.09569593683445,9,3,38,-1.0,-1.8369701987210297e-16,1,1.0
SKU006,2025-09-28,48,40.0,45.0,40.0,36.0,40.0,41.0,42.375,3.9157800414902426,9,3,39,-1.0,-1.8369701987210297e-16,1,1.0
SKU006,2025-10-05,43,47.0,48.0,45.0,43.0,47.0,44.0,42.25,3.366501646120693,10,4,40,-0.8660254037844386,0.5000000000000001,0,1.0
SKU006,2025-10-12,38,38.0,43.0,48.0,40.0,38.0,44.0,41.875,3.366501646120693,10,4,41,-0.8660254037844386,0.5000000000000001,0,0.0
SKU006,2025-10-19,29,37.0,38.0,43.0,45.0,37.0,43.5,41.875,4.203173404306164,10,4,42,-0.8660254037844386,0.5000000000000001,0,0.0
SKU006,2025-10-26,34,29.0,29.0,38.0,48.0,29.0,39.5,40.25,8.103497187428813,10,4,43,-0.8660254037844386,0.5000000000000001,0,0.0
SKU006,2025-11-02,36,40.0,34.0,29.0,43.0,40.0,36.0,40.0,5.944184833375668,11,4,44,-0.5000000000000004,0.8660254037844384,1,0.0
SKU006,2025-11-09,39,40.0,36.0,34.0,38.0,40.0,34.25,39.125,3.862210075418821,11,4,45,-0.5000000000000004,0.8660254037844384,1,1.0
SKU006,2025-11-16,31,28.0,39.0,36.0,29.0,28.0,34.5,39.0,4.203173404306162,11,4,46,-0.5000000000000004,0.8660254037844384,1,1.0
SKU006,2025-11-23,45,41.0,31.0,39.0,34.0,41.0,35.0,37.25,3.3665016461206907,11,4,47,-0.5000000000000004,0.8660254037844384,1,1.0
SKU006,2025-11-30,40,44.0,45.0,31.0,36.0,44.0,37.75,36.875,5.852349955359811,11,4,48,-0.5000000000000004,0.8660254037844384,1,1.0
SKU006,2025-12-07,37,44.0,40.0,45.0,39.0,44.0,38.75,36.5,5.795112883571234,12,4,49,-2.4492935982947064e-16,1.0,0,1.0
SKU006,2025-12-14,41,34.0,37.0,40.0,31.0,34.0,38.25,36.375,5.852349955359811,12,4,50,-2.4492935982947064e-16,1.0,0,0.0
SKU006,2025-12-21,41,44.0,41.0,37.0,45.0,44.0,40.75,37.875,3.304037933599832,12,4,51,-2.4492935982947064e-16,1.0,0,0.0
SKU006,2025-12-28,43,48.0,41.0,41.0,40.0,48.0,39.75,38.75,1.8929694486000876,12,4,52,-2.4492935982947064e-16,1.0,0,0.0
SKU007,2024-01-07,172,,,,,,,,,1,1,1,0.49999999999999994,0.8660254037844387,0,
SKU007,2024-01-14,178,,172.0,,,,,,,1,1,2,0.49999999999999994,0.8660254037844387,0,0.0
SKU007,2024-01-21,189,,178.0,172.0,,,,,,1,1,3,0.49999999999999994,0.8660254037844387,0,0.0
SKU007,2024-01-28,176,,189.0,178.0,,,,,,1,1,4,0.49999999999999994,0.8660254037844387,0,0.0
SKU007,2024-02-04,171,,176.0,189.0,172.0,,178.75,,7.274384280931734,2,1,5,0.8660254037844386,0.5000000000000001,0,0.0
SKU007,2024-02-11,163,,171.0,176.0,178.0,,178.5,,7.593857166596347,2,1,6,0.8660254037844386,0.5000000000000001,0,0.0
SKU007,2024-02-18,195,,163.0,171.0,189.0,,174.75,,10.90489186863706,2,1,7,0.8660254037844386,0.5000000000000001,0,0.0
SKU007,2024-02-25,173,,195.0,163.0,176.0,,176.25,,13.59840676942217,2,1,8,0.8660254037844386,0.5000000000000001,0,0.0
SKU007,2024-03-03,201,,173.0,195.0,171.0,,175.5,177.125,13.69914839202301,3,1,9,1.0,6.123233995736766e-17,1,0.0
SKU007,2024-03-10,195,,201.0,173.0,163.0,,183.0,180.75,17.962924780409974,3,1,10,1.0,6.123233995736766e-17,1,1.0
SKU007,2024-03-17,212,,195.0,201.0,195.0,,191.0,182.875,12.328828005937956,3,1,11,1.0,6.123233995736766e-17,1,1.0
SKU007,2024-03-24,223,,212.0,195.0,173.0,,195.25,185.75,16.41899306697379,3,1,12,1.0,6.123233995736766e-17,1,1.0
SKU007,2024-03-31,192,,223.0,212.0,201.0,,207.75,191.625,12.365947867699704,3,1,13,1.0,6.123233995736766e-17,1,1.0
SKU007,2024-04-07,199,,192.0,223.0,195.0,,205.5,194.25,14.617341299520474,4,2,14,0.8660254037844387,-0.4999999999999998,0,1.0
SKU007,2024-04-14,222,,199.0,192.0,212.0,,206.5,198.75,13.771952173409073,4,2,15,0.8660254037844387,-0.4999999999999998,0,0.0
SKU007,2024-04-21,199,,222.0,199.0,223.0,,209.0,202.125,15.853495934125496,4,2,16,0.8660254037844387,-0.4999999999999998,0,0.0
SKU007,2024-04-28,198,,199.0,222.0,192.0,,203.0,205.375,13.089435944047919,4,2,17,0.8660254037844387,-0.4999999999999998,0,0.0
SKU007,2024-05-05,188,,198.0,199.0,199.0,,204.5,205.0,11.676186592091343,5,2,18,0.49999999999999994,-0.8660254037844387,0,0.0
SKU007,2024-05-12,174,,188.0,198.0,222.0,,201.75,204.125,14.384598244882163,5,2,19,0.49999999999999994,-0.8660254037844387,0,0.0
SKU007,2024-05-19,184,,174.0,188.0,199.0,,189.75,199.375,11.615363389350632,5,2,20,0.49999999999999994,-0.8660254037844387,0,0.0
SKU007,2024-05-26,209,,184.0,174.0,198.0,,186.0,194.5,9.933109617167576,5,2,21,0.49999999999999994,-0.8660254037844387,0,0.0
SKU007,2024-06-02,242,,209.0,184.0,188.0,,188.75,196.625,14.72809107341026,6,2,22,1.2246467991473532e-16,-1.0,1,0.0
SKU007,2024-06-09,196,,242.0,209.0,174.0,,202.25,202.0,30.31363829477859,6,2,23,1.2246467991473532e-16,-1.0,1,1.0
SKU007,2024-06-16,203,,196.0,242.0,184.0,,207.75,198.75,25.011663945714083,6,2,24,1.2246467991473532e-16,-1.0,1,1.0
SKU007,2024-06-23,219,,203.0,196.0,209.0,,212.5,199.25,20.37154878746337,6,2,25,1.2246467991473532e-16,-1.0,1,1.0
SKU007,2024-06-30,204,,219.0,203.0,242.0,,215.0,201.875,20.412414523193164,6,2,26,1.2246467991473532e-16,-1.0,1,1.0
SKU007,2024-07-07,187,,204.0,219.0,196.0,,205.5,203.875,9.678154093972008,7,3,27,-0.4999999999999997,-0.8660254037844388,0,1.0
SKU007,2024-07-14,179,,187.0,204.0,203.0,,203.25,205.5,13.073510112692272,7,3,28,-0.4999999999999997,-0.8660254037844388,0,0.0
SKU007,2024-07-21,180,,179.0,187.0,219.0,,197.25,204.875,17.858238061652866,7,3,29,-0.4999999999999997,-0.8660254037844388,0,0.0
SKU007,2024-07-28,172,,180.0,179.0,204.0,,187.5,201.25,11.561430130683105,7,3,30,-0.4999999999999997,-0.8660254037844388,0,0.0
SKU007,2024-08-04,160,,172.0,180.0,187.0,,179.5,192.5,6.137317546507363,8,3,31,-0.8660254037844385,-0.5000000000000004,0,0.0
SKU007,2024-08-11,141,,160.0,172.0,179.0,,172.75,188.0,9.215023964519418,8,3,32,-0.8660254037844385,-0.5000000000000004,0,0.0
SKU007,2024-08-18,164,,141.0,160.0,180.0,,163.25,180.25,16.958282145704906,8,3,33,-0.8660254037844385,-0.5000000000000004,0,0.0
SKU007,2024-08-25,160,,164.0,141.0,172.0,,159.25,173.375,13.149778198382931,8,3,34,-0.8660254037844385,-0.5000000000000004,0,0.0
SKU007,2024-09-01,151,,160.0,164.0,160.0,,156.25,167.875,10.340051579497418,9,3,35,-1.0,-1.8369701987210297e-16,1,0.0
SKU007,2024-09-08,157,,151.0,160.0,141.0,,154.0,163.375,10.23067283548189,9,3,36,-1.0,-1.8369701987210297e-16,1,1.0
SKU007,2024-09-15,174,,157.0,151.0,164.0,,158.0,160.625,5.477225575051692,9,3,37,-1.0,-1.8369701987210297e-16,1,1.0
SKU007,2024-09-22,151,,174.0,157.0,160.0,,160.5,159.875,9.74679434480898,9,3,38,-1.0,-1.8369701987210297e-16,1,1.0
SKU007,2024-09-29,170,,151.0,174.0,151.0,,158.25,157.25,10.874281585465788,9,3,39,-1.0,-1.8369701987210297e-16,1,1.0
SKU007,2024-10-06,130,,170.0,151.0,157.0,,163.0,158.5,10.801234497346451,10,4,40,-0.8660254037844386,0.5000000000000001,0,1.0
SKU007,2024-10-13,123,,130.0,170.0,174.0,,156.25,157.125,20.1721755561136,10,4,41,-0.8660254037844386,0.5000000000000001,0,0.0
SKU007,2024-10-20,128,,123.0,130.0,151.0,,143.5,152.0,21.299452262127943,10,4,42,-0.8660254037844386,0.5000000000000001,0,0.0
SKU007,2024-10-27,124,,128.0,123.0,170.0,,137.75,148.0,21.700614430625397,10,4,43,-0.8660254037844386,0.5000000000000001,0,0.0
SKU007,2024-11-03,152,,124.0,128.0,130.0,,126.25,144.625,3.3040379335999037,11,4,44,-0.5000000000000004,0.8660254037844384,1,0.0
SKU007,2024-11-10,172,,152.0,124.0,123.0,,131.75,144.0,13.671747023210571,11,4,45,-0.5000000000000004,0.8660254037844384,1,1.0
SKU007,2024-11-17,159,,172.0,152.0,128.0,,144.0,143.75,22.390474164995567,11,4,46,-0.5000000000000004,0.8660254037844384,1,1.0
SKU007,2024-11-24,167,,159.0,172.0,124.0,,151.75,144.75,20.271079563424024,11,4,47,-0.5000000000000004,0.8660254037844384,1,1.0
SKU007,2024-12-01,132,,167.0,159.0,152.0,,162.5,144.375,8.81286937760155,12,4,48,-2.4492935982947064e-16,1.0,1,1.0
SKU007,2024-12-08,148,,132.0,167.0,172.0,,157.5,144.625,17.823205847059814,12,4,49,-2.4492935982947064e-16,1.0,0,1.0
SKU007,2024-12-15,137,,148.0,132.0,159.0,,151.5,147.75,15.15475722889242,12,4,50,-2.4492935982947064e-16,1.0,0,0.0
SKU007,2024-12-22,167,,137.0,148.0,167.0,,146.0,148.875,15.513435037626808,12,4,51,-2.4492935982947064e-16,1.0,0,0.0
SKU007,2024-12-29,147,,167.0,137.0,132.0,,146.0,154.25,15.513435037626808,12,4,52,-2.4492935982947064e-16,1.0,0,0.0
SKU007,2025-01-05,175,172.0,147.0,167.0,148.0,172.0,149.75,153.625,12.526638282742384,1,1,1,0.49999999999999994,0.8660254037844387,0,0.0
SKU007,2025-01-12,171,178.0,175.0,147.0,137.0,178.0,156.5,154.0,17.5404294892305,1,1,2,0.49999999999999994,0.8660254037844387,0,0.0
SKU007,2025-01-19,156,189.0,171.0,175.0,167.0,189.0,165.0,155.5,12.436505404118433,1,1,3,0.49999999999999994,0.8660254037844387,0,0.0
SKU007,2025-01-26,179,176.0,156.0,171.0,147.0,176.0,162.25,154.125,13.047988350699903,1,1,4,0.49999999999999994,0.8660254037844387,0,0.0
SKU007,2025-02-02,178,171.0,179.0,156.0,175.0,171.0,170.25,160.0,10.045728777279773,2,1,5,0.8660254037844386,0.5000000000000001,0,0.0
SKU007,2025-02-09,179,163.0,178.0,179.0,171.0,163.0,171.0,163.75,10.614455552060452,2,1,6,0.8660254037844386,0.5000000000000001,0,0.0
SKU007,2025-02-16,171,195.0,179.0,178.0,156.0,195.0,173.0,169.0,11.343133018115717,2,1,7,0.8660254037844386,0.5000000000000001,0,0.0
SKU007,2025-02-23,171,173.0,171.0,179.0,179.0,173.0,176.75,169.5,3.8622100754188673,2,1,8,0.8660254037844386,0.5000000000000001,0,0.0
SKU007,2025-03-02,189,201.0,171.0,171.0,178.0,201.0,174.75,172.5,4.349329450233336,3,1,9,1.0,6.123233995736766e-17,1,0.0
SKU007,2025-03-09,217,195.0,189.0,171.0,179.0,195.0,177.5,174.25,8.544003745317553,3,1,10,1.0,6.123233995736766e-17,1,1.0
SKU007,2025-03-16,191,212.0,217.0,189.0,171.0,212.0,187.0,180.0,21.72556098240044,3,1,11,1.0,6.123233995736766e-17,1,1.0
SKU007,2025-03-23,194,223.0,191.0,217.0,171.0,223.0,192.0,184.375,18.93849694845573,3,1,12,1.0,6.123233995736766e-17,1,1.0
SKU007,2025-03-30,208,192.0,194.0,191.0,189.0,192.0,197.75,186.25,12.996794476587947,3,1,13,1.0,6.123233995736766e-17,1,1.0
SKU007,2025-04-06,201,199.0,208.0,194.0,217.0,199.0,202.5,190.0,12.179217270963422,4,2,14,0.8660254037844387,-0.4999999999999998,0,1.0
SKU007,2025-04-13,194,222.0,201.0,208.0,191.0,222.0,198.5,192.75,7.593857166596365,4,2,15,0.8660254037844387,-0.4999999999999998,0,0.0
SKU007,2025-04-20,200,199.0,194.0,201.0,194.0,199.0,199.25,195.625,6.70198975429439,4,2,16,0.8660254037844387,-0.4999999999999998,0,0.0
SKU007,2025-04-27,201,198.0,200.0,194.0,208.0,198.0,200.75,199.25,5.737304826019528,4,2,17,0.8660254037844387,-0.4999999999999998,0,0.0
SKU007,2025-05-04,199,188.0,201.0,200.0,201.0,188.0,199.0,200.75,3.3665016461207404,5,2,18,0.49999999999999994,-0.8660254037844387,0,0.0
SKU007,2025-05-11,168,174.0,199.0,201.0,194.0,174.0,198.5,198.5,3.1091263510296576,5,2,19,0.49999999999999994,-0.8660254037844387,0,0.0
SKU007,2025-05-18,180,184.0,168.0,199.0,200.0,184.0,192.0,195.625,16.020819787597233,5,2,20,0.49999999999999994,-0.8660254037844387,0,0.0
SKU007,2025-05-25,203,209.0,180.0,168.0,201.0,209.0,187.0,193.875,15.811388300841909,5,2,21,0.49999999999999994,-0.8660254037844387,0,0.0
SKU007,2025-06-01,196,242.0,203.0,180.0,199.0,242.0,187.5,193.25,16.421530582338146,6,2,22,1.2246467991473532e-16,-1.0,1,0.0
SKU007,2025-06-08,185,196.0,196.0,203.0,168.0,196.0,186.75,192.625,15.777093099385167,6,2,23,1.2246467991473532e-16,-1.0,1,1.0
SKU007,2025-06-15,174,203.0,185.0,196.0,180.0,203.0,191.0,191.5,10.424330514074612,6,2,24,1.2246467991473532e-16,-1.0,1,1.0
SKU007,2025-06-22,187,219.0,174.0,185.0,203.0,219.0,189.5,188.25,12.714820748507115,6,2,25,1.2246467991473532e-16,-1.0,1,1.0
SKU007,2025-06-29,212,204.0,187.0,174.0,196.0,204.0,185.5,186.5,9.03696114115066,6,2,26,1.2246467991473532e-16,-1.0,1,1.0
SKU007,2025-07-06,181,187.0,212.0,187.0,185.0,187.0,189.5,188.125,16.051998837112688,7,3,27,-0.4999999999999997,-0.8660254037844388,0,1.0
SKU007,2025-07-13,187,179.0,181.0,212.0,174.0,179.0,188.5,189.75,16.54287359157009,7,3,28,-0.4999999999999997,-0.8660254037844388,0,0.0
SKU007,2025-07-20,161,180.0,187.0,181.0,187.0,180.0,191.75,190.625,13.793114224133735,7,3,29,-0.4999999999999997,-0.8660254037844388,0,0.0
SKU007,2025-07-27,167,172.0,161.0,187.0,212.0,172.0,185.25,185.375,21.013884299037475,7,3,30,-0.4999999999999997,-0.8660254037844388,0,0.0
SKU007,2025-08-03,181,160.0,167.0,161.0,181.0,160.0,174.0,181.75,12.05542754668344,8,3,31,-0.8660254037844385,-0.5000000000000004,0,0.0
SKU007,2025-08-10,145,141.0,181.0,167.0,187.0,141.0,174.0,181.25,12.05542754668344,8,3,32,-0.8660254037844385,-0.5000000000000004,0,0.0
SKU007,2025-08-17,158,164.0,145.0,181.0,161.0,164.0,163.5,177.625,14.910846164230044,8,3,33,-0.8660254037844385,-0.5000000000000004,0,0.0
SKU007,2025-08-24,146,160.0,158.0,145.0,167.0,160.0,162.75,174.0,15.152007567755957,8,3,34,-0.8660254037844385,-0.5000000000000004,0,0.0
SKU007,2025-08-31,170,151.0,146.0,158.0,181.0,151.0,157.5,165.75,16.743157806499163,8,3,35,-0.8660254037844385,-0.5000000000000004,0,0.0
SKU007,2025-09-07,152,157.0,170.0,146.0,145.0,157.0,154.75,164.375,11.757976016304868,9,3,36,-1.0,-1.8369701987210297e-16,1,0.0
SKU007,2025-09-14,153,174.0,152.0,170.0,158.0,174.0,156.5,160.0,10.246950765959623,9,3,37,-1.0,-1.8369701987210297e-16,1,1.0
SKU007,2025-09-21,162,151.0,153.0,152.0,146.0,151.0,155.25,159.0,10.307764064044175,9,3,38,-1.0,-1.8369701987210297e-16,1,1.0
SKU007,2025-09-28,171,170.0,162.0,153.0,170.0,170.0,159.25,158.375,8.460693430998063,9,3,39,-1.0,-1.8369701987210297e-16,1,1.0
SKU007,2025-10-05,129,130.0,171.0,162.0,152.0,130.0,159.5,157.125,8.888194417315614,10,4,40,-0.8660254037844386,0.5000000000000001,0,1.0
SKU007,2025-10-12,149,123.0,129.0,171.0,153.0,123.0,153.75,155.125,18.062391868188456,10,4,41,-0.8660254037844386,0.5000000000000001,0,0.0
SKU007,2025-10-19,158,128.0,149.0,129.0,162.0,128.0,152.75,154.0,18.227726133558196,10,4,42,-0.8660254037844386,0.5000000000000001,0,0.0
SKU007,2025-10-26,131,124.0,158.0,149.0,171.0,124.0,151.75,155.5,17.651723239767097,10,4,43,-0.8660254037844386,0.5000000000000001,0,0.0
SKU007,2025-11-02,152,152.0,131.0,158.0,129.0,152.0,141.75,150.625,14.080127840328743,11,4,44,-0.5000000000000004,0.8660254037844384,1,0.0
SKU007,2025-11-09,142,172.0,152.0,131.0,149.0,172.0,147.5,150.625,11.618950038622273,11,4,45,-0.5000000000000004,0.8660254037844384,1,1.0
SKU007,2025-11-16,131,159.0,142.0,152.0,158.0,159.0,145.75,149.25,11.842719282327034,11,4,46,-0.5000000000000004,0.8660254037844384,1,1.0
SKU007,2025-11-23,157,167.0,131.0,142.0,131.0,167.0,139.0,145.375,10.0995049383621,11,4,47,-0.5000000000000004,0.8660254037844384,1,1.0
SKU007,2025-11-30,181,132.0,157.0,131.0,152.0,132.0,145.5,143.625,11.503622617824954,11,4,48,-0.5000000000000004,0.8660254037844384,1,1.0
SKU007,2025-12-07,145,148.0,181.0,157.0,142.0,148.0,152.75,150.125,21.639085008382413,12,4,49,-2.4492935982947064e-16,1.0,0,1.0
SKU007,2025-12-14,154,137.0,145.0,181.0,131.0,137.0,153.5,149.625,21.189620100417102,12,4,50,-2.4492935982947064e-16,1.0,0,0.0
SKU007,2025-12-21,149,167.0,154.0,145.0,157.0,167.0,159.25,149.125,15.370426148939412,12,4,51,-2.4492935982947064e-16,1.0,0,0.0
SKU007,2025-12-28,161,147.0,149.0,154.0,181.0,147.0,157.25,151.375,16.255768207008874,12,4,52,-2.4492935982947064e-16,1.0,0,0.0
SKU008,2024-01-07,119,,,,,,,,,1,1,1,0.49999999999999994,0.8660254037844387,0,
SKU008,2024-01-14,137,,119.0,,,,,,,1,1,2,0.49999999999999994,0.8660254037844387,0,0.0
SKU008,2024-01-21,118,,137.0,119.0,,,,,,1,1,3,0.49999999999999994,0.8660254037844387,0,0.0
SKU008,2024-01-28,108,,118.0,137.0,,,,,,1,1,4,0.49999999999999994,0.8660254037844387,0,0.0
SKU008,2024-02-04,114,,108.0,118.0,119.0,,120.5,,12.06924466015445,2,1,5,0.8660254037844386,0.5000000000000001,0,0.0
SKU008,2024-02-11,113,,114.0,108.0,137.0,,119.25,,12.52663828274237,2,1,6,0.8660254037844386,0.5000000000000001,0,0.0
SKU008,2024-02-18,107,,113.0,114.0,118.0,,113.25,,4.112987559751023,2,1,7,0.8660254037844386,0.5000000000000001,0,0.0
SKU008,2024-02-25,118,,107.0,113.0,108.0,,110.5,,3.5118845842842488,2,1,8,0.8660254037844386,0.5000000000000001,0,0.0
SKU008,2024-03-03,131,,118.0,107.0,114.0,,113.0,116.75,4.546060565661955,3,1,9,1.0,6.123233995736766e-17,1,0.0
SKU008,2024-03-10,132,,131.0,118.0,113.0,,117.25,118.25,10.21028892833107,3,1,10,1.0,6.123233995736766e-17,1,1.0
SKU008,2024-03-17,147,,132.0,131.0,107.0,,122.0,117.625,11.86029791643813,3,1,11,1.0,6.123233995736766e-17,1,1.0
SKU008,2024-03-24,144,,147.0,132.0,118.0,,132.0,121.25,11.86029791643813,3,1,12,1.0,6.123233995736766e-17,1,1.0
SKU008,2024-03-31,128,,144.0,147.0,131.0,,138.5,125.75,8.18535277187245,3,1,13,1.0,6.123233995736766e-17,1,1.0
SKU008,2024-04-07,128,,128.0,144.0,132.0,,137.75,127.5,9.17877987534291,4,2,14,0.8660254037844387,-0.4999999999999998,0,1.0
SKU008,2024-04-14,128,,128.0,128.0,147.0,,136.75,129.375,10.177589760514683,4,2,15,0.8660254037844387,-0.4999999999999998,0,0.0
SKU008,2024-04-21,139,,128.0,128.0,144.0,,132.0,132.0,8.000000000000002,4,2,16,0.8660254037844387,-0.4999999999999998,0,0.0
SKU008,2024-04-28,134,,139.0,128.0,128.0,,130.75,134.625,5.5,4,2,17,0.8660254037844387,-0.4999999999999998,0,0.0
SKU008,2024-05-05,139,,134.0,139.0,128.0,,132.25,135.0,5.315072906367326,5,2,18,0.49999999999999994,-0.8660254037844387,0,0.0
SKU008,2024-05-12,131,,139.0,134.0,128.0,,135.0,135.875,5.228129047119378,5,2,19,0.49999999999999994,-0.8660254037844387,0,0.0
SKU008,2024-05-19,128,,131.0,139.0,139.0,,135.75,133.875,3.9475730941090075,5,2,20,0.49999999999999994,-0.8660254037844387,0,0.0
SKU008,2024-05-26,137,,128.0,131.0,134.0,,133.0,131.875,4.69041575982343,5,2,21,0.49999999999999994,-0.8660254037844387,0,0.0
SKU008,2024-06-02,140,,137.0,128.0,139.0,,133.75,133.0,5.1234753829798,6,2,22,1.2246467991473532e-16,-1.0,1,0.0
SKU008,2024-06-09,125,,140.0,137.0,131.0,,134.0,134.5,5.477225575051662,6,2,23,1.2246467991473532e-16,-1.0,1,1.0
SKU008,2024-06-16,106,,125.0,140.0,128.0,,132.5,134.125,7.14142842854285,6,2,24,1.2246467991473532e-16,-1.0,1,1.0
SKU008,2024-06-23,134,,106.0,125.0,137.0,,127.0,130.0,15.427248620541512,6,2,25,1.2246467991473532e-16,-1.0,1,1.0
SKU008,2024-06-30,144,,134.0,106.0,140.0,,126.25,130.0,14.84082207965583,6,2,26,1.2246467991473532e-16,-1.0,1,1.0
SKU008,2024-07-07,112,,144.0,134.0,125.0,,127.25,130.625,16.152915113584505,7,3,27,-0.4999999999999997,-0.8660254037844388,0,1.0
SKU008,2024-07-14,120,,112.0,144.0,106.0,,124.0,128.25,17.962924780409974,7,3,28,-0.4999999999999997,-0.8660254037844388,0,0.0
SKU008,2024-07-21,108,,120.0,112.0,134.0,,127.5,127.25,14.27118308573843,7,3,29,-0.4999999999999997,-0.8660254037844388,0,0.0
SKU008,2024-07-28,134,,108.0,120.0,144.0,,121.0,123.625,16.1245154965971,7,3,30,-0.4999999999999997,-0.8660254037844388,0,0.0
SKU008,2024-08-04,100,,134.0,108.0,112.0,,118.5,122.875,11.474609652039002,8,3,31,-0.8660254037844385,-0.5000000000000004,0,0.0
SKU008,2024-08-11,97,,100.0,134.0,120.0,,115.5,119.75,14.82115605027714,8,3,32,-0.8660254037844385,-0.5000000000000004,0,0.0
SKU008,2024-08-18,99,,97.0,100.0,108.0,,109.75,118.625,16.82012683265696,8,3,33,-0.8660254037844385,-0.5000000000000004,0,0.0
SKU008,2024-08-25,113,,99.0,97.0,134.0,,107.5,114.25,17.71063710504697,8,3,34,-0.8660254037844385,-0.5000000000000004,0,0.0
SKU008,2024-09-01,107,,113.0,99.0,100.0,,102.25,110.375,7.274384280931727,9,3,35,-1.0,-1.8369701987210297e-16,1,0.0
SKU008,2024-09-08,115,,107.0,113.0,97.0,,104.0,109.75,7.393691004272941,9,3,36,-1.0,-1.8369701987210297e-16,1,1.0
SKU008,2024-09-15,93,,115.0,107.0,99.0,,108.5,109.125,7.1879528842826055,9,3,37,-1.0,-1.8369701987210297e-16,1,1.0
SKU008,2024-09-22,101,,93.0,115.0,113.0,,107.0,107.25,9.933109617167558,9,3,38,-1.0,-1.8369701987210297e-16,1,1.0
SKU008,2024-09-29,107,,101.0,93.0,107.0,,104.0,103.125,9.309493362512626,9,3,39,-1.0,-1.8369701987210297e-16,1,1.0
SKU008,2024-10-06,89,,107.0,101.0,115.0,,104.0,104.0,9.309493362512626,10,4,40,-0.8660254037844386,0.5000000000000001,0,1.0
SKU008,2024-10-13,80,,89.0,107.0,93.0,,97.5,103.0,8.062257748298546,10,4,41,-0.8660254037844386,0.5000000000000001,0,0.0
SKU008,2024-10-20,71,,80.0,89.0,101.0,,94.25,100.625,12.09338662244782,10,4,42,-0.8660254037844386,0.5000000000000001,0,0.0
SKU008,2024-10-27,97,,71.0,80.0,107.0,,86.75,95.375,15.370426148939394,10,4,43,-0.8660254037844386,0.5000000000000001,0,0.0
SKU008,2024-11-03,99,,97.0,71.0,89.0,,84.25,94.125,11.236102527122112,11,4,44,-0.5000000000000004,0.8660254037844384,1,0.0
SKU008,2024-11-10,97,,99.0,97.0,80.0,,86.75,92.125,13.52466881911223,11,4,45,-0.5000000000000004,0.8660254037844384,1,1.0
SKU008,2024-11-17,106,,97.0,99.0,71.0,,91.0,92.625,13.366625103842278,11,4,46,-0.5000000000000004,0.8660254037844384,1,1.0
SKU008,2024-11-24,88,,106.0,97.0,97.0,,99.75,93.25,4.272001872658749,11,4,47,-0.5000000000000004,0.8660254037844384,1,1.0
SKU008,2024-12-01,108,,88.0,106.0,99.0,,97.5,90.875,7.416198487095654,12,4,48,-2.4492935982947064e-16,1.0,1,1.0
SKU008,2024-12-08,109,,108.0,88.0,97.0,,99.75,93.25,9.178779875342903,12,4,49,-2.4492935982947064e-16,1.0,0,1.0
SKU008,2024-12-15,104,,109.0,108.0,106.0,,102.75,96.875,9.912113800799496,12,4,50,-2.4492935982947064e-16,1.0,0,0.0
SKU008,2024-12-22,82,,104.0,109.0,88.0,,102.25,101.0,9.742518497116981,12,4,51,-2.4492935982947064e-16,1.0,0,0.0
SKU008,2024-12-29,97,,82.0,104.0,108.0,,100.75,99.125,12.685293322058678,12,4,52,-2.4492935982947064e-16,1.0,0,0.0
SKU008,2025-01-05,103,119.0,97.0,82.0,109.0,119.0,98.0,98.875,11.747340124470723,1,1,1,0.49999999999999994,0.8660254037844387,0,0.0
SKU008,2025-01-12,105,137.0,103.0,97.0,104.0,137.0,96.5,99.625,10.14889156509221,1,1,2,0.49999999999999994,0.8660254037844387,0,0.0
SKU008,2025-01-19,111,118.0,105.0,103.0,82.0,118.0,96.75,99.5,10.404326023342398,1,1,3,0.49999999999999994,0.8660254037844387,0,0.0
SKU008,2025-01-26,106,108.0,111.0,105.0,97.0,108.0,104.0,102.375,5.7735026918962395,1,1,4,0.49999999999999994,0.8660254037844387,0,0.0
SKU008,2025-02-02,121,114.0,106.0,111.0,103.0,114.0,106.25,102.125,3.403429642776993,2,1,5,0.8660254037844386,0.5000000000000001,0,0.0
SKU008,2025-02-09,134,113.0,121.0,106.0,105.0,113.0,110.75,103.625,7.320063751999236,2,1,6,0.8660254037844386,0.5000000000000001,0,0.0
SKU008,2025-02-16,122,107.0,134.0,121.0,111.0,107.0,118.0,107.375,12.355835328567082,2,1,7,0.8660254037844386,0.5000000000000001,0,0.0
SKU008,2025-02-23,112,118.0,122.0,134.0,106.0,118.0,120.75,112.375,11.470977871713165,2,1,8,0.8660254037844386,0.5000000000000001,0,0.0
SKU008,2025-03-02,138,131.0,112.0,122.0,121.0,131.0,122.25,114.25,9.032349269892805,3,1,9,1.0,6.123233995736766e-17,1,0.0
SKU008,2025-03-09,133,132.0,138.0,112.0,134.0,132.0,126.5,118.625,11.818065267490546,3,1,10,1.0,6.123233995736766e-17,1,1.0
SKU008,2025-03-16,153,147.0,133.0,138.0,122.0,147.0,126.25,122.125,11.615363389350605,3,1,11,1.0,6.123233995736766e-17,1,1.0
SKU008,2025-03-23,139,144.0,153.0,133.0,112.0,144.0,134.0,127.375,16.950909513454818,3,1,12,1.0,6.123233995736766e-17,1,1.0
SKU008,2025-03-30,154,128.0,139.0,153.0,138.0,128.0,140.75,131.5,8.578072821638493,3,1,13,1.0,6.123233995736766e-17,1,1.0
SKU008,2025-04-06,146,128.0,154.0,139.0,133.0,128.0,144.75,135.625,10.404326023342392,4,2,14,0.8660254037844387,-0.4999999999999998,0,1.0
SKU008,2025-04-13,131,128.0,146.0,154.0,153.0,128.0,148.0,137.125,6.9761498454854305,4,2,15,0.8660254037844387,-0.4999999999999998,0,0.0
SKU008,2025-04-20,138,139.0,131.0,146.0,139.0,139.0,142.5,138.25,9.814954576223625,4,2,16,0.8660254037844387,-0.4999999999999998,0,0.0
SKU008,2025-04-27,130,134.0,138.0,131.0,154.0,134.0,142.25,141.5,9.94568583189045,4,2,17,0.8660254037844387,-0.4999999999999998,0,0.0
SKU008,2025-05-04,127,139.0,130.0,138.0,146.0,139.0,136.25,140.5,7.410578025138558,5,2,18,0.49999999999999994,-0.8660254037844387,0,0.0
SKU008,2025-05-11,139,131.0,127.0,130.0,131.0,131.0,131.5,139.75,4.654746681256295,5,2,19,0.49999999999999994,-0.8660254037844387,0,0.0
SKU008,2025-05-18,121,128.0,139.0,127.0,138.0,128.0,133.5,138.0,5.916079783099604,5,2,20,0.49999999999999994,-0.8660254037844387,0,0.0
SKU008,2025-05-25,118,137.0,121.0,139.0,130.0,137.0,129.25,135.75,7.49999999999999,5,2,21,0.49999999999999994,-0.8660254037844387,0,0.0
SKU008,2025-06-01,135,140.0,118.0,121.0,127.0,140.0,126.25,131.25,9.287087810503346,6,2,22,1.2246467991473532e-16,-1.0,1,0.0
SKU008,2025-06-08,122,125.0,135.0,118.0,139.0,125.0,128.25,129.875,10.307764064044143,6,2,23,1.2246467991473532e-16,-1.0,1,1.0
SKU008,2025-06-15,136,106.0,122.0,135.0,121.0,106.0,124.0,128.75,7.527726527090802,6,2,24,1.2246467991473532e-16,-1.0,1,1.0
SKU008,2025-06-22,101,134.0,136.0,122.0,118.0,134.0,127.75,128.5,9.105858919765149,6,2,25,1.2246467991473532e-16,-1.0,1,1.0
SKU008,2025-06-29,118,144.0,101.0,136.0,135.0,144.0,123.5,124.875,16.29928423786353,6,2,26,1.2246467991473532e-16,-1.0,1,1.0
SKU008,2025-07-06,128,112.0,118.0,101.0,122.0,112.0,119.25,123.75,14.407752542757432,7,3,27,-0.4999999999999997,-0.8660254037844388,0,1.0
SKU008,2025-07-13,109,120.0,128.0,118.0,136.0,120.0,120.75,122.375,15.085865349171495,7,3,28,-0.4999999999999997,-0.8660254037844388,0,0.0
SKU008,2025-07-20,110,108.0,109.0,128.0,101.0,108.0,114.0,120.875,11.633285577743429,7,3,29,-0.4999999999999997,-0.8660254037844388,0,0.0
SKU008,2025-07-27,105,134.0,110.0,109.0,118.0,134.0,116.25,119.875,8.808140174482538,7,3,30,-0.4999999999999997,-0.8660254037844388,0,0.0
SKU008,2025-08-03,112,100.0,105.0,110.0,128.0,100.0,113.0,116.125,10.230672835481869,8,3,31,-0.8660254037844385,-0.5000000000000004,0,0.0
SKU008,2025-08-10,101,97.0,112.0,105.0,109.0,97.0,109.0,114.875,2.9439202887759426,8,3,32,-0.8660254037844385,-0.5000000000000004,0,0.0
SKU008,2025-08-17,126,99.0,101.0,112.0,110.0,99.0,107.0,110.5,4.966554808583776,8,3,33,-0.8660254037844385,-0.5000000000000004,0,0.0
SKU008,2025-08-24,89,113.0,126.0,101.0,105.0,113.0,111.0,113.625,10.984838035522719,8,3,34,-0.8660254037844385,-0.5000000000000004,0,0.0
SKU008,2025-08-31,101,107.0,89.0,126.0,112.0,107.0,107.0,110.0,15.769168230019826,8,3,35,-0.8660254037844385,-0.5000000000000004,0,0.0
SKU008,2025-09-07,92,115.0,101.0,89.0,101.0,115.0,104.25,106.625,15.56438241627338,9,3,36,-1.0,-1.8369701987210297e-16,1,0.0
SKU008,2025-09-14,90,93.0,92.0,101.0,126.0,93.0,102.0,104.5,16.792855623746664,9,3,37,-1.0,-1.8369701987210297e-16,1,1.0
SKU008,2025-09-21,87,101.0,90.0,92.0,89.0,101.0,93.0,102.0,5.477225575051654,9,3,38,-1.0,-1.8369701987210297e-16,1,1.0
SKU008,2025-09-28,93,107.0,87.0,90.0,101.0,107.0,92.5,99.75,6.027713773341702,9,3,39,-1.0,-1.8369701987210297e-16,1,1.0
SKU008,2025-10-05,98,89.0,93.0,87.0,92.0,89.0,90.5,97.375,2.6457513110645787,10,4,40,-0.8660254037844386,0.5000000000000001,0,1.0
SKU008,2025-10-12,88,80.0,98.0,93.0,90.0,80.0,92.0,97.0,4.690415759823423,10,4,41,-0.8660254037844386,0.5000000000000001,0,0.0
SKU008,2025-10-19,115,71.0,88.0,98.0,87.0,71.0,91.5,92.25,5.0662280511902145,10,4,42,-0.8660254037844386,0.5000000000000001,0,0.0
SKU008,2025-10-26,81,97.0,115.0,88.0,93.0,97.0,98.5,95.5,11.733143937865359,10,4,43,-0.8660254037844386,0.5000000000000001,0,0.0
SKU008,2025-11-02,100,99.0,81.0,115.0,98.0,99.0,95.5,93.0,14.75353065088715,11,4,44,-0.5000000000000004,0.8660254037844384,1,0.0
SKU008,2025-11-09,112,97.0,100.0,81.0,88.0,97.0,96.0,94.0,14.899664425751336,11,4,45,-0.5000000000000004,0.8660254037844384,1,1.0
SKU008,2025-11-16,94,106.0,112.0,100.0,115.0,106.0,102.0,96.75,15.427248620541508,11,4,46,-0.5000000000000004,0.8660254037844384,1,1.0
SKU008,2025-11-23,91,88.0,94.0,112.0,81.0,88.0,96.75,97.625,12.893796958227624,11,4,47,-0.5000000000000004,0.8660254037844384,1,1.0
SKU008,2025-11-30,117,108.0,91.0,94.0,100.0,108.0,99.25,97.375,9.287087810503351,11,4,48,-0.5000000000000004,0.8660254037844384,1,1.0
SKU008,2025-12-07,97,109.0,117.0,91.0,112.0,109.0,103.5,99.75,12.922847983320082,12,4,49,-2.4492935982947064e-16,1.0,0,1.0
SKU008,2025-12-14,112,104.0,97.0,117.0,94.0,104.0,99.75,100.875,11.757976016304847,12,4,50,-2.4492935982947064e-16,1.0,0,0.0
SKU008,2025-12-21,100,82.0,112.0,97.0,91.0,82.0,104.25,100.5,12.25765067213126,12,4,51,-2.4492935982947064e-16,1.0,0,0.0
SKU008,2025-12-28,105,97.0,100.0,112.0,117.0,97.0,106.5,102.875,9.539392014169453,12,4,52,-2.4492935982947064e-16,1.0,0,0.0
SKU009,2024-01-07,70,,,,,,,,,1,1,1,0.49999999999999994,0.8660254037844387,0,
SKU009,2024-01-14,66,,70.0,,,,,,,1,1,2,0.49999999999999994,0.8660254037844387,0,0.0
SKU009,2024-01-21,73,,66.0,70.0,,,,,,1,1,3,0.49999999999999994,0.8660254037844387,0,0.0
SKU009,2024-01-28,80,,73.0,66.0,,,,,,1,1,4,0.49999999999999994,0.8660254037844387,0,0.0
SKU009,2024-02-04,103,,80.0,73.0,70.0,,72.25,,5.909032633745277,2,1,5,0.8660254037844386,0.5000000000000001,0,0.0
SKU009,2024-02-11,85,,103.0,80.0,66.0,,80.5,,16.051998837112677,2,1,6,0.8660254037844386,0.5000000000000001,0,0.0
SKU009,2024-02-18,79,,85.0,103.0,73.0,,85.25,,12.816005617976298,2,1,7,0.8660254037844386,0.5000000000000001,0,0.0
SKU009,2024-02-25,80,,79.0,85.0,80.0,,86.75,,11.146748404803978,2,1,8,0.8660254037844386,0.5000000000000001,0,0.0
SKU009,2024-03-03,92,,80.0,79.0,103.0,,86.75,79.5,11.146748404803978,3,1,9,1.0,6.123233995736766e-17,1,0.0
SKU009,2024-03-10,86,,92.0,80.0,85.0,,84.0,82.25,5.94418483337567,3,1,10,1.0,6.123233995736766e-17,1,1.0
SKU009,2024-03-17,101,,86.0,92.0,79.0,,84.25,84.75,6.020797289396148,3,1,11,1.0,6.123233995736766e-17,1,1.0
SKU009,2024-03-24,95,,101.0,86.0,80.0,,89.75,88.25,8.958236433584458,3,1,12,1.0,6.123233995736766e-17,1,1.0
SKU009,2024-03-31,88,,95.0,101.0,92.0,,93.5,90.125,6.244997998398398,3,1,13,1.0,6.123233995736766e-17,1,1.0
SKU009,2024-04-07,82,,88.0,95.0,86.0,,92.5,88.25,6.855654600401044,4,2,14,0.8660254037844387,-0.4999999999999998,0,1.0
SKU009,2024-04-14,106,,82.0,88.0,101.0,,91.5,87.875,8.266397845091497,4,2,15,0.8660254037844387,-0.4999999999999998,0,0.0
SKU009,2024-04-21,100,,106.0,82.0,95.0,,92.75,91.25,10.307764064044152,4,2,16,0.8660254037844387,-0.4999999999999998,0,0.0
SKU009,2024-04-28,104,,100.0,106.0,88.0,,94.0,93.75,10.954451150103322,4,2,17,0.8660254037844387,-0.4999999999999998,0,0.0
SKU009,2024-05-05,80,,104.0,100.0,82.0,,98.0,95.25,10.954451150103322,5,2,18,0.49999999999999994,-0.8660254037844387,0,0.0
SKU009,2024-05-12,70,,80.0,104.0,106.0,,97.5,94.5,11.930353445448855,5,2,19,0.49999999999999994,-0.8660254037844387,0,0.0
SKU009,2024-05-19,83,,70.0,80.0,100.0,,88.5,90.625,16.196707484341793,5,2,20,0.49999999999999994,-0.8660254037844387,0,0.0
SKU009,2024-05-26,83,,83.0,70.0,104.0,,84.25,89.125,14.291605927956455,5,2,21,0.49999999999999994,-0.8660254037844387,0,0.0
SKU009,2024-06-02,74,,83.0,83.0,80.0,,79.0,88.5,6.164414002968988,6,2,22,1.2246467991473532e-16,-1.0,1,0.0
SKU009,2024-06-09,94,,74.0,83.0,70.0,,77.5,87.5,6.557438524302012,6,2,23,1.2246467991473532e-16,-1.0,1,1.0
SKU009,2024-06-16,93,,94.0,74.0,83.0,,83.5,86.0,8.18535277187246,6,2,24,1.2246467991473532e-16,-1.0,1,1.0
SKU009,2024-06-23,64,,93.0,94.0,83.0,,86.0,85.125,9.416297927883697,6,2,25,1.2246467991473532e-16,-1.0,1,1.0
SKU009,2024-06-30,84,,64.0,93.0,74.0,,81.25,80.125,14.728091073410255,6,2,26,1.2246467991473532e-16,-1.0,1,1.0
SKU009,2024-07-07,78,,84.0,64.0,94.0,,83.75,80.625,13.913422775626906,7,3,27,-0.4999999999999997,-0.8660254037844388,0,1.0
SKU009,2024-07-14,63,,78.0,84.0,93.0,,79.75,81.625,12.175795661885926,7,3,28,-0.4999999999999997,-0.8660254037844388,0,0.0
SKU009,2024-07-21,85,,63.0,78.0,64.0,,72.25,79.125,10.40432602334241,7,3,29,-0.4999999999999997,-0.8660254037844388,0,0.0
SKU009,2024-07-28,82,,85.0,63.0,84.0,,77.5,79.375,10.148891565092224,7,3,30,-0.4999999999999997,-0.8660254037844388,0,0.0
SKU009,2024-08-04,85,,82.0,85.0,78.0,,77.0,80.375,9.763879010584544,8,3,31,-0.8660254037844385,-0.5000000000000004,0,0.0
SKU009,2024-08-11,66,,85.0,82.0,63.0,,78.75,79.25,10.594810050208551,8,3,32,-0.8660254037844385,-0.5000000000000004,0,0.0
SKU009,2024-08-18,70,,66.0,85.0,85.0,,79.5,75.875,9.110433579144305,8,3,33,-0.8660254037844385,-0.5000000000000004,0,0.0
SKU009,2024-08-25,59,,70.0,66.0,82.0,,75.75,76.625,9.178779875342915,8,3,34,-0.8660254037844385,-0.5000000000000004,0,0.0
SKU009,2024-09-01,58,,59.0,70.0,85.0,,70.0,73.5,10.984838035522726,9,3,35,-1.0,-1.8369701987210297e-16,1,0.0
SKU009,2024-09-08,58,,58.0,59.0,66.0,,63.25,71.0,5.737304826019513,9,3,36,-1.0,-1.8369701987210297e-16,1,1.0
SKU009,2024-09-15,56,,58.0,58.0,70.0,,61.25,70.375,5.852349955359824,9,3,37,-1.0,-1.8369701987210297e-16,1,1.0
SKU009,2024-09-22,58,,56.0,58.0,59.0,,57.75,66.75,1.2583057392118493,9,3,38,-1.0,-1.8369701987210297e-16,1,1.0
SKU009,2024-09-29,67,,58.0,56.0,58.0,,57.5,63.75,1.0000000000000728,9,3,39,-1.0,-1.8369701987210297e-16,1,1.0
SKU009,2024-10-06,42,,67.0,58.0,58.0,,59.75,61.5,4.924428900898067,10,4,40,-0.8660254037844386,0.5000000000000001,0,1.0
SKU009,2024-10-13,65,,42.0,67.0,56.0,,55.75,58.5,10.340051579497407,10,4,41,-0.8660254037844386,0.5000000000000001,0,0.0
SKU009,2024-10-20,58,,65.0,42.0,58.0,,58.0,57.875,11.34313301811571,10,4,42,-0.8660254037844386,0.5000000000000001,0,0.0
SKU009,2024-10-27,52,,58.0,65.0,67.0,,58.0,57.75,11.34313301811571,10,4,43,-0.8660254037844386,0.5000000000000001,0,0.0
SKU009,2024-11-03,66,,52.0,58.0,42.0,,54.25,57.0,9.742518497116997,11,4,44,-0.5000000000000004,0.8660254037844384,1,0.0
SKU009,2024-11-10,71,,66.0,52.0,65.0,,60.25,58.0,6.551081335677859,11,4,45,-0.5000000000000004,0.8660254037844384,1,1.0
SKU009,2024-11-17,67,,71.0,66.0,58.0,,61.75,59.875,8.421203397773194,11,4,46,-0.5000000000000004,0.8660254037844384,1,1.0
SKU009,2024-11-24,60,,67.0,71.0,52.0,,64.0,61.0,8.286535263104044,11,4,47,-0.5000000000000004,0.8660254037844384,1,1.0
SKU009,2024-12-01,52,,60.0,67.0,66.0,,66.0,60.125,4.546060565661967,12,4,48,-2.4492935982947064e-16,1.0,1,1.0
SKU009,2024-12-08,55,,52.0,60.0,71.0,,62.5,61.375,8.346656017032618,12,4,49,-2.4492935982947064e-16,1.0,0,1.0
SKU009,2024-12-15,71,,55.0,52.0,67.0,,58.5,60.125,6.55743852430201,12,4,50,-2.4492935982947064e-16,1.0,0,0.0
SKU009,2024-12-22,76,,71.0,55.0,60.0,,59.5,61.75,8.346656017032618,12,4,51,-2.4492935982947064e-16,1.0,0,0.0
SKU009,2024-12-29,68,,76.0,71.0,52.0,,63.5,64.75,11.7898261225516,12,4,52,-2.4492935982947064e-16,1.0,0,0.0
SKU009,2025-01-05,66,70.0,68.0,76.0,55.0,70.0,67.5,65.0,8.96288643983251,1,1,1,0.49999999999999994,0.8660254037844387,0,0.0
SKU009,2025-01-12,55,66.0,66.0,68.0,71.0,66.0,70.25,64.375,4.34932945023331,1,1,2,0.49999999999999994,0.8660254037844387,0,0.0
SKU009,2025-01-19,70,73.0,55.0,66.0,76.0,73.0,66.25,62.875,8.655441448399197,1,1,3,0.49999999999999994,0.8660254037844387,0,0.0
SKU009,2025-01-26,71,80.0,70.0,55.0,68.0,80.0,64.75,64.125,6.701989754294375,1,1,4,0.49999999999999994,0.8660254037844387,0,0.0
SKU009,2025-02-02,69,103.0,71.0,70.0,66.0,103.0,65.5,66.5,7.325753658611978,2,1,5,0.8660254037844386,0.5000000000000001,0,0.0
SKU009,2025-02-09,86,85.0,69.0,71.0,55.0,85.0,66.25,68.25,7.544313531837524,2,1,6,0.8660254037844386,0.5000000000000001,0,0.0
SKU009,2025-02-16,74,79.0,86.0,69.0,70.0,79.0,74.0,70.125,8.041558721209887,2,1,7,0.8660254037844386,0.5000000000000001,0,0.0
SKU009,2025-02-23,75,80.0,74.0,86.0,71.0,80.0,75.0,69.875,7.615773105863916,2,1,8,0.8660254037844386,0.5000000000000001,0,0.0
SKU009,2025-03-02,91,92.0,75.0,74.0,69.0,92.0,76.0,70.75,7.164728420068234,3,1,9,1.0,6.123233995736766e-17,1,0.0
SKU009,2025-03-09,99,86.0,91.0,75.0,86.0,86.0,81.5,73.875,8.346656017032618,3,1,10,1.0,6.123233995736766e-17,1,1.0
SKU009,2025-03-16,92,101.0,99.0,91.0,74.0,101.0,84.75,79.375,12.284814474246927,3,1,11,1.0,6.123233995736766e-17,1,1.0
SKU009,2025-03-23,102,95.0,92.0,99.0,75.0,95.0,89.25,82.125,10.144785195688808,3,1,12,1.0,6.123233995736766e-17,1,1.0
SKU009,2025-03-30,82,88.0,102.0,92.0,91.0,88.0,96.0,86.0,5.354126134736351,3,1,13,1.0,6.123233995736766e-17,1,1.0
SKU009,2025-04-06,76,82.0,82.0,102.0,99.0,82.0,93.75,87.625,8.88350531415763,4,2,14,0.8660254037844387,-0.4999999999999998,0,1.0
SKU009,2025-04-13,79,106.0,76.0,82.0,92.0,106.0,88.0,86.375,11.430952132988171,4,2,15,0.8660254037844387,-0.4999999999999998,0,0.0
SKU009,2025-04-20,69,100.0,79.0,76.0,102.0,100.0,84.75,87.0,11.757976016304855,4,2,16,0.8660254037844387,-0.4999999999999998,0,0.0
SKU009,2025-04-27,100,104.0,69.0,79.0,82.0,104.0,76.5,86.25,5.567764362830038,4,2,17,0.8660254037844387,-0.4999999999999998,0,0.0
SKU009,2025-05-04,76,80.0,100.0,69.0,76.0,80.0,81.0,87.375,13.341664064126341,5,2,18,0.49999999999999994,-0.8660254037844387,0,0.0
SKU009,2025-05-11,92,70.0,76.0,100.0,79.0,70.0,81.0,84.5,13.341664064126341,5,2,19,0.49999999999999994,-0.8660254037844387,0,0.0
SKU009,2025-05-18,104,83.0,92.0,76.0,69.0,83.0,84.25,84.5,14.244882121894404,5,2,20,0.49999999999999994,-0.8660254037844387,0,0.0
SKU009,2025-05-25,88,83.0,104.0,92.0,100.0,83.0,93.0,84.75,12.382783747337815,5,2,21,0.49999999999999994,-0.8660254037844387,0,0.0
SKU009,2025-06-01,74,74.0,88.0,104.0,76.0,74.0,90.0,85.5,11.547005383792524,6,2,22,1.2246467991473532e-16,-1.0,1,0.0
SKU009,2025-06-08,88,94.0,74.0,88.0,92.0,94.0,89.5,85.25,12.36931687685299,6,2,23,1.2246467991473532e-16,-1.0,1,1.0
SKU009,2025-06-15,86,93.0,88.0,74.0,104.0,93.0,88.5,86.375,12.26104943849969,6,2,24,1.2246467991473532e-16,-1.0,1,1.0
SKU009,2025-06-22,81,64.0,86.0,88.0,88.0,64.0,84.0,88.5,6.733003292241398,6,2,25,1.2246467991473532e-16,-1.0,1,1.0
SKU009,2025-06-29,92,84.0,81.0,86.0,74.0,84.0,82.25,86.125,6.238322424070982,6,2,26,1.2246467991473532e-16,-1.0,1,1.0
SKU009,2025-07-06,83,78.0,92.0,81.0,88.0,78.0,86.75,88.125,4.573474244670768,7,3,27,-0.4999999999999997,-0.8660254037844388,0,1.0
SKU009,2025-07-13,69,63.0,83.0,92.0,86.0,63.0,85.5,87.0,4.795831523312739,7,3,28,-0.4999999999999997,-0.8660254037844388,0,0.0
SKU009,2025-07-20,73,85.0,69.0,83.0,81.0,85.0,81.25,82.625,9.464847243000465,7,3,29,-0.4999999999999997,-0.8660254037844388,0,0.0
SKU009,2025-07-27,67,82.0,73.0,69.0,92.0,82.0,79.25,80.75,10.340051579497407,7,3,30,-0.4999999999999997,-0.8660254037844388,0,0.0
SKU009,2025-08-03,69,85.0,67.0,73.0,83.0,85.0,73.0,79.875,7.118052168020885,8,3,31,-0.8660254037844385,-0.5000000000000004,0,0.0
SKU009,2025-08-10,66,66.0,69.0,67.0,69.0,66.0,69.5,77.5,2.516611478423617,8,3,32,-0.8660254037844385,-0.5000000000000004,0,0.0
SKU009,2025-08-17,61,70.0,66.0,69.0,73.0,70.0,68.75,75.0,3.0956959368344794,8,3,33,-0.8660254037844385,-0.5000000000000004,0,0.0
SKU009,2025-08-24,69,59.0,61.0,66.0,67.0,59.0,65.75,72.5,3.403429642777046,8,3,34,-0.8660254037844385,-0.5000000000000004,0,0.0
SKU009,2025-08-31,62,58.0,69.0,61.0,69.0,58.0,66.25,69.625,3.7749172176353953,8,3,35,-0.8660254037844385,-0.5000000000000004,0,0.0
SKU009,2025-09-07,71,58.0,62.0,69.0,66.0,58.0,64.5,67.0,3.6968455021364925,9,3,36,-1.0,-1.8369701987210297e-16,1,0.0
SKU009,2025-09-14,87,56.0,71.0,62.0,61.0,56.0,65.75,67.25,4.991659710623994,9,3,37,-1.0,-1.8369701987210297e-16,1,1.0
SKU009,2025-09-21,70,58.0,87.0,71.0,69.0,58.0,72.25,69.0,10.563301251660558,9,3,38,-1.0,-1.8369701987210297e-16,1,1.0
SKU009,2025-09-28,69,67.0,70.0,87.0,62.0,67.0,72.5,69.375,10.472185381603348,9,3,39,-1.0,-1.8369701987210297e-16,1,1.0
SKU009,2025-10-05,58,42.0,69.0,70.0,71.0,42.0,74.25,69.375,8.539125638299677,10,4,40,-0.8660254037844386,0.5000000000000001,0,1.0
SKU009,2025-10-12,51,65.0,58.0,69.0,87.0,65.0,71.0,68.375,11.972189997378655,10,4,41,-0.8660254037844386,0.5000000000000001,0,0.0
SKU009,2025-10-19,63,58.0,51.0,58.0,70.0,58.0,62.0,67.125,9.12870929175278,10,4,42,-0.8660254037844386,0.5000000000000001,0,0.0
SKU009,2025-10-26,52,52.0,63.0,51.0,69.0,52.0,60.25,66.375,7.632168761236888,10,4,43,-0.8660254037844386,0.5000000000000001,0,0.0
SKU009,2025-11-02,78,66.0,52.0,63.0,58.0,66.0,56.0,65.125,5.597618541248908,11,4,44,-0.5000000000000004,0.8660254037844384,1,0.0
SKU009,2025-11-09,55,71.0,78.0,52.0,51.0,71.0,61.0,66.0,12.569805089976542,11,4,45,-0.5000000000000004,0.8660254037844384,1,1.0
SKU009,2025-11-16,62,67.0,55.0,78.0,63.0,67.0,62.0,62.0,11.633285577743441,11,4,46,-0.5000000000000004,0.8660254037844384,1,1.0
SKU009,2025-11-23,63,60.0,62.0,55.0,52.0,60.0,61.75,61.0,11.615363389350627,11,4,47,-0.5000000000000004,0.8660254037844384,1,1.0
SKU009,2025-11-30,66,52.0,63.0,62.0,78.0,52.0,64.5,60.25,9.678154093971994,11,4,48,-0.5000000000000004,0.8660254037844384,1,1.0
SKU009,2025-12-07,77,55.0,66.0,63.0,55.0,55.0,61.5,61.25,4.654746681256336,12,4,49,-2.4492935982947064e-16,1.0,0,1.0
SKU009,2025-12-14,82,71.0,77.0,66.0,62.0,71.0,67.0,64.5,6.879922480183447,12,4,50,-2.4492935982947064e-16,1.0,0,0.0
SKU009,2025-12-21,69,76.0,82.0,77.0,63.0,76.0,72.0,66.875,8.981462390204998,12,4,51,-2.4492935982947064e-16,1.0,0,0.0
SKU009,2025-12-28,77,68.0,69.0,82.0,66.0,68.0,73.5,69.0,7.325753658611984,12,4,52,-2.4492935982947064e-16,1.0,0,0.0
SKU010,2024-01-07,111,,,,,,,,,1,1,1,0.49999999999999994,0.8660254037844387,0,
SKU010,2024-01-14,108,,111.0,,,,,,,1,1,2,0.49999999999999994,0.8660254037844387,0,0.0
SKU010,2024-01-21,115,,108.0,111.0,,,,,,1,1,3,0.49999999999999994,0.8660254037844387,0,0.0
SKU010,2024-01-28,115,,115.0,108.0,,,,,,1,1,4,0.49999999999999994,0.8660254037844387,0,0.0
SKU010,2024-02-04,129,,115.0,115.0,111.0,,112.25,,3.403429642777025,2,1,5,0.8660254037844386,0.5000000000000001,0,0.0
SKU010,2024-02-11,136,,129.0,115.0,108.0,,116.75,,8.80814017448254,2,1,6,0.8660254037844386,0.5000000000000001,0,0.0
SKU010,2024-02-18,133,,136.0,129.0,115.0,,123.75,,10.499999999999998,2,1,7,0.8660254037844386,0.5000000000000001,0,0.0
SKU010,2024-02-25,146,,133.0,136.0,115.0,,128.25,,9.287087810503351,2,1,8,0.8660254037844386,0.5000000000000001,0,0.0
SKU010,2024-03-03,145,,146.0,133.0,129.0,,136.0,124.125,7.257180352359081,3,1,9,1.0,6.123233995736766e-17,1,0.0
SKU010,2024-03-10,154,,145.0,146.0,136.0,,140.0,128.375,6.480740698407859,3,1,10,1.0,6.123233995736766e-17,1,1.0
SKU010,2024-03-17,138,,154.0,145.0,133.0,,144.5,134.125,8.660254037844384,3,1,11,1.0,6.123233995736766e-17,1,1.0
SKU010,2024-03-24,141,,138.0,154.0,146.0,,145.75,137.0,6.551081335677844,3,1,12,1.0,6.123233995736766e-17,1,1.0
SKU010,2024-03-31,162,,141.0,138.0,145.0,,144.5,140.25,6.952217871538065,3,1,13,1.0,6.123233995736766e-17,1,1.0
SKU010,2024-04-07,124,,162.0,141.0,154.0,,148.75,144.375,11.23610252712211,4,2,14,0.8660254037844387,-0.4999999999999998,0,1.0
SKU010,2024-04-14,141,,124.0,162.0,138.0,,141.25,142.875,15.692354826475212,4,2,15,0.8660254037844387,-0.4999999999999998,0,0.0
SKU010,2024-04-21,121,,141.0,124.0,141.0,,142.0,143.875,15.556349186104041,4,2,16,0.8660254037844387,-0.4999999999999998,0,0.0
SKU010,2024-04-28,121,,121.0,141.0,162.0,,137.0,140.75,18.850287354131588,4,2,17,0.8660254037844387,-0.4999999999999998,0,0.0
SKU010,2024-05-05,144,,121.0,121.0,124.0,,126.75,137.75,9.604686356149264,5,2,18,0.49999999999999994,-0.8660254037844387,0,0.0
SKU010,2024-05-12,117,,144.0,121.0,141.0,,131.75,136.5,12.473304828045096,5,2,19,0.49999999999999994,-0.8660254037844387,0,0.0
SKU010,2024-05-19,145,,117.0,144.0,121.0,,125.75,133.875,12.311918344975044,5,2,20,0.49999999999999994,-0.8660254037844387,0,0.0
SKU010,2024-05-26,141,,145.0,117.0,121.0,,131.75,134.375,14.818344486930146,5,2,21,0.49999999999999994,-0.8660254037844387,0,0.0
SKU010,2024-06-02,158,,141.0,145.0,144.0,,136.75,131.75,13.275918047351741,6,2,22,1.2246467991473532e-16,-1.0,1,0.0
SKU010,2024-06-09,151,,158.0,141.0,117.0,,140.25,136.0,17.114808402861726,6,2,23,1.2246467991473532e-16,-1.0,1,1.0
SKU010,2024-06-16,141,,151.0,158.0,145.0,,148.75,137.25,7.4105780251385465,6,2,24,1.2246467991473532e-16,-1.0,1,1.0
SKU010,2024-06-23,153,,141.0,151.0,141.0,,147.75,139.75,8.301606270274828,6,2,25,1.2246467991473532e-16,-1.0,1,1.0
SKU010,2024-06-30,129,,153.0,141.0,158.0,,150.75,143.75,7.135591542869191,6,2,26,1.2246467991473532e-16,-1.0,1,1.0
SKU010,2024-07-07,103,,129.0,153.0,151.0,,143.5,141.875,10.999999999999988,7,3,27,-0.4999999999999997,-0.8660254037844388,0,1.0
SKU010,2024-07-14,113,,103.0,129.0,141.0,,131.5,140.125,21.377558326431945,7,3,28,-0.4999999999999997,-0.8660254037844388,0,0.0
SKU010,2024-07-21,111,,113.0,103.0,153.0,,124.5,136.125,21.809783737274113,7,3,29,-0.4999999999999997,-0.8660254037844388,0,0.0
SKU010,2024-07-28,119,,111.0,113.0,129.0,,114.0,132.375,10.89342309224545,7,3,30,-0.4999999999999997,-0.8660254037844388,0,0.0
SKU010,2024-08-04,110,,119.0,111.0,103.0,,111.5,127.5,6.608075867199652,8,3,31,-0.8660254037844385,-0.5000000000000004,0,0.0
SKU010,2024-08-11,103,,110.0,119.0,113.0,,113.25,122.375,4.031128874149248,8,3,32,-0.8660254037844385,-0.5000000000000004,0,0.0
SKU010,2024-08-18,103,,103.0,110.0,111.0,,110.75,117.625,6.551081335677831,8,3,33,-0.8660254037844385,-0.5000000000000004,0,0.0
SKU010,2024-08-25,99,,103.0,103.0,119.0,,108.75,111.375,7.588368291888125,8,3,34,-0.8660254037844385,-0.5000000000000004,0,0.0
SKU010,2024-09-01,96,,99.0,103.0,110.0,,103.75,107.625,4.573474244670721,9,3,35,-1.0,-1.8369701987210297e-16,1,0.0
SKU010,2024-09-08,92,,96.0,99.0,103.0,,100.25,106.75,3.4034296427769894,9,3,36,-1.0,-1.8369701987210297e-16,1,1.0
SKU010,2024-09-15,116,,92.0,96.0,103.0,,97.5,104.125,4.654746681256288,9,3,37,-1.0,-1.8369701987210297e-16,1,1.0
SKU010,2024-09-22,115,,116.0,92.0,99.0,,100.75,104.75,10.563301251660537,9,3,38,-1.0,-1.8369701987210297e-16,1,1.0
SKU010,2024-09-29,128,,115.0,116.0,96.0,,104.75,104.25,12.52663828274236,9,3,39,-1.0,-1.8369701987210297e-16,1,1.0
SKU010,2024-10-06,122,,128.0,115.0,92.0,,112.75,106.5,15.041608956491313,10,4,40,-0.8660254037844386,0.5000000000000001,0,1.0
SKU010,2024-10-13,79,,122.0,128.0,116.0,,120.25,108.875,6.020797289396119,10,4,41,-0.8660254037844386,0.5000000000000001,0,0.0
SKU010,2024-10-20,74,,79.0,122.0,115.0,,111.0,105.875,21.984843263788193,10,4,42,-0.8660254037844386,0.5000000000000001,0,0.0
SKU010,2024-10-27,92,,74.0,79.0,128.0,,100.75,102.75,28.182441342083898,10,4,43,-0.8660254037844386,0.5000000000000001,0,0.0
SKU010,2024-11-03,109,,92.0,74.0,122.0,,91.75,102.25,21.546461426415238,11,4,44,-0.5000000000000004,0.8660254037844384,1,0.0
SKU010,2024-11-10,100,,109.0,92.0,79.0,,88.5,104.375,15.631165450257797,11,4,45,-0.5000000000000004,0.8660254037844384,1,1.0
SKU010,2024-11-17,113,,100.0,109.0,74.0,,93.75,102.375,14.885675440951042,11,4,46,-0.5000000000000004,0.8660254037844384,1,1.0
SKU010,2024-11-24,121,,113.0,100.0,92.0,,103.5,102.125,9.398581453247774,11,4,47,-0.5000000000000004,0.8660254037844384,1,1.0
SKU010,2024-12-01,93,,121.0,113.0,109.0,,110.75,101.25,8.732124598286475,12,4,48,-2.4492935982947064e-16,1.0,1,1.0
SKU010,2024-12-08,99,,93.0,121.0,100.0,,106.75,97.625,12.606215398233777,12,4,49,-2.4492935982947064e-16,1.0,0,1.0
SKU010,2024-12-15,106,,99.0,93.0,113.0,,106.5,100.125,12.793227374930314,12,4,50,-2.4492935982947064e-16,1.0,0,0.0
SKU010,2024-12-22,109,,106.0,99.0,121.0,,104.75,104.125,12.06579186515883,12,4,51,-2.4492935982947064e-16,1.0,0,0.0
SKU010,2024-12-29,109,,109.0,106.0,93.0,,101.75,106.25,7.182153808805057,12,4,52,-2.4492935982947064e-16,1.0,0,0.0
SKU010,2025-01-05,116,111.0,109.0,109.0,99.0,111.0,105.75,106.25,4.716990566028264,1,1,1,0.49999999999999994,0.8660254037844387,0,0.0
SKU010,2025-01-12,118,108.0,116.0,109.0,106.0,108.0,110.0,108.25,4.242640687119243,1,1,2,0.49999999999999994,0.8660254037844387,0,0.0
SKU010,2025-01-19,113,115.0,118.0,116.0,109.0,115.0,113.0,108.875,4.690415759823392,1,1,3,0.49999999999999994,0.8660254037844387,0,0.0
SKU010,2025-01-26,118,115.0,113.0,118.0,109.0,115.0,114.0,107.875,3.9157800414902,1,1,4,0.49999999999999994,0.8660254037844387,0,0.0
SKU010,2025-02-02,97,129.0,118.0,113.0,116.0,129.0,116.25,111.0,2.3629078131262298,2,1,5,0.8660254037844386,0.5000000000000001,0,0.0
SKU010,2025-02-09,124,136.0,97.0,118.0,118.0,136.0,111.5,110.75,9.94987437106618,2,1,6,0.8660254037844386,0.5000000000000001,0,0.0
SKU010,2025-02-16,128,133.0,124.0,97.0,113.0,133.0,113.0,113.0,11.57583690279021,2,1,7,0.8660254037844386,0.5000000000000001,0,0.0
SKU010,2025-02-23,128,146.0,128.0,124.0,118.0,146.0,116.75,115.375,13.793114224133708,2,1,8,0.8660254037844386,0.5000000000000001,0,0.0
SKU010,2025-03-02,155,145.0,128.0,128.0,97.0,145.0,119.25,117.75,14.952703211571242,3,1,9,1.0,6.123233995736766e-17,1,0.0
SKU010,2025-03-09,160,154.0,155.0,128.0,124.0,154.0,133.75,122.625,14.291605927956436,3,1,10,1.0,6.123233995736766e-17,1,1.0
SKU010,2025-03-16,139,138.0,160.0,155.0,128.0,138.0,142.75,127.875,17.15371679840843,3,1,11,1.0,6.123233995736766e-17,1,1.0
SKU010,2025-03-23,139,141.0,139.0,160.0,128.0,141.0,145.5,131.125,14.708274315273457,3,1,12,1.0,6.123233995736766e-17,1,1.0
SKU010,2025-03-30,156,162.0,139.0,139.0,155.0,162.0,148.25,133.75,10.87428158546575,3,1,13,1.0,6.123233995736766e-17,1,1.0
SKU010,2025-04-06,149,124.0,156.0,139.0,160.0,124.0,148.5,141.125,11.090536506409396,4,2,14,0.8660254037844387,-0.4999999999999998,0,1.0
SKU010,2025-04-13,133,141.0,149.0,156.0,139.0,141.0,145.75,144.25,8.301606270274817,4,2,15,0.8660254037844387,-0.4999999999999998,0,0.0
SKU010,2025-04-20,137,121.0,133.0,149.0,139.0,121.0,144.25,144.875,10.242883708539612,4,2,16,0.8660254037844387,-0.4999999999999998,0,0.0
SKU010,2025-04-27,144,121.0,137.0,133.0,156.0,121.0,143.75,146.0,10.62622541953003,4,2,17,0.8660254037844387,-0.4999999999999998,0,0.0
SKU010,2025-05-04,134,144.0,144.0,137.0,149.0,144.0,140.75,144.625,7.135591542869179,5,2,18,0.49999999999999994,-0.8660254037844387,0,0.0
SKU010,2025-05-11,130,117.0,134.0,144.0,133.0,117.0,137.0,141.375,4.966554808583727,5,2,19,0.49999999999999994,-0.8660254037844387,0,0.0
SKU010,2025-05-18,131,145.0,130.0,134.0,137.0,145.0,136.25,140.25,5.909032633745236,5,2,20,0.49999999999999994,-0.8660254037844387,0,0.0
SKU010,2025-05-25,141,141.0,131.0,130.0,144.0,141.0,134.75,139.25,6.3966136874651225,5,2,21,0.49999999999999994,-0.8660254037844387,0,0.0
SKU010,2025-06-01,145,158.0,141.0,131.0,134.0,158.0,134.0,137.375,4.966554808583727,6,2,22,1.2246467991473532e-16,-1.0,1,0.0
SKU010,2025-06-08,136,151.0,145.0,141.0,130.0,151.0,136.75,136.875,7.410578025138535,6,2,23,1.2246467991473532e-16,-1.0,1,1.0
SKU010,2025-06-15,141,141.0,136.0,145.0,131.0,141.0,138.25,137.25,6.075908711186019,6,2,24,1.2246467991473532e-16,-1.0,1,1.0
SKU010,2025-06-22,139,153.0,141.0,136.0,141.0,153.0,140.75,137.75,3.6855573979159297,6,2,25,1.2246467991473532e-16,-1.0,1,1.0
SKU010,2025-06-29,123,129.0,139.0,141.0,145.0,129.0,140.25,137.125,3.7749172176353087,6,2,26,1.2246467991473532e-16,-1.0,1,1.0
SKU010,2025-07-06,111,103.0,123.0,139.0,136.0,103.0,134.75,135.75,8.098353742170861,7,3,27,-0.4999999999999997,-0.8660254037844388,0,1.0
SKU010,2025-07-13,120,113.0,111.0,123.0,141.0,113.0,128.5,133.375,14.177446878757808,7,3,28,-0.4999999999999997,-0.8660254037844388,0,0.0
SKU010,2025-07-20,124,111.0,120.0,111.0,139.0,111.0,123.25,132.0,11.672617529928731,7,3,29,-0.4999999999999997,-0.8660254037844388,0,0.0
SKU010,2025-07-27,105,119.0,124.0,120.0,123.0,119.0,119.5,129.875,5.916079783099573,7,3,30,-0.4999999999999997,-0.8660254037844388,0,0.0
SKU010,2025-08-03,91,110.0,105.0,124.0,111.0,110.0,115.0,124.875,8.602325267042596,8,3,31,-0.8660254037844385,-0.5000000000000004,0,0.0
SKU010,2025-08-10,95,103.0,91.0,105.0,120.0,103.0,110.0,119.25,15.077577170531505,8,3,32,-0.8660254037844385,-0.5000000000000004,0,0.0
SKU010,2025-08-17,113,103.0,95.0,91.0,124.0,103.0,103.75,113.5,14.728091073410232,8,3,33,-0.8660254037844385,-0.5000000000000004,0,0.0
SKU010,2025-08-24,100,99.0,113.0,95.0,105.0,99.0,101.0,110.25,9.933109617167535,8,3,34,-0.8660254037844385,-0.5000000000000004,0,0.0
SKU010,2025-08-31,114,96.0,100.0,113.0,91.0,96.0,99.75,107.375,9.569918146637036,8,3,35,-0.8660254037844385,-0.5000000000000004,0,0.0
SKU010,2025-09-07,104,92.0,114.0,100.0,95.0,92.0,105.5,107.75,9.469248474227832,9,3,36,-1.0,-1.8369701987210297e-16,1,0.0
SKU010,2025-09-14,92,116.0,104.0,114.0,113.0,116.0,107.75,105.75,6.849574196011467,9,3,37,-1.0,-1.8369701987210297e-16,1,1.0
SKU010,2025-09-21,114,115.0,92.0,104.0,100.0,115.0,102.5,101.75,9.146948489341467,9,3,38,-1.0,-1.8369701987210297e-16,1,1.0
SKU010,2025-09-28,100,128.0,114.0,92.0,114.0,128.0,106.0,102.875,10.456258094238724,9,3,39,-1.0,-1.8369701987210297e-16,1,1.0
SKU010,2025-10-05,79,122.0,100.0,114.0,104.0,122.0,102.5,104.0,9.146948489341467,10,4,40,-0.8660254037844386,0.5000000000000001,0,1.0
SKU010,2025-10-12,83,79.0,79.0,100.0,92.0,79.0,96.25,102.0,14.660036380127648,10,4,41,-0.8660254037844386,0.5000000000000001,0,0.0
SKU010,2025-10-19,96,74.0,83.0,79.0,114.0,74.0,94.0,98.25,16.14517471774976,10,4,42,-0.8660254037844386,0.5000000000000001,0,0.0
SKU010,2025-10-26,86,92.0,96.0,83.0,100.0,92.0,89.5,97.75,10.082988974836088,10,4,43,-0.8660254037844386,0.5000000000000001,0,0.0
SKU010,2025-11-02,120,109.0,86.0,96.0,79.0,109.0,86.0,94.25,7.2571803523590415,11,4,44,-0.5000000000000004,0.8660254037844384,1,0.0
SKU010,2025-11-09,91,100.0,120.0,86.0,83.0,100.0,96.25,96.25,16.78044496827581,11,4,45,-0.5000000000000004,0.8660254037844384,1,1.0
SKU010,2025-11-16,105,113.0,91.0,120.0,96.0,113.0,98.25,96.125,15.063753405664412,11,4,46,-0.5000000000000004,0.8660254037844384,1,1.0
SKU010,2025-11-23,102,121.0,105.0,91.0,86.0,121.0,100.5,95.0,15.286159317064119,11,4,47,-0.5000000000000004,0.8660254037844384,1,1.0
SKU010,2025-11-30,104,93.0,102.0,105.0,120.0,93.0,104.5,95.25,11.958260743101377,11,4,48,-0.5000000000000004,0.8660254037844384,1,1.0
SKU010,2025-12-07,126,99.0,104.0,102.0,91.0,99.0,100.5,98.375,6.45497224367899,12,4,49,-2.4492935982947064e-16,1.0,0,1.0
SKU010,2025-12-14,108,106.0,126.0,104.0,105.0,106.0,109.25,103.75,11.236102527122092,12,4,50,-2.4492935982947064e-16,1.0,0,0.0
SKU010,2025-12-21,102,109.0,108.0,126.0,102.0,109.0,110.0,105.25,10.954451150103298,12,4,51,-2.4492935982947064e-16,1.0,0,0.0
SKU010,2025-12-28,102,109.0,102.0,108.0,104.0,109.0,110.0,107.25,10.954451150103298,12,4,52,-2.4492935982947064e-16,1.0,0,0.0
SKU011,2024-01-07,14,,,,,,,,,1,1,1,0.49999999999999994,0.8660254037844387,0,
SKU011,2024-01-14,20,,14.0,,,,,,,1,1,2,0.49999999999999994,0.8660254037844387,0,0.0
SKU011,2024-01-21,14,,20.0,14.0,,,,,,1,1,3,0.49999999999999994,0.8660254037844387,0,0.0
SKU011,2024-01-28,15,,14.0,20.0,,,,,,1,1,4,0.49999999999999994,0.8660254037844387,0,0.0
SKU011,2024-02-04,21,,15.0,14.0,14.0,,15.75,,2.8722813232690143,2,1,5,0.8660254037844386,0.5000000000000001,0,0.0
SKU011,2024-02-11,14,,21.0,15.0,20.0,,17.5,,3.5118845842842465,2,1,6,0.8660254037844386,0.5000000000000001,0,0.0
SKU011,2024-02-18,20,,14.0,21.0,14.0,,16.0,,3.366501646120693,2,1,7,0.8660254037844386,0.5000000000000001,0,0.0
SKU011,2024-02-25,28,,20.0,14.0,15.0,,17.5,,3.5118845842842465,2,1,8,0.8660254037844386,0.5000000000000001,0,0.0
SKU011,2024-03-03,23,,28.0,20.0,21.0,,20.75,18.25,5.7373048260195025,3,1,9,1.0,6.123233995736766e-17,1,0.0
SKU011,2024-03-10,21,,23.0,28.0,14.0,,21.25,19.375,5.852349955359813,3,1,10,1.0,6.123233995736766e-17,1,1.0
SKU011,2024-03-17,24,,21.0,23.0,20.0,,23.0,19.5,3.5590260840104375,3,1,11,1.0,6.123233995736766e-17,1,1.0
SKU011,2024-03-24,25,,24.0,21.0,28.0,,24.0,20.75,2.9439202887759492,3,1,12,1.0,6.123233995736766e-17,1,1.0
SKU011,2024-03-31,16,,25.0,24.0,23.0,,23.25,22.0,1.707825127659934,3,1,13,1.0,6.123233995736766e-17,1,1.0
SKU011,2024-04-07,20,,16.0,25.0,21.0,,21.5,21.375,4.041451884327381,4,2,14,0.8660254037844387,-0.4999999999999998,0,1.0
SKU011,2024-04-14,22,,20.0,16.0,24.0,,21.25,22.125,4.112987559751022,4,2,15,0.8660254037844387,-0.4999999999999998,0,0.0
SKU011,2024-04-21,19,,22.0,20.0,25.0,,20.75,22.375,3.774917217635375,4,2,16,0.8660254037844387,-0.4999999999999998,0,0.0
SKU011,2024-04-28,31,,19.0,22.0,16.0,,19.25,21.25,2.5,4,2,17,0.8660254037844387,-0.4999999999999998,0,0.0
SKU011,2024-05-05,20,,31.0,19.0,20.0,,23.0,22.25,5.477225575051661,5,2,18,0.49999999999999994,-0.8660254037844387,0,0.0
SKU011,2024-05-12,30,,20.0,31.0,22.0,,23.0,22.125,5.477225575051661,5,2,19,0.49999999999999994,-0.8660254037844387,0,0.0
SKU011,2024-05-19,28,,30.0,20.0,19.0,,25.0,22.875,6.377042156569664,5,2,20,0.49999999999999994,-0.8660254037844387,0,0.0
SKU011,2024-05-26,17,,28.0,30.0,31.0,,27.25,23.25,4.9916597106239795,5,2,21,0.49999999999999994,-0.8660254037844387,0,0.0
SKU011,2024-06-02,26,,17.0,28.0,20.0,,23.75,23.375,6.238322424070968,6,2,22,1.2246467991473532e-16,-1.0,1,0.0
SKU011,2024-06-09,24,,26.0,17.0,30.0,,25.25,24.125,5.7373048260195025,6,2,23,1.2246467991473532e-16,-1.0,1,1.0
SKU011,2024-06-16,19,,24.0,26.0,28.0,,23.75,24.375,4.787135538781691,6,2,24,1.2246467991473532e-16,-1.0,1,1.0
SKU011,2024-06-23,16,,19.0,24.0,17.0,,21.5,24.375,4.203173404306164,6,2,25,1.2246467991473532e-16,-1.0,1,1.0
SKU011,2024-06-30,19,,16.0,19.0,26.0,,21.25,22.5,4.573474244670749,6,2,26,1.2246467991473532e-16,-1.0,1,1.0
SKU011,2024-07-07,19,,19.0,16.0,24.0,,19.5,22.375,3.316624790355401,7,3,27,-0.4999999999999997,-0.8660254037844388,0,1.0
SKU011,2024-07-14,27,,19.0,19.0,19.0,,18.25,21.0,1.5000000000000024,7,3,28,-0.4999999999999997,-0.8660254037844388,0,0.0
SKU011,2024-07-21,12,,27.0,19.0,16.0,,20.25,20.875,4.716990566028303,7,3,29,-0.4999999999999997,-0.8660254037844388,0,0.0
SKU011,2024-07-28,14,,12.0,27.0,19.0,,19.25,20.25,6.130524719249841,7,3,30,-0.4999999999999997,-0.8660254037844388,0,0.0
SKU011,2024-08-04,12,,14.0,12.0,19.0,,18.0,18.75,6.683312551921142,8,3,31,-0.8660254037844385,-0.5000000000000004,0,0.0
SKU011,2024-08-11,16,,12.0,14.0,27.0,,16.25,17.25,7.22841614740048,8,3,32,-0.8660254037844385,-0.5000000000000004,0,0.0
SKU011,2024-08-18,17,,16.0,12.0,12.0,,13.5,16.875,1.914854215512678,8,3,33,-0.8660254037844385,-0.5000000000000004,0,0.0
SKU011,2024-08-25,9,,17.0,16.0,14.0,,14.75,17.0,2.217355782608347,8,3,34,-0.8660254037844385,-0.5000000000000004,0,0.0
SKU011,2024-09-01,17,,9.0,17.0,12.0,,13.5,15.75,3.6968455021364734,9,3,35,-1.0,-1.8369701987210297e-16,1,0.0
SKU011,2024-09-08,18,,17.0,9.0,16.0,,14.75,15.5,3.8622100754188233,9,3,36,-1.0,-1.8369701987210297e-16,1,1.0
SKU011,2024-09-15,22,,18.0,17.0,17.0,,15.25,14.375,4.193248541803042,9,3,37,-1.0,-1.8369701987210297e-16,1,1.0
SKU011,2024-09-22,15,,22.0,18.0,9.0,,16.5,15.625,5.446711546122731,9,3,38,-1.0,-1.8369701987210297e-16,1,1.0
SKU011,2024-09-29,18,,15.0,22.0,17.0,,18.0,15.75,2.9439202887759497,9,3,39,-1.0,-1.8369701987210297e-16,1,1.0
SKU011,2024-10-06,11,,18.0,15.0,18.0,,18.25,16.5,2.872281323269015,10,4,40,-0.8660254037844386,0.5000000000000001,0,1.0
SKU011,2024-10-13,16,,11.0,18.0,22.0,,16.5,15.875,4.654746681256314,10,4,41,-0.8660254037844386,0.5000000000000001,0,0.0
SKU011,2024-10-20,13,,16.0,11.0,15.0,,15.0,15.75,2.9439202887759497,10,4,42,-0.8660254037844386,0.5000000000000001,0,0.0
SKU011,2024-10-27,9,,13.0,16.0,18.0,,14.5,16.25,3.1091263510296057,10,4,43,-0.8660254037844386,0.5000000000000001,0,0.0
SKU011,2024-11-03,15,,9.0,13.0,11.0,,12.25,15.25,2.9860788111948207,11,4,44,-0.5000000000000004,0.8660254037844384,1,0.0
SKU011,2024-11-10,11,,15.0,9.0,16.0,,13.25,14.875,3.0956959368344528,11,4,45,-0.5000000000000004,0.8660254037844384,1,1.0
SKU011,2024-11-17,16,,11.0,15.0,13.0,,12.0,13.5,2.5819888974716125,11,4,46,-0.5000000000000004,0.8660254037844384,1,1.0
SKU011,2024-11-24,25,,16.0,11.0,9.0,,12.75,13.625,3.3040379335998358,11,4,47,-0.5000000000000004,0.8660254037844384,1,1.0
SKU011,2024-12-01,22,,25.0,16.0,15.0,,16.75,14.5,5.90903263374528,12,4,48,-2.4492935982947064e-16,1.0,1,1.0
SKU011,2024-12-08,25,,22.0,25.0,11.0,,18.5,15.875,6.244997998398399,12,4,49,-2.4492935982947064e-16,1.0,0,1.0
SKU011,2024-12-15,15,,25.0,22.0,16.0,,22.0,17.0,4.2426406871192865,12,4,50,-2.4492935982947064e-16,1.0,0,0.0
SKU011,2024-12-22,20,,15.0,25.0,25.0,,21.75,17.25,4.716990566028303,12,4,51,-2.4492935982947064e-16,1.0,0,0.0
SKU011,2024-12-29,17,,20.0,15.0,22.0,,20.5,18.625,4.203173404306165,12,4,52,-2.4492935982947064e-16,1.0,0,0.0
SKU011,2025-01-05,17,14.0,17.0,20.0,25.0,14.0,19.25,18.875,4.349329450233298,1,1,1,0.49999999999999994,0.8660254037844387,0,0.0
SKU011,2025-01-12,21,20.0,17.0,17.0,15.0,20.0,17.25,19.625,2.061552812808832,1,1,2,0.49999999999999994,0.8660254037844387,0,0.0
SKU011,2025-01-19,19,14.0,21.0,17.0,20.0,14.0,18.75,20.25,2.061552812808832,1,1,3,0.49999999999999994,0.8660254037844387,0,0.0
SKU011,2025-01-26,24,15.0,19.0,21.0,17.0,15.0,18.5,19.5,1.9148542155126782,1,1,4,0.49999999999999994,0.8660254037844387,0,0.0
SKU011,2025-02-02,13,21.0,24.0,19.0,17.0,21.0,20.25,19.75,2.9860788111948207,2,1,5,0.8660254037844386,0.5000000000000001,0,0.0
SKU011,2025-02-09,16,14.0,13.0,24.0,21.0,14.0,19.25,18.25,4.645786621588786,2,1,6,0.8660254037844386,0.5000000000000001,0,0.0
SKU011,2025-02-16,16,20.0,16.0,13.0,19.0,20.0,18.0,18.375,4.690415759823431,2,1,7,0.8660254037844386,0.5000000000000001,0,0.0
SKU011,2025-02-23,23,28.0,16.0,16.0,24.0,28.0,17.25,17.875,4.716990566028303,2,1,8,0.8660254037844386,0.5000000000000001,0,0.0
SKU011,2025-03-02,18,23.0,23.0,16.0,13.0,23.0,17.0,18.625,4.2426406871192865,3,1,9,1.0,6.123233995736766e-17,1,0.0
SKU011,2025-03-09,15,21.0,18.0,23.0,16.0,21.0,18.25,18.75,3.3040379335998367,3,1,10,1.0,6.123233995736766e-17,1,1.0
SKU011,2025-03-16,22,24.0,15.0,18.0,16.0,24.0,18.0,18.0,3.559026084010439,3,1,11,1.0,6.123233995736766e-17,1,1.0
SKU011,2025-03-23,19,25.0,22.0,15.0,23.0,25.0,19.5,18.375,3.696845502136474,3,1,12,1.0,6.123233995736766e-17,1,1.0
SKU011,2025-03-30,18,16.0,19.0,22.0,18.0,16.0,18.5,17.75,2.8867513459481304,3,1,13,1.0,6.123233995736766e-17,1,1.0
SKU011,2025-04-06,20,20.0,18.0,19.0,15.0,20.0,18.5,18.375,2.8867513459481304,4,2,14,0.8660254037844387,-0.4999999999999998,0,1.0
SKU011,2025-04-13,26,22.0,20.0,18.0,22.0,22.0,19.75,18.875,1.7078251276599354,4,2,15,0.8660254037844387,-0.4999999999999998,0,0.0
SKU011,2025-04-20,22,19.0,26.0,20.0,19.0,19.0,20.75,20.125,3.5939764421413054,4,2,16,0.8660254037844387,-0.4999999999999998,0,0.0
SKU011,2025-04-27,24,31.0,22.0,26.0,18.0,31.0,21.5,20.0,3.4156502553198678,4,2,17,0.8660254037844387,-0.4999999999999998,0,0.0
SKU011,2025-05-04,17,20.0,24.0,22.0,20.0,20.0,23.0,20.75,2.5819888974716134,5,2,18,0.49999999999999994,-0.8660254037844387,0,0.0
SKU011,2025-05-11,17,30.0,17.0,24.0,26.0,30.0,22.25,21.0,3.8622100754188238,5,2,19,0.49999999999999994,-0.8660254037844387,0,0.0
SKU011,2025-05-18,14,28.0,17.0,17.0,22.0,28.0,20.0,20.375,3.5590260840104384,5,2,20,0.49999999999999994,-0.8660254037844387,0,0.0
SKU011,2025-05-25,16,17.0,14.0,17.0,24.0,17.0,18.0,19.75,4.242640687119286,5,2,21,0.49999999999999994,-0.8660254037844387,0,0.0
SKU011,2025-06-01,29,26.0,16.0,14.0,17.0,26.0,16.0,19.5,1.4142135623730976,6,2,22,1.2246467991473532e-16,-1.0,1,0.0
SKU011,2025-06-08,20,24.0,29.0,16.0,17.0,24.0,19.0,20.625,6.782329983125269,6,2,23,1.2246467991473532e-16,-1.0,1,1.0
SKU011,2025-06-15,26,19.0,20.0,29.0,14.0,19.0,19.75,19.875,6.652067347825036,6,2,24,1.2246467991473532e-16,-1.0,1,1.0
SKU011,2025-06-22,18,16.0,26.0,20.0,16.0,16.0,22.75,20.375,5.852349955359813,6,2,25,1.2246467991473532e-16,-1.0,1,1.0
SKU011,2025-06-29,22,19.0,18.0,26.0,29.0,19.0,23.25,19.625,5.1234753829798,6,2,26,1.2246467991473532e-16,-1.0,1,1.0
SKU011,2025-07-06,25,19.0,22.0,18.0,20.0,19.0,21.5,20.25,3.4156502553198664,7,3,27,-0.4999999999999997,-0.8660254037844388,0,1.0
SKU011,2025-07-13,14,27.0,25.0,22.0,26.0,27.0,22.75,21.25,3.5939764421413045,7,3,28,-0.4999999999999997,-0.8660254037844388,0,0.0
SKU011,2025-07-20,21,12.0,14.0,25.0,18.0,12.0,19.75,21.25,4.787135538781691,7,3,29,-0.4999999999999997,-0.8660254037844388,0,0.0
SKU011,2025-07-27,11,14.0,21.0,14.0,22.0,14.0,20.5,21.875,4.654746681256315,7,3,30,-0.4999999999999997,-0.8660254037844388,0,0.0
SKU011,2025-08-03,18,12.0,11.0,21.0,25.0,12.0,17.75,19.625,6.396613687465163,8,3,31,-0.8660254037844385,-0.5000000000000004,0,0.0
SKU011,2025-08-10,22,16.0,18.0,11.0,14.0,16.0,16.0,19.375,4.396968652757641,8,3,32,-0.8660254037844385,-0.5000000000000004,0,0.0
SKU011,2025-08-17,14,17.0,22.0,18.0,21.0,17.0,18.0,18.875,4.966554808583781,8,3,33,-0.8660254037844385,-0.5000000000000004,0,0.0
SKU011,2025-08-24,24,9.0,14.0,22.0,11.0,9.0,16.25,18.375,4.787135538781691,8,3,34,-0.8660254037844385,-0.5000000000000004,0,0.0
SKU011,2025-08-31,11,17.0,24.0,14.0,18.0,17.0,19.5,18.625,4.434711565216691,8,3,35,-0.8660254037844385,-0.5000000000000004,0,0.0
SKU011,2025-09-07,16,18.0,11.0,24.0,22.0,18.0,17.75,16.875,6.238322424070968,9,3,36,-1.0,-1.8369701987210297e-16,1,0.0
SKU011,2025-09-14,16,22.0,16.0,11.0,14.0,22.0,16.25,17.125,5.560275772537426,9,3,37,-1.0,-1.8369701987210297e-16,1,1.0
SKU011,2025-09-21,16,15.0,16.0,16.0,24.0,15.0,16.75,16.5,5.377421934967226,9,3,38,-1.0,-1.8369701987210297e-16,1,1.0
SKU011,2025-09-28,11,18.0,16.0,16.0,11.0,18.0,14.75,17.125,2.5000000000000013,9,3,39,-1.0,-1.8369701987210297e-16,1,1.0
SKU011,2025-10-05,28,11.0,11.0,16.0,16.0,11.0,14.75,16.25,2.5,10,4,40,-0.8660254037844386,0.5000000000000001,0,1.0
SKU011,2025-10-12,16,16.0,28.0,11.0,16.0,16.0,17.75,17.0,7.2284161474004796,10,4,41,-0.8660254037844386,0.5000000000000001,0,0.0
SKU011,2025-10-19,11,13.0,16.0,28.0,16.0,13.0,17.75,17.25,7.2284161474004796,10,4,42,-0.8660254037844386,0.5000000000000001,0,0.0
SKU011,2025-10-26,18,9.0,11.0,16.0,11.0,9.0,16.5,15.625,8.020806277010642,10,4,43,-0.8660254037844386,0.5000000000000001,0,0.0
SKU011,2025-11-02,19,15.0,18.0,11.0,28.0,15.0,18.25,16.5,7.135591542869214,11,4,44,-0.5000000000000004,0.8660254037844384,1,0.0
SKU011,2025-11-09,19,11.0,19.0,18.0,16.0,11.0,16.0,16.875,3.5590260840104357,11,4,45,-0.5000000000000004,0.8660254037844384,1,1.0
SKU011,2025-11-16,25,16.0,19.0,19.0,11.0,16.0,16.75,17.25,3.862210075418821,11,4,46,-0.5000000000000004,0.8660254037844384,1,1.0
SKU011,2025-11-23,9,25.0,25.0,19.0,18.0,25.0,20.25,18.375,3.201562118716422,11,4,47,-0.5000000000000004,0.8660254037844384,1,1.0
SKU011,2025-11-30,15,22.0,9.0,25.0,19.0,22.0,18.0,18.125,6.633249580710798,11,4,48,-0.5000000000000004,0.8660254037844384,1,1.0
SKU011,2025-12-07,17,25.0,15.0,9.0,19.0,25.0,17.0,16.5,6.733003292241384,12,4,49,-2.4492935982947064e-16,1.0,0,1.0
SKU011,2025-12-14,23,15.0,17.0,15.0,25.0,15.0,16.5,16.625,6.608075867199668,12,4,50,-2.4492935982947064e-16,1.0,0,0.0
SKU011,2025-12-21,18,20.0,23.0,17.0,9.0,20.0,16.0,18.125,5.773502691896256,12,4,51,-2.4492935982947064e-16,1.0,0,0.0
SKU011,2025-12-28,22,17.0,18.0,23.0,15.0,17.0,18.25,18.125,3.4034296427770205,12,4,52,-2.4492935982947064e-16,1.0,0,0.0
SKU012,2024-01-07,181,,,,,,,,,1,1,1,0.49999999999999994,0.8660254037844387,0,
SKU012,2024-01-14,176,,181.0,,,,,,,1,1,2,0.49999999999999994,0.8660254037844387,0,0.0
SKU012,2024-01-21,178,,176.0,181.0,,,,,,1,1,3,0.49999999999999994,0.8660254037844387,0,0.0
SKU012,2024-01-28,185,,178.0,176.0,,,,,,1,1,4,0.49999999999999994,0.8660254037844387,0,0.0
SKU012,2024-02-04,186,,185.0,178.0,181.0,,180.0,,3.9157800414902417,2,1,5,0.8660254037844386,0.5000000000000001,0,0.0
SKU012,2024-02-11,206,,186.0,185.0,176.0,,181.25,,4.9916597106239795,2,1,6,0.8660254037844386,0.5000000000000001,0,0.0
SKU012,2024-02-18,192,,206.0,186.0,178.0,,188.75,,12.0381338531629,2,1,7,0.8660254037844386,0.5000000000000001,0,0.0
SKU012,2024-02-25,190,,192.0,206.0,185.0,,192.25,,9.673847907287632,2,1,8,0.8660254037844386,0.5000000000000001,0,0.0
SKU012,2024-03-03,229,,190.0,192.0,186.0,,193.5,186.75,8.69865890046659,3,1,9,1.0,6.123233995736766e-17,1,0.0
SKU012,2024-03-10,205,,229.0,190.0,206.0,,204.25,192.75,17.969882210706523,3,1,10,1.0,6.123233995736766e-17,1,1.0
SKU012,2024-03-17,206,,205.0,229.0,192.0,,204.0,196.375,17.944358444926362,3,1,11,1.0,6.123233995736766e-17,1,1.0
SKU012,2024-03-24,210,,206.0,205.0,190.0,,207.5,199.875,16.09347693943108,3,1,12,1.0,6.123233995736766e-17,1,1.0
SKU012,2024-03-31,231,,210.0,206.0,229.0,,212.5,203.0,11.21011448053349,3,1,13,1.0,6.123233995736766e-17,1,1.0
SKU012,2024-04-07,223,,231.0,210.0,205.0,,213.0,208.625,12.19289410544792,4,2,14,0.8660254037844387,-0.4999999999999998,0,1.0
SKU012,2024-04-14,211,,223.0,231.0,206.0,,217.5,210.75,11.561430130683084,4,2,15,0.8660254037844387,-0.4999999999999998,0,0.0
SKU012,2024-04-21,216,,211.0,223.0,210.0,,218.75,213.125,10.07885575516057,4,2,16,0.8660254037844387,-0.4999999999999998,0,0.0
SKU012,2024-04-28,217,,216.0,211.0,231.0,,220.25,216.375,8.693867570496652,4,2,17,0.8660254037844387,-0.4999999999999998,0,0.0
SKU012,2024-05-05,209,,217.0,216.0,223.0,,216.75,214.875,4.92442890089805,5,2,18,0.49999999999999994,-0.8660254037844387,0,0.0
SKU012,2024-05-12,210,,209.0,217.0,211.0,,213.25,215.375,3.862210075418816,5,2,19,0.49999999999999994,-0.8660254037844387,0,0.0
SKU012,2024-05-19,188,,210.0,209.0,216.0,,213.0,215.875,4.082482904638624,5,2,20,0.49999999999999994,-0.8660254037844387,0,0.0
SKU012,2024-05-26,183,,188.0,210.0,217.0,,206.0,213.125,12.516655570345723,5,2,21,0.49999999999999994,-0.8660254037844387,0,0.0
SKU012,2024-06-02,204,,183.0,188.0,209.0,,197.5,207.125,14.011899704655804,6,2,22,1.2246467991473532e-16,-1.0,1,0.0
SKU012,2024-06-09,205,,204.0,183.0,210.0,,196.25,204.75,12.816005617976298,6,2,23,1.2246467991473532e-16,-1.0,1,1.0
SKU012,2024-06-16,230,,205.0,204.0,188.0,,195.0,204.0,11.165422816296152,6,2,24,1.2246467991473532e-16,-1.0,1,1.0
SKU012,2024-06-23,213,,230.0,205.0,183.0,,205.5,205.75,19.226717521892983,6,2,25,1.2246467991473532e-16,-1.0,1,1.0
SKU012,2024-06-30,202,,213.0,230.0,204.0,,213.0,205.25,12.027745701779143,6,2,26,1.2246467991473532e-16,-1.0,1,1.0
SKU012,2024-07-07,173,,202.0,213.0,205.0,,212.5,204.375,12.556538801224908,7,3,27,-0.4999999999999997,-0.8660254037844388,0,1.0
SKU012,2024-07-14,174,,173.0,202.0,230.0,,204.5,199.75,23.951339558919592,7,3,28,-0.4999999999999997,-0.8660254037844388,0,0.0
SKU012,2024-07-21,190,,174.0,173.0,213.0,,190.5,198.0,20.141168453361058,7,3,29,-0.4999999999999997,-0.8660254037844388,0,0.0
SKU012,2024-07-28,198,,190.0,174.0,202.0,,184.75,198.875,13.889444433333777,7,3,30,-0.4999999999999997,-0.8660254037844388,0,0.0
SKU012,2024-08-04,163,,198.0,190.0,173.0,,183.75,198.125,12.284814474246922,8,3,31,-0.8660254037844385,-0.5000000000000004,0,0.0
SKU012,2024-08-11,163,,163.0,198.0,174.0,,181.25,192.875,15.73478100684383,8,3,32,-0.8660254037844385,-0.5000000000000004,0,0.0
SKU012,2024-08-18,154,,163.0,163.0,190.0,,178.5,184.5,18.193405398660254,8,3,33,-0.8660254037844385,-0.5000000000000004,0,0.0
SKU012,2024-08-25,169,,154.0,163.0,198.0,,169.5,177.125,19.467922333931785,8,3,34,-0.8660254037844385,-0.5000000000000004,0,0.0
SKU012,2024-09-01,176,,169.0,154.0,163.0,,162.25,173.0,6.184658438426484,9,3,35,-1.0,-1.8369701987210297e-16,1,0.0
SKU012,2024-09-08,151,,176.0,169.0,163.0,,165.5,173.375,9.327379053088812,9,3,36,-1.0,-1.8369701987210297e-16,1,1.0
SKU012,2024-09-15,167,,151.0,176.0,154.0,,162.5,170.5,11.958260743101397,9,3,37,-1.0,-1.8369701987210297e-16,1,1.0
SKU012,2024-09-22,163,,167.0,151.0,169.0,,165.75,167.625,10.563301251660546,9,3,38,-1.0,-1.8369701987210297e-16,1,1.0
SKU012,2024-09-29,174,,163.0,167.0,176.0,,164.25,163.25,10.372238588334401,9,3,39,-1.0,-1.8369701987210297e-16,1,1.0
SKU012,2024-10-06,144,,174.0,163.0,151.0,,163.75,164.625,9.639329160614164,10,4,40,-0.8660254037844386,0.5000000000000001,0,1.0
SKU012,2024-10-13,144,,144.0,174.0,167.0,,162.0,162.25,12.832251036613433,10,4,41,-0.8660254037844386,0.5000000000000001,0,0.0
SKU012,2024-10-20,144,,144.0,144.0,163.0,,156.25,161.0,14.84082207965583,10,4,42,-0.8660254037844386,0.5000000000000001,0,0.0
SKU012,2024-10-27,140,,144.0,144.0,174.0,,151.5,157.875,14.999999999999998,10,4,43,-0.8660254037844386,0.5000000000000001,0,0.0
SKU012,2024-11-03,183,,140.0,144.0,144.0,,143.0,153.375,2.0,11,4,44,-0.5000000000000004,0.8660254037844384,1,0.0
SKU012,2024-11-10,156,,183.0,140.0,144.0,,152.75,157.375,20.254629100529097,11,4,45,-0.5000000000000004,0.8660254037844384,1,1.0
SKU012,2024-11-17,179,,156.0,183.0,144.0,,155.75,156.0,19.397164741270828,11,4,46,-0.5000000000000004,0.8660254037844384,1,1.0
SKU012,2024-11-24,177,,179.0,156.0,140.0,,164.5,158.0,20.207259421636905,11,4,47,-0.5000000000000004,0.8660254037844384,1,1.0
SKU012,2024-12-01,170,,177.0,179.0,183.0,,173.75,158.375,12.093386622447838,12,4,48,-2.4492935982947064e-16,1.0,1,1.0
SKU012,2024-12-08,147,,170.0,177.0,156.0,,170.5,161.625,10.408329997330677,12,4,49,-2.4492935982947064e-16,1.0,0,1.0
SKU012,2024-12-15,184,,147.0,170.0,179.0,,168.25,162.0,14.682756326158028,12,4,50,-2.4492935982947064e-16,1.0,0,0.0
SKU012,2024-12-22,161,,184.0,147.0,177.0,,169.5,167.0,16.051998837112684,12,4,51,-2.4492935982947064e-16,1.0,0,0.0
SKU012,2024-12-29,161,,161.0,184.0,170.0,,165.5,169.625,15.545631755148035,12,4,52,-2.4492935982947064e-16,1.0,0,0.0
SKU012,2025-01-05,161,181.0,161.0,161.0,147.0,181.0,163.25,166.875,15.326991442115016,1,1,1,0.49999999999999994,0.8660254037844387,0,0.0
SKU012,2025-01-12,180,176.0,161.0,161.0,184.0,176.0,166.75,167.5,11.500000000000014,1,1,2,0.49999999999999994,0.8660254037844387,0,0.0
SKU012,2025-01-19,194,178.0,180.0,161.0,161.0,178.0,165.75,167.625,9.5,1,1,3,0.49999999999999994,0.8660254037844387,0,0.0
SKU012,2025-01-26,191,185.0,194.0,180.0,161.0,185.0,174.0,169.75,16.06237840420901,1,1,4,0.49999999999999994,0.8660254037844387,0,0.0
SKU012,2025-02-02,172,186.0,191.0,194.0,161.0,186.0,181.5,172.375,14.933184523068073,2,1,5,0.8660254037844386,0.5000000000000001,0,0.0
SKU012,2025-02-09,195,206.0,172.0,191.0,180.0,206.0,184.25,175.5,10.144785195688794,2,1,6,0.8660254037844386,0.5000000000000001,0,0.0
SKU012,2025-02-16,203,192.0,195.0,172.0,194.0,192.0,188.0,176.875,10.801234497346428,2,1,7,0.8660254037844386,0.5000000000000001,0,0.0
SKU012,2025-02-23,214,190.0,203.0,195.0,191.0,190.0,190.25,182.125,13.149778198382911,2,1,8,0.8660254037844386,0.5000000000000001,0,0.0
SKU012,2025-03-02,208,229.0,214.0,203.0,172.0,229.0,196.0,188.75,17.795130420052182,3,1,9,1.0,6.123233995736766e-17,1,0.0
SKU012,2025-03-09,224,205.0,208.0,214.0,195.0,205.0,205.0,194.625,8.041558721209872,3,1,10,1.0,6.123233995736766e-17,1,1.0
SKU012,2025-03-16,217,206.0,224.0,208.0,203.0,206.0,212.25,200.125,9.032349269892809,3,1,11,1.0,6.123233995736766e-17,1,1.0
SKU012,2025-03-23,217,210.0,217.0,224.0,214.0,210.0,215.75,203.0,6.652067347825019,3,1,12,1.0,6.123233995736766e-17,1,1.0
SKU012,2025-03-30,253,231.0,217.0,217.0,208.0,231.0,216.5,206.25,6.5574385243019835,3,1,13,1.0,6.123233995736766e-17,1,1.0
SKU012,2025-04-06,218,223.0,253.0,217.0,224.0,223.0,227.75,216.375,17.153716798408436,4,2,14,0.8660254037844387,-0.4999999999999998,0,1.0
SKU012,2025-04-13,195,211.0,218.0,253.0,217.0,211.0,226.25,219.25,17.839562774911265,4,2,15,0.8660254037844387,-0.4999999999999998,0,0.0
SKU012,2025-04-20,198,216.0,195.0,218.0,217.0,216.0,220.75,218.25,23.977419933484637,4,2,16,0.8660254037844387,-0.4999999999999998,0,0.0
SKU012,2025-04-27,210,217.0,198.0,195.0,253.0,217.0,216.0,216.25,26.695817400234564,4,2,17,0.8660254037844387,-0.4999999999999998,0,0.0
SKU012,2025-05-04,202,209.0,210.0,198.0,218.0,209.0,205.25,216.5,10.688779163215957,5,2,18,0.49999999999999994,-0.8660254037844387,0,0.0
SKU012,2025-05-11,196,210.0,202.0,210.0,195.0,210.0,201.25,213.75,6.499999999999968,5,2,19,0.49999999999999994,-0.8660254037844387,0,0.0
SKU012,2025-05-18,206,188.0,196.0,202.0,198.0,188.0,201.5,211.125,6.191391873668869,5,2,20,0.49999999999999994,-0.8660254037844387,0,0.0
SKU012,2025-05-25,202,183.0,206.0,196.0,210.0,183.0,203.5,209.75,5.972157622389606,5,2,21,0.49999999999999994,-0.8660254037844387,0,0.0
SKU012,2025-06-01,200,204.0,202.0,206.0,202.0,204.0,201.5,203.375,4.123105625617614,6,2,22,1.2246467991473532e-16,-1.0,1,0.0
SKU012,2025-06-08,205,205.0,200.0,202.0,196.0,205.0,201.0,201.125,4.16333199893222,6,2,23,1.2246467991473532e-16,-1.0,1,1.0
SKU012,2025-06-15,204,230.0,205.0,200.0,206.0,230.0,203.25,202.375,2.753785273642986,6,2,24,1.2246467991473532e-16,-1.0,1,1.0
SKU012,2025-06-22,190,213.0,204.0,205.0,202.0,213.0,202.75,203.125,2.2173557826082653,6,2,25,1.2246467991473532e-16,-1.0,1,1.0
SKU012,2025-06-29,173,202.0,190.0,204.0,200.0,202.0,199.75,200.625,6.84957419601148,6,2,26,1.2246467991473532e-16,-1.0,1,1.0
SKU012,2025-07-06,171,173.0,173.0,190.0,205.0,173.0,193.0,197.0,14.988884770611397,7,3,27,-0.4999999999999997,-0.8660254037844388,0,1.0
SKU012,2025-07-13,189,174.0,171.0,173.0,204.0,174.0,184.5,193.875,15.545631755148012,7,3,28,-0.4999999999999997,-0.8660254037844388,0,0.0
SKU012,2025-07-20,179,190.0,189.0,171.0,190.0,190.0,180.75,191.75,10.14478519568878,7,3,29,-0.4999999999999997,-0.8660254037844388,0,0.0
SKU012,2025-07-27,155,198.0,179.0,189.0,173.0,198.0,178.0,188.875,8.082903768654733,7,3,30,-0.4999999999999997,-0.8660254037844388,0,0.0
SKU012,2025-08-03,160,163.0,155.0,179.0,171.0,163.0,173.5,183.25,14.364307617610145,8,3,31,-0.8660254037844385,-0.5000000000000004,0,0.0
SKU012,2025-08-10,163,163.0,160.0,155.0,189.0,163.0,170.75,177.625,15.966109941581456,8,3,32,-0.8660254037844385,-0.5000000000000004,0,0.0
SKU012,2025-08-17,177,154.0,163.0,160.0,179.0,154.0,164.25,172.5,10.372238588334382,8,3,33,-0.8660254037844385,-0.5000000000000004,0,0.0
SKU012,2025-08-24,178,169.0,177.0,163.0,155.0,169.0,163.75,170.875,9.429563439877063,8,3,34,-0.8660254037844385,-0.5000000000000004,0,0.0
SKU012,2025-08-31,171,176.0,178.0,177.0,160.0,176.0,169.5,171.5,9.32737905308879,8,3,35,-0.8660254037844385,-0.5000000000000004,0,0.0
SKU012,2025-09-07,180,151.0,171.0,178.0,163.0,151.0,172.25,171.5,6.898067362191594,9,3,36,-1.0,-1.8369701987210297e-16,1,0.0
SKU012,2025-09-14,160,167.0,180.0,171.0,177.0,167.0,176.5,170.375,3.8729833462073553,9,3,37,-1.0,-1.8369701987210297e-16,1,1.0
SKU012,2025-09-21,171,163.0,160.0,180.0,178.0,163.0,172.25,168.0,9.032349269892794,9,3,38,-1.0,-1.8369701987210297e-16,1,1.0
SKU012,2025-09-28,150,174.0,171.0,160.0,171.0,174.0,170.5,170.0,8.185352771872425,9,3,39,-1.0,-1.8369701987210297e-16,1,1.0
SKU012,2025-10-05,136,144.0,150.0,171.0,180.0,144.0,165.25,168.75,13.047988350699875,10,4,40,-0.8660254037844386,0.5000000000000001,0,1.0
SKU012,2025-10-12,140,144.0,136.0,150.0,160.0,144.0,154.25,165.375,14.885675440951044,10,4,41,-0.8660254037844386,0.5000000000000001,0,0.0
SKU012,2025-10-19,128,144.0,140.0,136.0,171.0,144.0,149.25,160.75,15.649813630413188,10,4,42,-0.8660254037844386,0.5000000000000001,0,0.0
SKU012,2025-10-26,141,140.0,128.0,140.0,150.0,140.0,138.5,154.5,9.146948489341483,10,4,43,-0.8660254037844386,0.5000000000000001,0,0.0
SKU012,2025-11-02,151,183.0,141.0,128.0,136.0,183.0,136.25,150.75,5.909032633745258,11,4,44,-0.5000000000000004,0.8660254037844384,1,0.0
SKU012,2025-11-09,155,156.0,151.0,141.0,140.0,156.0,140.0,147.125,9.416297927883674,11,4,45,-0.5000000000000004,0.8660254037844384,1,1.0
SKU012,2025-11-16,163,179.0,155.0,151.0,128.0,179.0,143.75,146.5,12.038133853162888,11,4,46,-0.5000000000000004,0.8660254037844384,1,1.0
SKU012,2025-11-23,155,177.0,163.0,155.0,141.0,177.0,152.5,145.5,9.14694848934148,11,4,47,-0.5000000000000004,0.8660254037844384,1,1.0
SKU012,2025-11-30,161,170.0,155.0,163.0,151.0,170.0,156.0,146.125,5.033222956847135,11,4,48,-0.5000000000000004,0.8660254037844384,1,1.0
SKU012,2025-12-07,167,147.0,161.0,155.0,155.0,147.0,158.5,149.25,4.123105625617626,12,4,49,-2.4492935982947064e-16,1.0,0,1.0
SKU012,2025-12-14,155,184.0,167.0,161.0,163.0,184.0,161.5,152.625,4.999999999999974,12,4,50,-2.4492935982947064e-16,1.0,0,0.0
SKU012,2025-12-21,171,161.0,155.0,167.0,155.0,161.0,159.5,156.0,5.7445626465380055,12,4,51,-2.4492935982947064e-16,1.0,0,0.0
SKU012,2025-12-28,150,161.0,171.0,155.0,161.0,161.0,163.5,159.75,6.999999999999981,12,4,52,-2.4492935982947064e-16,1.0,0,0.0
SKU013,2024-01-07,101,,,,,,,,,1,1,1,0.49999999999999994,0.8660254037844387,0,
SKU013,2024-01-14,99,,101.0,,,,,,,1,1,2,0.49999999999999994,0.8660254037844387,0,0.0
SKU013,2024-01-21,105,,99.0,101.0,,,,,,1,1,3,0.49999999999999994,0.8660254037844387,0,0.0
SKU013,2024-01-28,97,,105.0,99.0,,,,,,1,1,4,0.49999999999999994,0.8660254037844387,0,0.0
SKU013,2024-02-04,98,,97.0,105.0,101.0,,100.5,,3.415650255319866,2,1,5,0.8660254037844386,0.5000000000000001,0,0.0
SKU013,2024-02-11,117,,98.0,97.0,99.0,,99.75,,3.5939764421413036,2,1,6,0.8660254037844386,0.5000000000000001,0,0.0
SKU013,2024-02-18,111,,117.0,98.0,105.0,,104.25,,9.215023964519391,2,1,7,0.8660254037844386,0.5000000000000001,0,0.0
SKU013,2024-02-25,94,,111.0,117.0,97.0,,105.75,,9.844626283748239,2,1,8,0.8660254037844386,0.5000000000000001,0,0.0
SKU013,2024-03-03,130,,94.0,111.0,98.0,,105.0,102.75,10.801234497346433,3,1,9,1.0,6.123233995736766e-17,1,0.0
SKU013,2024-03-10,120,,130.0,94.0,117.0,,113.0,106.375,14.944341180973264,3,1,10,1.0,6.123233995736766e-17,1,1.0
SKU013,2024-03-17,137,,120.0,130.0,111.0,,113.75,109.0,15.283433296656002,3,1,11,1.0,6.123233995736766e-17,1,1.0
SKU013,2024-03-24,138,,137.0,120.0,94.0,,120.25,113.0,18.83923211457056,3,1,12,1.0,6.123233995736766e-17,1,1.0
SKU013,2024-03-31,108,,138.0,137.0,130.0,,131.25,118.125,8.301606270274847,3,1,13,1.0,6.123233995736766e-17,1,1.0
SKU013,2024-04-07,114,,108.0,138.0,120.0,,125.75,119.375,14.43086968966181,4,2,14,0.8660254037844387,-0.4999999999999998,0,1.0
SKU013,2024-04-14,110,,114.0,108.0,137.0,,124.25,119.0,15.499999999999996,4,2,15,0.8660254037844387,-0.4999999999999998,0,0.0
SKU013,2024-04-21,128,,110.0,114.0,138.0,,117.5,118.875,13.892443989449802,4,2,16,0.8660254037844387,-0.4999999999999998,0,0.0
SKU013,2024-04-28,102,,128.0,110.0,108.0,,115.0,123.125,9.018499505645785,4,2,17,0.8660254037844387,-0.4999999999999998,0,0.0
SKU013,2024-05-05,108,,102.0,128.0,114.0,,113.5,119.625,10.878112581387143,5,2,18,0.49999999999999994,-0.8660254037844387,0,0.0
SKU013,2024-05-12,120,,108.0,102.0,110.0,,112.0,118.125,11.195237082497773,5,2,19,0.49999999999999994,-0.8660254037844387,0,0.0
SKU013,2024-05-19,103,,120.0,108.0,128.0,,114.5,116.0,11.704699910719622,5,2,20,0.49999999999999994,-0.8660254037844387,0,0.0
SKU013,2024-05-26,113,,103.0,120.0,102.0,,108.25,111.625,8.261355820929147,5,2,21,0.49999999999999994,-0.8660254037844387,0,0.0
SKU013,2024-06-02,134,,113.0,103.0,108.0,,111.0,112.25,7.257180352359074,6,2,22,1.2246467991473532e-16,-1.0,1,0.0
SKU013,2024-06-09,112,,134.0,113.0,120.0,,117.5,114.75,13.025615788386613,6,2,23,1.2246467991473532e-16,-1.0,1,1.0
SKU013,2024-06-16,92,,112.0,134.0,103.0,,115.5,115.0,13.127579111676809,6,2,24,1.2246467991473532e-16,-1.0,1,1.0
SKU013,2024-06-23,107,,92.0,112.0,113.0,,112.75,110.5,17.153716798408443,6,2,25,1.2246467991473532e-16,-1.0,1,1.0
SKU013,2024-06-30,107,,107.0,92.0,134.0,,111.25,111.125,17.38533865071371,6,2,26,1.2246467991473532e-16,-1.0,1,1.0
SKU013,2024-07-07,94,,107.0,107.0,112.0,,104.5,111.0,8.660254037844386,7,3,27,-0.4999999999999997,-0.8660254037844388,0,1.0
SKU013,2024-07-14,95,,94.0,107.0,92.0,,100.0,107.75,8.124038404635959,7,3,28,-0.4999999999999997,-0.8660254037844388,0,0.0
SKU013,2024-07-21,86,,95.0,94.0,107.0,,100.75,106.75,7.228416147400479,7,3,29,-0.4999999999999997,-0.8660254037844388,0,0.0
SKU013,2024-07-28,107,,86.0,95.0,107.0,,95.5,103.375,8.660254037844387,7,3,30,-0.4999999999999997,-0.8660254037844388,0,0.0
SKU013,2024-08-04,104,,107.0,86.0,94.0,,95.5,100.0,8.660254037844387,8,3,31,-0.8660254037844385,-0.5000000000000004,0,0.0
SKU013,2024-08-11,85,,104.0,107.0,95.0,,98.0,99.0,9.486832980505138,8,3,32,-0.8660254037844385,-0.5000000000000004,0,0.0
SKU013,2024-08-18,71,,85.0,104.0,86.0,,95.5,98.125,11.61895003862225,8,3,33,-0.8660254037844385,-0.5000000000000004,0,0.0
SKU013,2024-08-25,91,,71.0,85.0,107.0,,91.75,93.625,16.91892431568863,8,3,34,-0.8660254037844385,-0.5000000000000004,0,0.0
SKU013,2024-09-01,86,,91.0,71.0,104.0,,87.75,91.625,13.696106502701175,9,3,35,-1.0,-1.8369701987210297e-16,1,0.0
SKU013,2024-09-08,98,,86.0,91.0,85.0,,83.25,90.625,8.578072821638516,9,3,36,-1.0,-1.8369701987210297e-16,1,1.0
SKU013,2024-09-15,101,,98.0,86.0,71.0,,86.5,91.0,11.445523142259598,9,3,37,-1.0,-1.8369701987210297e-16,1,1.0
SKU013,2024-09-22,84,,101.0,98.0,91.0,,94.0,92.875,6.782329983125268,9,3,38,-1.0,-1.8369701987210297e-16,1,1.0
SKU013,2024-09-29,99,,84.0,101.0,86.0,,92.25,90.0,8.5,9,3,39,-1.0,-1.8369701987210297e-16,1,1.0
SKU013,2024-10-06,68,,99.0,84.0,98.0,,95.5,89.375,7.76745346515403,10,4,40,-0.8660254037844386,0.5000000000000001,0,1.0
SKU013,2024-10-13,75,,68.0,99.0,101.0,,88.0,87.25,15.340577998671804,10,4,41,-0.8660254037844386,0.5000000000000001,0,0.0
SKU013,2024-10-20,80,,75.0,68.0,84.0,,81.5,87.75,13.379088160259656,10,4,42,-0.8660254037844386,0.5000000000000001,0,0.0
SKU013,2024-10-27,64,,80.0,75.0,99.0,,80.5,86.375,13.279056191361397,10,4,43,-0.8660254037844386,0.5000000000000001,0,0.0
SKU013,2024-11-03,93,,64.0,80.0,68.0,,71.75,83.625,7.1355915428692205,11,4,44,-0.5000000000000004,0.8660254037844384,1,0.0
SKU013,2024-11-10,72,,93.0,64.0,75.0,,78.0,83.0,12.027745701779146,11,4,45,-0.5000000000000004,0.8660254037844384,1,1.0
SKU013,2024-11-17,96,,72.0,93.0,80.0,,77.25,79.375,12.365947867699699,11,4,46,-0.5000000000000004,0.8660254037844384,1,1.0
SKU013,2024-11-24,101,,96.0,72.0,64.0,,81.25,80.875,15.692354826475219,11,4,47,-0.5000000000000004,0.8660254037844384,1,1.0
SKU013,2024-12-01,81,,101.0,96.0,93.0,,90.5,81.125,12.767145334803708,12,4,48,-2.4492935982947064e-16,1.0,1,1.0
SKU013,2024-12-08,95,,81.0,101.0,72.0,,87.5,82.75,13.379088160259656,12,4,49,-2.4492935982947064e-16,1.0,0,1.0
SKU013,2024-12-15,94,,95.0,81.0,96.0,,93.25,85.25,8.578072821638516,12,4,50,-2.4492935982947064e-16,1.0,0,0.0
SKU013,2024-12-22,84,,94.0,95.0,101.0,,92.75,87.0,8.421203397773189,12,4,51,-2.4492935982947064e-16,1.0,0,0.0
SKU013,2024-12-29,83,,84.0,94.0,81.0,,88.5,89.5,7.0474581706219945,12,4,52,-2.4492935982947064e-16,1.0,0,0.0
SKU013,2025-01-05,82,101.0,83.0,84.0,95.0,101.0,89.0,88.25,6.377042156569667,1,1,1,0.49999999999999994,0.8660254037844387,0,0.0
SKU013,2025-01-12,93,99.0,82.0,83.0,94.0,99.0,85.75,89.5,5.560275772537429,1,1,2,0.49999999999999994,0.8660254037844387,0,0.0
SKU013,2025-01-19,98,105.0,93.0,82.0,84.0,105.0,85.5,89.125,5.066228051190225,1,1,3,0.49999999999999994,0.8660254037844387,0,0.0
SKU013,2025-01-26,87,97.0,98.0,93.0,83.0,97.0,89.0,88.75,7.788880963698618,1,1,4,0.49999999999999994,0.8660254037844387,0,0.0
SKU013,2025-02-02,91,98.0,87.0,98.0,82.0,98.0,90.0,89.5,6.976149845485453,2,1,5,0.8660254037844386,0.5000000000000001,0,0.0
SKU013,2025-02-09,97,117.0,91.0,87.0,93.0,117.0,92.25,89.0,4.573474244670751,2,1,6,0.8660254037844386,0.5000000000000001,0,0.0
SKU013,2025-02-16,97,111.0,97.0,91.0,98.0,111.0,93.25,89.375,5.1881274720911295,2,1,7,0.8660254037844386,0.5000000000000001,0,0.0
SKU013,2025-02-23,100,94.0,97.0,97.0,87.0,94.0,93.0,91.0,4.898979485566359,2,1,8,0.8660254037844386,0.5000000000000001,0,0.0
SKU013,2025-03-02,105,130.0,100.0,97.0,91.0,130.0,96.25,93.125,3.7749172176353785,3,1,9,1.0,6.123233995736766e-17,1,0.0
SKU013,2025-03-09,110,120.0,105.0,100.0,97.0,120.0,99.75,96.0,3.7749172176353785,3,1,10,1.0,6.123233995736766e-17,1,1.0
SKU013,2025-03-16,110,137.0,110.0,105.0,97.0,137.0,103.0,98.125,5.715476066494083,3,1,11,1.0,6.123233995736766e-17,1,1.0
SKU013,2025-03-23,115,138.0,110.0,110.0,100.0,138.0,106.25,99.625,4.787135538781692,3,1,12,1.0,6.123233995736766e-17,1,1.0
SKU013,2025-03-30,127,108.0,115.0,110.0,105.0,108.0,110.0,103.125,4.082482904638634,3,1,13,1.0,6.123233995736766e-17,1,1.0
SKU013,2025-04-06,111,114.0,127.0,115.0,110.0,114.0,115.5,107.625,8.020806277010644,4,2,14,0.8660254037844387,-0.4999999999999998,0,1.0
SKU013,2025-04-13,105,110.0,111.0,127.0,110.0,110.0,115.75,109.375,7.804912982645398,4,2,15,0.8660254037844387,-0.4999999999999998,0,0.0
SKU013,2025-04-20,114,128.0,105.0,111.0,115.0,128.0,114.5,110.375,9.29157324317757,4,2,16,0.8660254037844387,-0.4999999999999998,0,0.0
SKU013,2025-04-27,110,102.0,114.0,105.0,127.0,102.0,114.25,112.125,9.287087810503357,4,2,17,0.8660254037844387,-0.4999999999999998,0,0.0
SKU013,2025-05-04,109,108.0,110.0,114.0,111.0,108.0,110.0,112.75,3.741657386773944,5,2,18,0.49999999999999994,-0.8660254037844387,0,0.0
SKU013,2025-05-11,139,120.0,109.0,110.0,105.0,120.0,109.5,112.625,3.6968455021364752,5,2,19,0.49999999999999994,-0.8660254037844387,0,0.0
SKU013,2025-05-18,106,103.0,139.0,109.0,114.0,103.0,118.0,116.25,14.165686240583854,5,2,20,0.49999999999999994,-0.8660254037844387,0,0.0
SKU013,2025-05-25,90,113.0,106.0,139.0,110.0,113.0,116.0,115.125,15.427248620541512,5,2,21,0.49999999999999994,-0.8660254037844387,0,0.0
SKU013,2025-06-01,117,134.0,90.0,106.0,109.0,134.0,111.0,110.5,20.445048300260872,6,2,22,1.2246467991473532e-16,-1.0,1,0.0
SKU013,2025-06-08,99,112.0,117.0,90.0,139.0,112.0,113.0,111.25,20.575065816014618,6,2,23,1.2246467991473532e-16,-1.0,1,1.0
SKU013,2025-06-15,115,92.0,99.0,117.0,106.0,92.0,103.0,110.5,11.401754250991377,6,2,24,1.2246467991473532e-16,-1.0,1,1.0
SKU013,2025-06-22,118,107.0,115.0,99.0,90.0,107.0,105.25,110.625,12.971121771072845,6,2,25,1.2246467991473532e-16,-1.0,1,1.0
SKU013,2025-06-29,128,107.0,118.0,115.0,117.0,107.0,112.25,111.625,8.920949127381755,6,2,26,1.2246467991473532e-16,-1.0,1,1.0
SKU013,2025-07-06,101,94.0,128.0,118.0,99.0,94.0,115.0,114.0,12.027745701779143,7,3,27,-0.4999999999999997,-0.8660254037844388,0,1.0
SKU013,2025-07-13,109,95.0,101.0,128.0,115.0,95.0,115.5,109.25,11.150485789118486,7,3,28,-0.4999999999999997,-0.8660254037844388,0,0.0
SKU013,2025-07-20,87,86.0,109.0,101.0,118.0,86.0,114.0,109.625,11.63328557774343,7,3,29,-0.4999999999999997,-0.8660254037844388,0,0.0
SKU013,2025-07-27,87,107.0,87.0,109.0,128.0,107.0,106.25,109.25,17.114808402861737,7,3,30,-0.4999999999999997,-0.8660254037844388,0,0.0
SKU013,2025-08-03,85,104.0,87.0,87.0,101.0,104.0,96.0,105.5,10.893423092245461,8,3,31,-0.8660254037844385,-0.5000000000000004,0,0.0
SKU013,2025-08-10,82,85.0,85.0,87.0,109.0,85.0,92.0,103.75,11.372481406154654,8,3,32,-0.8660254037844385,-0.5000000000000004,0,0.0
SKU013,2025-08-17,106,71.0,82.0,85.0,87.0,71.0,85.25,99.625,2.3629078131262924,8,3,33,-0.8660254037844385,-0.5000000000000004,0,0.0
SKU013,2025-08-24,96,91.0,106.0,82.0,87.0,91.0,90.0,98.125,10.862780491200212,8,3,34,-0.8660254037844385,-0.5000000000000004,0,0.0
SKU013,2025-08-31,84,86.0,96.0,106.0,85.0,86.0,92.25,94.125,10.965856099730651,8,3,35,-0.8660254037844385,-0.5000000000000004,0,0.0
SKU013,2025-09-07,99,98.0,84.0,96.0,82.0,98.0,92.0,92.0,11.195237082497773,9,3,36,-1.0,-1.8369701987210297e-16,1,0.0
SKU013,2025-09-14,105,101.0,99.0,84.0,106.0,101.0,96.25,90.75,9.178779875342906,9,3,37,-1.0,-1.8369701987210297e-16,1,1.0
SKU013,2025-09-21,82,84.0,105.0,99.0,96.0,84.0,96.0,93.0,8.831760866327844,9,3,38,-1.0,-1.8369701987210297e-16,1,1.0
SKU013,2025-09-28,82,99.0,82.0,105.0,84.0,99.0,92.5,92.375,11.269427669584642,9,3,39,-1.0,-1.8369701987210297e-16,1,1.0
SKU013,2025-10-05,96,68.0,82.0,82.0,99.0,68.0,92.0,92.0,11.803954139750513,10,4,40,-0.8660254037844386,0.5000000000000001,0,1.0
SKU013,2025-10-12,87,75.0,96.0,82.0,105.0,75.0,91.25,93.75,11.295279249904947,10,4,41,-0.8660254037844386,0.5000000000000001,0,0.0
SKU013,2025-10-19,61,80.0,87.0,96.0,82.0,80.0,86.75,91.375,6.601767440112783,10,4,42,-0.8660254037844386,0.5000000000000001,0,0.0
SKU013,2025-10-26,69,64.0,61.0,87.0,82.0,64.0,81.5,87.0,14.843629385474877,10,4,43,-0.8660254037844386,0.5000000000000001,0,0.0
SKU013,2025-11-02,79,93.0,69.0,61.0,96.0,93.0,78.25,85.125,16.070158679988193,11,4,44,-0.5000000000000004,0.8660254037844384,1,0.0
SKU013,2025-11-09,84,72.0,79.0,69.0,87.0,72.0,74.0,82.625,11.372481406154648,11,4,45,-0.5000000000000004,0.8660254037844384,1,1.0
SKU013,2025-11-16,89,96.0,84.0,79.0,61.0,96.0,73.25,80.0,10.27537509453223,11,4,46,-0.5000000000000004,0.8660254037844384,1,1.0
SKU013,2025-11-23,80,101.0,89.0,84.0,69.0,101.0,80.25,80.875,8.53912563829966,11,4,47,-0.5000000000000004,0.8660254037844384,1,1.0
SKU013,2025-11-30,95,81.0,80.0,89.0,79.0,81.0,83.0,80.625,4.546060565661943,11,4,48,-0.5000000000000004,0.8660254037844384,1,1.0
SKU013,2025-12-07,78,95.0,95.0,80.0,84.0,95.0,87.0,80.5,6.480740698407855,12,4,49,-2.4492935982947064e-16,1.0,0,1.0
SKU013,2025-12-14,107,94.0,78.0,95.0,89.0,94.0,85.5,79.375,7.937253933193768,12,4,50,-2.4492935982947064e-16,1.0,0,0.0
SKU013,2025-12-21,96,84.0,107.0,78.0,80.0,84.0,90.0,85.125,13.638181696985855,12,4,51,-2.4492935982947064e-16,1.0,0,0.0
SKU013,2025-12-28,71,83.0,96.0,107.0,95.0,83.0,94.0,88.5,11.972189997378647,12,4,52,-2.4492935982947064e-16,1.0,0,0.0
SKU014,2024-01-07,155,,,,,,,,,1,1,1,0.49999999999999994,0.8660254037844387,0,
SKU014,2024-01-14,152,,155.0,,,,,,,1,1,2,0.49999999999999994,0.8660254037844387,0,0.0
SKU014,2024-01-21,145,,152.0,155.0,,,,,,1,1,3,0.49999999999999994,0.8660254037844387,0,0.0
SKU014,2024-01-28,132,,145.0,152.0,,,,,,1,1,4,0.49999999999999994,0.8660254037844387,0,0.0
SKU014,2024-02-04,138,,132.0,145.0,155.0,,146.0,,10.230672835481867,2,1,5,0.8660254037844386,0.5000000000000001,0,0.0
SKU014,2024-02-11,165,,138.0,132.0,152.0,,141.75,,8.655441448399186,2,1,6,0.8660254037844386,0.5000000000000001,0,0.0
SKU014,2024-02-18,169,,165.0,138.0,145.0,,145.0,,14.35270009440732,2,1,7,0.8660254037844386,0.5000000000000001,0,0.0
SKU014,2024-02-25,147,,169.0,165.0,132.0,,151.0,,18.7082869338697,2,1,8,0.8660254037844386,0.5000000000000001,0,0.0
SKU014,2024-03-03,188,,147.0,169.0,138.0,,154.75,150.375,14.705441169852737,3,1,9,1.0,6.123233995736766e-17,1,0.0
SKU014,2024-03-10,185,,188.0,147.0,165.0,,167.25,154.5,16.82012683265695,3,1,10,1.0,6.123233995736766e-17,1,1.0
SKU014,2024-03-17,194,,185.0,188.0,169.0,,172.25,158.625,18.786076404259255,3,1,11,1.0,6.123233995736766e-17,1,1.0
SKU014,2024-03-24,193,,194.0,185.0,147.0,,178.5,164.75,21.330729007701535,3,1,12,1.0,6.123233995736766e-17,1,1.0
SKU014,2024-03-31,193,,193.0,194.0,188.0,,190.0,172.375,4.242640687119249,3,1,13,1.0,6.123233995736766e-17,1,1.0
SKU014,2024-04-07,174,,193.0,193.0,185.0,,191.25,179.25,4.1932485418030065,4,2,14,0.8660254037844387,-0.4999999999999998,0,1.0
SKU014,2024-04-14,186,,174.0,193.0,194.0,,188.5,180.375,9.678154093971969,4,2,15,0.8660254037844387,-0.4999999999999998,0,0.0
SKU014,2024-04-21,198,,186.0,174.0,193.0,,186.5,182.5,8.962886439832486,4,2,16,0.8660254037844387,-0.4999999999999998,0,0.0
SKU014,2024-04-28,151,,198.0,186.0,193.0,,187.75,188.875,10.404326023342392,4,2,17,0.8660254037844387,-0.4999999999999998,0,0.0
SKU014,2024-05-05,170,,151.0,198.0,174.0,,177.25,184.25,20.056171120131573,5,2,18,0.49999999999999994,-0.8660254037844387,0,0.0
SKU014,2024-05-12,163,,170.0,151.0,186.0,,176.25,182.375,20.369503348551884,5,2,19,0.49999999999999994,-0.8660254037844387,0,0.0
SKU014,2024-05-19,146,,163.0,170.0,198.0,,170.5,178.5,19.941581348194692,5,2,20,0.49999999999999994,-0.8660254037844387,0,0.0
SKU014,2024-05-26,168,,146.0,163.0,151.0,,157.5,172.625,10.969655114602885,5,2,21,0.49999999999999994,-0.8660254037844387,0,0.0
SKU014,2024-06-02,199,,168.0,146.0,170.0,,161.75,169.5,10.904891868637057,6,2,22,1.2246467991473532e-16,-1.0,1,0.0
SKU014,2024-06-09,174,,199.0,168.0,163.0,,169.0,172.625,22.105806175452333,6,2,23,1.2246467991473532e-16,-1.0,1,1.0
SKU014,2024-06-16,175,,174.0,199.0,146.0,,171.75,171.125,21.792582836062977,6,2,24,1.2246467991473532e-16,-1.0,1,1.0
SKU014,2024-06-23,176,,175.0,174.0,168.0,,179.0,168.25,13.686976778431868,6,2,25,1.2246467991473532e-16,-1.0,1,1.0
SKU014,2024-06-30,184,,176.0,175.0,199.0,,181.0,171.375,12.027745701779137,6,2,26,1.2246467991473532e-16,-1.0,1,1.0
SKU014,2024-07-07,137,,184.0,176.0,174.0,,177.25,173.125,4.573474244670731,7,3,27,-0.4999999999999997,-0.8660254037844388,0,1.0
SKU014,2024-07-14,158,,137.0,184.0,175.0,,168.0,169.875,21.05548226313834,7,3,28,-0.4999999999999997,-0.8660254037844388,0,0.0
SKU014,2024-07-21,151,,158.0,137.0,176.0,,163.75,171.375,20.886598574205422,7,3,29,-0.4999999999999997,-0.8660254037844388,0,0.0
SKU014,2024-07-28,154,,151.0,158.0,184.0,,157.5,169.25,19.706175005143265,7,3,30,-0.4999999999999997,-0.8660254037844388,0,0.0
SKU014,2024-08-04,132,,154.0,151.0,137.0,,150.0,163.625,9.128709291752756,8,3,31,-0.8660254037844385,-0.5000000000000004,0,0.0
SKU014,2024-08-11,144,,132.0,154.0,158.0,,148.75,158.375,11.528949070347497,8,3,32,-0.8660254037844385,-0.5000000000000004,0,0.0
SKU014,2024-08-18,123,,144.0,132.0,151.0,,145.25,154.5,9.776672917374963,8,3,33,-0.8660254037844385,-0.5000000000000004,0,0.0
SKU014,2024-08-25,129,,123.0,144.0,154.0,,138.25,147.875,13.57387196049822,8,3,34,-0.8660254037844385,-0.5000000000000004,0,0.0
SKU014,2024-09-01,135,,129.0,123.0,132.0,,132.0,141.0,8.831760866327837,9,3,35,-1.0,-1.8369701987210297e-16,1,0.0
SKU014,2024-09-08,146,,135.0,129.0,144.0,,132.75,140.75,8.958236433584448,9,3,36,-1.0,-1.8369701987210297e-16,1,1.0
SKU014,2024-09-15,145,,146.0,135.0,123.0,,133.25,139.25,9.810708435174282,9,3,37,-1.0,-1.8369701987210297e-16,1,1.0
SKU014,2024-09-22,137,,145.0,146.0,129.0,,138.75,138.5,8.180260794538675,9,3,38,-1.0,-1.8369701987210297e-16,1,1.0
SKU014,2024-09-29,151,,137.0,145.0,135.0,,140.75,136.375,5.5602757725374135,9,3,39,-1.0,-1.8369701987210297e-16,1,1.0
SKU014,2024-10-06,97,,151.0,137.0,146.0,,144.75,138.75,5.795112883571228,10,4,40,-0.8660254037844386,0.5000000000000001,0,1.0
SKU014,2024-10-13,126,,97.0,151.0,145.0,,132.5,132.875,24.351591323771842,10,4,41,-0.8660254037844386,0.5000000000000001,0,0.0
SKU014,2024-10-20,123,,126.0,97.0,137.0,,127.75,133.25,22.911059920192837,10,4,42,-0.8660254037844386,0.5000000000000001,0,0.0
SKU014,2024-10-27,128,,123.0,126.0,151.0,,124.25,132.5,22.081289213570237,10,4,43,-0.8660254037844386,0.5000000000000001,0,0.0
SKU014,2024-11-03,132,,128.0,123.0,97.0,,118.5,131.625,14.479871085982314,11,4,44,-0.5000000000000004,0.8660254037844384,1,0.0
SKU014,2024-11-10,130,,132.0,128.0,126.0,,127.25,129.875,3.7749172176353625,11,4,45,-0.5000000000000004,0.8660254037844384,1,1.0
SKU014,2024-11-17,124,,130.0,132.0,123.0,,128.25,128.0,3.8622100754188096,11,4,46,-0.5000000000000004,0.8660254037844384,1,1.0
SKU014,2024-11-24,152,,124.0,130.0,128.0,,128.5,126.375,3.4156502553198513,11,4,47,-0.5000000000000004,0.8660254037844384,1,1.0
SKU014,2024-12-01,142,,152.0,124.0,132.0,,134.5,126.5,12.15181742237212,12,4,48,-2.4492935982947064e-16,1.0,1,1.0
SKU014,2024-12-08,128,,142.0,152.0,130.0,,137.0,132.125,12.489995996796793,12,4,49,-2.4492935982947064e-16,1.0,0,1.0
SKU014,2024-12-15,135,,128.0,142.0,124.0,,136.5,132.375,12.897028081435401,12,4,50,-2.4492935982947064e-16,1.0,0,0.0
SKU014,2024-12-22,141,,135.0,128.0,152.0,,139.25,133.875,10.242883708539633,12,4,51,-2.4492935982947064e-16,1.0,0,0.0
SKU014,2024-12-29,135,,141.0,135.0,142.0,,136.5,135.5,6.454972243679027,12,4,52,-2.4492935982947064e-16,1.0,0,0.0
SKU014,2025-01-05,131,155.0,135.0,141.0,128.0,155.0,134.75,135.875,5.315072906367321,1,1,1,0.49999999999999994,0.8660254037844387,0,0.0
SKU014,2025-01-12,131,152.0,131.0,135.0,135.0,152.0,135.5,136.0,4.123105625617656,1,1,2,0.49999999999999994,0.8660254037844387,0,0.0
SKU014,2025-01-19,144,145.0,131.0,131.0,141.0,145.0,134.5,136.875,4.725815626252603,1,1,3,0.49999999999999994,0.8660254037844387,0,0.0
SKU014,2025-01-26,181,132.0,144.0,131.0,135.0,132.0,135.25,135.875,6.130524719249836,1,1,4,0.49999999999999994,0.8660254037844387,0,0.0
SKU014,2025-02-02,126,138.0,181.0,144.0,131.0,138.0,146.75,140.75,23.64141845716256,2,1,5,0.8660254037844386,0.5000000000000001,0,0.0
SKU014,2025-02-09,167,165.0,126.0,181.0,131.0,165.0,145.5,140.5,24.85290056847825,2,1,6,0.8660254037844386,0.5000000000000001,0,0.0
SKU014,2025-02-16,188,169.0,167.0,126.0,144.0,169.0,154.5,144.5,24.36527583809932,2,1,7,0.8660254037844386,0.5000000000000001,0,0.0
SKU014,2025-02-23,155,147.0,188.0,167.0,181.0,147.0,165.5,150.375,27.74286695110414,2,1,8,0.8660254037844386,0.5000000000000001,0,0.0
SKU014,2025-03-02,180,188.0,155.0,188.0,126.0,188.0,159.0,152.875,25.884358211089562,3,1,9,1.0,6.123233995736766e-17,1,0.0
SKU014,2025-03-09,182,185.0,180.0,155.0,167.0,185.0,172.5,159.0,14.525839046333939,3,1,10,1.0,6.123233995736766e-17,1,1.0
SKU014,2025-03-16,207,194.0,182.0,180.0,188.0,194.0,176.25,165.375,14.568802284333454,3,1,11,1.0,6.123233995736766e-17,1,1.0
SKU014,2025-03-23,187,193.0,207.0,182.0,155.0,193.0,181.0,173.25,21.244607158837578,3,1,12,1.0,6.123233995736766e-17,1,1.0
SKU014,2025-03-30,173,193.0,187.0,207.0,180.0,193.0,189.0,174.0,12.355835328567078,3,1,13,1.0,6.123233995736766e-17,1,1.0
SKU014,2025-04-06,163,174.0,173.0,187.0,182.0,174.0,187.25,179.875,14.384598244882138,4,2,14,0.8660254037844387,-0.4999999999999998,0,1.0
SKU014,2025-04-13,182,186.0,163.0,173.0,207.0,186.0,182.5,179.375,19.07004632051706,4,2,15,0.8660254037844387,-0.4999999999999998,0,0.0
SKU014,2025-04-20,176,198.0,182.0,163.0,187.0,198.0,176.25,178.625,10.563301251660533,4,2,16,0.8660254037844387,-0.4999999999999998,0,0.0
SKU014,2025-04-27,177,151.0,176.0,182.0,173.0,151.0,173.5,181.25,7.937253933193749,4,2,17,0.8660254037844387,-0.4999999999999998,0,0.0
SKU014,2025-05-04,156,170.0,177.0,176.0,163.0,170.0,174.5,180.875,8.103497187428792,5,2,18,0.49999999999999994,-0.8660254037844387,0,0.0
SKU014,2025-05-11,156,163.0,156.0,177.0,182.0,163.0,172.75,177.625,11.470977871713162,5,2,19,0.49999999999999994,-0.8660254037844387,0,0.0
SKU014,2025-05-18,151,146.0,156.0,156.0,176.0,146.0,166.25,171.25,11.842719282326996,5,2,20,0.49999999999999994,-0.8660254037844387,0,0.0
SKU014,2025-05-25,164,168.0,151.0,156.0,177.0,168.0,160.0,166.75,11.57583690279021,5,2,21,0.49999999999999994,-0.8660254037844387,0,0.0
SKU014,2025-06-01,164,199.0,164.0,151.0,156.0,199.0,156.75,165.625,5.377421934967194,6,2,22,1.2246467991473532e-16,-1.0,1,0.0
SKU014,2025-06-08,202,174.0,164.0,164.0,156.0,174.0,158.75,165.75,6.396613687465136,6,2,23,1.2246467991473532e-16,-1.0,1,1.0
SKU014,2025-06-15,163,175.0,202.0,164.0,151.0,175.0,170.25,168.25,22.03595546676688,6,2,24,1.2246467991473532e-16,-1.0,1,1.0
SKU014,2025-06-22,159,176.0,163.0,202.0,164.0,176.0,173.25,166.625,19.172462891692685,6,2,25,1.2246467991473532e-16,-1.0,1,1.0
SKU014,2025-06-29,191,184.0,159.0,163.0,164.0,184.0,172.0,164.375,20.116328359486143,6,2,26,1.2246467991473532e-16,-1.0,1,1.0
SKU014,2025-07-06,134,137.0,191.0,159.0,202.0,137.0,178.75,168.75,21.045585443666482,7,3,27,-0.4999999999999997,-0.8660254037844388,0,1.0
SKU014,2025-07-13,126,158.0,134.0,191.0,163.0,158.0,161.75,166.0,23.343450187722176,7,3,28,-0.4999999999999997,-0.8660254037844388,0,0.0
SKU014,2025-07-20,139,151.0,126.0,134.0,159.0,151.0,152.5,162.875,29.26317367158479,7,3,29,-0.4999999999999997,-0.8660254037844388,0,0.0
SKU014,2025-07-27,148,154.0,139.0,126.0,191.0,154.0,147.5,159.75,29.490111336966272,7,3,30,-0.4999999999999997,-0.8660254037844388,0,0.0
SKU014,2025-08-03,141,132.0,148.0,139.0,134.0,132.0,136.75,157.75,9.215023964519391,8,3,31,-0.8660254037844385,-0.5000000000000004,0,0.0
SKU014,2025-08-10,121,144.0,141.0,148.0,126.0,144.0,138.5,150.125,9.183318209303941,8,3,32,-0.8660254037844385,-0.5000000000000004,0,0.0
SKU014,2025-08-17,123,123.0,121.0,141.0,139.0,123.0,137.25,144.875,11.500000000000002,8,3,33,-0.8660254037844385,-0.5000000000000004,0,0.0
SKU014,2025-08-24,131,129.0,123.0,121.0,148.0,129.0,133.25,140.375,13.326039671760448,8,3,34,-0.8660254037844385,-0.5000000000000004,0,0.0
SKU014,2025-08-31,157,135.0,131.0,123.0,141.0,135.0,129.0,132.875,9.092121131323903,8,3,35,-0.8660254037844385,-0.5000000000000004,0,0.0
SKU014,2025-09-07,127,146.0,157.0,131.0,121.0,146.0,133.0,135.75,16.57307052620807,9,3,36,-1.0,-1.8369701987210297e-16,1,0.0
SKU014,2025-09-14,151,145.0,127.0,157.0,123.0,145.0,134.5,135.875,15.351438586225939,9,3,37,-1.0,-1.8369701987210297e-16,1,1.0
SKU014,2025-09-21,140,137.0,151.0,127.0,131.0,137.0,141.5,137.375,14.730919862656233,9,3,38,-1.0,-1.8369701987210297e-16,1,1.0
SKU014,2025-09-28,132,151.0,140.0,151.0,157.0,151.0,143.75,136.375,13.200378782444082,9,3,39,-1.0,-1.8369701987210297e-16,1,1.0
SKU014,2025-10-05,123,97.0,132.0,140.0,127.0,97.0,137.5,135.25,10.472185381603337,10,4,40,-0.8660254037844386,0.5000000000000001,0,1.0
SKU014,2025-10-12,122,126.0,123.0,132.0,151.0,126.0,136.5,135.5,11.902380714238083,10,4,41,-0.8660254037844386,0.5000000000000001,0,0.0
SKU014,2025-10-19,120,123.0,122.0,123.0,140.0,123.0,129.25,135.375,8.460693430998031,10,4,42,-0.8660254037844386,0.5000000000000001,0,0.0
SKU014,2025-10-26,133,128.0,120.0,122.0,132.0,128.0,124.25,134.0,5.315072906367318,10,4,43,-0.8660254037844386,0.5000000000000001,0,0.0
SKU014,2025-11-02,127,132.0,133.0,120.0,123.0,132.0,124.5,131.0,5.802298395176397,11,4,44,-0.5000000000000004,0.8660254037844384,1,0.0
SKU014,2025-11-09,117,130.0,127.0,133.0,122.0,130.0,125.5,131.0,5.802298395176397,11,4,45,-0.5000000000000004,0.8660254037844384,1,1.0
SKU014,2025-11-16,130,124.0,117.0,127.0,120.0,124.0,124.25,126.75,7.182153808805077,11,4,46,-0.5000000000000004,0.8660254037844384,1,1.0
SKU014,2025-11-23,130,152.0,130.0,117.0,133.0,152.0,126.75,125.5,6.946221994724897,11,4,47,-0.5000000000000004,0.8660254037844384,1,1.0
SKU014,2025-11-30,151,142.0,130.0,130.0,127.0,142.0,126.0,125.25,6.164414002968971,11,4,48,-0.5000000000000004,0.8660254037844384,1,1.0
SKU014,2025-12-07,124,128.0,151.0,130.0,117.0,128.0,132.0,128.75,14.071247279470285,12,4,49,-2.4492935982947064e-16,1.0,0,1.0
SKU014,2025-12-14,137,135.0,124.0,151.0,130.0,135.0,133.75,129.0,11.842719282327007,12,4,50,-2.4492935982947064e-16,1.0,0,0.0
SKU014,2025-12-21,116,141.0,137.0,124.0,130.0,141.0,135.5,131.125,11.618950038622247,12,4,51,-2.4492935982947064e-16,1.0,0,0.0
SKU014,2025-12-28,122,135.0,116.0,137.0,151.0,135.0,132.0,129.0,15.3405779986718,12,4,52,-2.4492935982947064e-16,1.0,0,0.0
SKU015,2024-01-07,35,,,,,,,,,1,1,1,0.49999999999999994,0.8660254037844387,0,
SKU015,2024-01-14,27,,35.0,,,,,,,1,1,2,0.49999999999999994,0.8660254037844387,0,0.0
SKU015,2024-01-21,30,,27.0,35.0,,,,,,1,1,3,0.49999999999999994,0.8660254037844387,0,0.0
SKU015,2024-01-28,27,,30.0,27.0,,,,,,1,1,4,0.49999999999999994,0.8660254037844387,0,0.0
SKU015,2024-02-04,35,,27.0,30.0,35.0,,29.75,,3.774917217635375,2,1,5,0.8660254037844386,0.5000000000000001,0,0.0
SKU015,2024-02-11,46,,35.0,27.0,27.0,,29.75,,3.774917217635375,2,1,6,0.8660254037844386,0.5000000000000001,0,0.0
SKU015,2024-02-18,29,,46.0,35.0,30.0,,34.5,,8.34665601703261,2,1,7,0.8660254037844386,0.5000000000000001,0,0.0
SKU015,2024-02-25,35,,29.0,46.0,27.0,,34.25,,8.539125638299666,2,1,8,0.8660254037844386,0.5000000000000001,0,0.0
SKU015,2024-03-03,26,,35.0,29.0,35.0,,36.25,33.0,7.088723439378913,3,1,9,1.0,6.123233995736766e-17,1,0.0
SKU015,2024-03-10,43,,26.0,35.0,46.0,,34.0,31.875,8.831760866327848,3,1,10,1.0,6.123233995736766e-17,1,1.0
SKU015,2024-03-17,42,,43.0,26.0,29.0,,33.25,33.875,7.5,3,1,11,1.0,6.123233995736766e-17,1,1.0
SKU015,2024-03-24,41,,42.0,43.0,35.0,,36.5,35.375,7.852812659593165,3,1,12,1.0,6.123233995736766e-17,1,1.0
SKU015,2024-03-31,34,,41.0,42.0,26.0,,38.0,37.125,8.04155872120988,3,1,13,1.0,6.123233995736766e-17,1,1.0
SKU015,2024-04-07,29,,34.0,41.0,43.0,,40.0,37.0,4.082482904638631,4,2,14,0.8660254037844387,-0.4999999999999998,0,1.0
SKU015,2024-04-14,37,,29.0,34.0,42.0,,36.5,34.875,6.137317546507324,4,2,15,0.8660254037844387,-0.4999999999999998,0,0.0
SKU015,2024-04-21,26,,37.0,29.0,41.0,,35.25,35.875,5.05799696849784,4,2,16,0.8660254037844387,-0.4999999999999998,0,0.0
SKU015,2024-04-28,35,,26.0,37.0,34.0,,31.5,34.75,4.93288286231625,4,2,17,0.8660254037844387,-0.4999999999999998,0,0.0
SKU015,2024-05-05,30,,35.0,26.0,29.0,,31.75,35.875,5.123475382979801,5,2,18,0.49999999999999994,-0.8660254037844387,0,0.0
SKU015,2024-05-12,26,,30.0,35.0,37.0,,32.0,34.25,4.966554808583782,5,2,19,0.49999999999999994,-0.8660254037844387,0,0.0
SKU015,2024-05-19,31,,26.0,30.0,26.0,,29.25,32.25,4.272001872658767,5,2,20,0.49999999999999994,-0.8660254037844387,0,0.0
SKU015,2024-05-26,36,,31.0,26.0,35.0,,30.5,31.0,3.696845502136475,5,2,21,0.49999999999999994,-0.8660254037844387,0,0.0
SKU015,2024-06-02,32,,36.0,31.0,30.0,,30.75,31.25,4.112987559751024,6,2,22,1.2246467991473532e-16,-1.0,1,0.0
SKU015,2024-06-09,41,,32.0,36.0,26.0,,31.25,31.625,4.112987559751024,6,2,23,1.2246467991473532e-16,-1.0,1,1.0
SKU015,2024-06-16,36,,41.0,32.0,31.0,,35.0,32.125,4.5460605656619535,6,2,24,1.2246467991473532e-16,-1.0,1,1.0
SKU015,2024-06-23,29,,36.0,41.0,36.0,,36.25,33.375,3.685557397915999,6,2,25,1.2246467991473532e-16,-1.0,1,1.0
SKU015,2024-06-30,29,,29.0,36.0,32.0,,34.5,32.625,5.196152422706634,6,2,26,1.2246467991473532e-16,-1.0,1,1.0
SKU015,2024-07-07,27,,29.0,29.0,41.0,,33.75,32.5,5.852349955359815,7,3,27,-0.4999999999999997,-0.8660254037844388,0,1.0
SKU015,2024-07-14,30,,27.0,29.0,36.0,,30.25,32.625,3.9475730941090057,7,3,28,-0.4999999999999997,-0.8660254037844388,0,0.0
SKU015,2024-07-21,31,,30.0,27.0,29.0,,28.75,32.5,1.2583057392117962,7,3,29,-0.4999999999999997,-0.8660254037844388,0,0.0
SKU015,2024-07-28,26,,31.0,30.0,29.0,,29.25,31.875,1.707825127659936,7,3,30,-0.4999999999999997,-0.8660254037844388,0,0.0
SKU015,2024-08-04,24,,26.0,31.0,27.0,,28.5,31.125,2.3804761428476184,8,3,31,-0.8660254037844385,-0.5000000000000004,0,0.0
SKU015,2024-08-11,22,,24.0,26.0,30.0,,27.75,29.0,3.304037933599836,8,3,32,-0.8660254037844385,-0.5000000000000004,0,0.0
SKU015,2024-08-18,24,,22.0,24.0,31.0,,25.75,27.25,3.8622100754188238,8,3,33,-0.8660254037844385,-0.5000000000000004,0,0.0
SKU015,2024-08-25,25,,24.0,22.0,26.0,,24.0,26.625,1.632993161855455,8,3,34,-0.8660254037844385,-0.5000000000000004,0,0.0
SKU015,2024-09-01,28,,25.0,24.0,24.0,,23.75,26.125,1.2583057392117953,9,3,35,-1.0,-1.8369701987210297e-16,1,0.0
SKU015,2024-09-08,25,,28.0,25.0,22.0,,24.75,26.25,2.5000000000000013,9,3,36,-1.0,-1.8369701987210297e-16,1,1.0
SKU015,2024-09-15,26,,25.0,28.0,24.0,,25.5,25.625,1.7320508075688792,9,3,37,-1.0,-1.8369701987210297e-16,1,1.0
SKU015,2024-09-22,21,,26.0,25.0,25.0,,26.0,25.0,1.4142135623730974,9,3,38,-1.0,-1.8369701987210297e-16,1,1.0
SKU015,2024-09-29,20,,21.0,26.0,28.0,,25.0,24.375,2.9439202887759497,9,3,39,-1.0,-1.8369701987210297e-16,1,1.0
SKU015,2024-10-06,34,,20.0,21.0,25.0,,23.0,23.875,2.9439202887759497,10,4,40,-0.8660254037844386,0.5000000000000001,0,1.0
SKU015,2024-10-13,29,,34.0,20.0,26.0,,25.25,25.375,6.396613687465163,10,4,41,-0.8660254037844386,0.5000000000000001,0,0.0
SKU015,2024-10-20,22,,29.0,34.0,21.0,,26.0,26.0,6.683312551921142,10,4,42,-0.8660254037844386,0.5000000000000001,0,0.0
SKU015,2024-10-27,24,,22.0,29.0,20.0,,26.25,25.625,6.4485140407177015,10,4,43,-0.8660254037844386,0.5000000000000001,0,0.0
SKU015,2024-11-03,25,,24.0,22.0,34.0,,27.25,25.125,5.377421934967227,11,4,44,-0.5000000000000004,0.8660254037844384,1,0.0
SKU015,2024-11-10,25,,25.0,24.0,29.0,,25.0,25.125,2.9439202887759506,11,4,45,-0.5000000000000004,0.8660254037844384,1,1.0
SKU015,2024-11-17,19,,25.0,25.0,22.0,,24.0,25.0,1.414213562373099,11,4,46,-0.5000000000000004,0.8660254037844384,1,1.0
SKU015,2024-11-24,34,,19.0,25.0,24.0,,23.25,24.75,2.8722813232690165,11,4,47,-0.5000000000000004,0.8660254037844384,1,1.0
SKU015,2024-12-01,22,,34.0,19.0,25.0,,25.75,26.5,6.184658438426491,12,4,48,-2.4492935982947064e-16,1.0,1,1.0
SKU015,2024-12-08,29,,22.0,34.0,25.0,,25.0,25.0,6.48074069840786,12,4,49,-2.4492935982947064e-16,1.0,0,1.0
SKU015,2024-12-15,21,,29.0,22.0,19.0,,26.0,25.0,6.782329983125269,12,4,50,-2.4492935982947064e-16,1.0,0,0.0
SKU015,2024-12-22,26,,21.0,29.0,34.0,,26.5,24.875,6.137317546507324,12,4,51,-2.4492935982947064e-16,1.0,0,0.0
SKU015,2024-12-29,32,,26.0,21.0,22.0,,24.5,25.125,3.696845502136474,12,4,52,-2.4492935982947064e-16,1.0,0,0.0
SKU015,2025-01-05,31,35.0,32.0,26.0,29.0,35.0,27.0,26.0,4.6904157598234315,1,1,1,0.49999999999999994,0.8660254037844387,0,0.0
SKU015,2025-01-12,25,27.0,31.0,32.0,21.0,27.0,27.5,26.75,5.0662280511902225,1,1,2,0.49999999999999994,0.8660254037844387,0,0.0
SKU015,2025-01-19,27,30.0,25.0,31.0,26.0,30.0,28.5,27.5,3.511884584284248,1,1,3,0.49999999999999994,0.8660254037844387,0,0.0
SKU015,2025-01-26,32,27.0,27.0,25.0,32.0,27.0,28.75,26.625,3.3040379335998367,1,1,4,0.49999999999999994,0.8660254037844387,0,0.0
SKU015,2025-02-02,29,35.0,32.0,27.0,31.0,35.0,28.75,27.875,3.3040379335998367,2,1,5,0.8660254037844386,0.5000000000000001,0,0.0
SKU015,2025-02-09,31,46.0,29.0,32.0,25.0,46.0,28.25,27.875,2.9860788111948215,2,1,6,0.8660254037844386,0.5000000000000001,0,0.0
SKU015,2025-02-16,37,29.0,31.0,29.0,27.0,29.0,29.75,29.125,2.2173557826083483,2,1,7,0.8660254037844386,0.5000000000000001,0,0.0
SKU015,2025-02-23,30,35.0,37.0,31.0,32.0,35.0,32.25,30.5,3.4034296427770245,2,1,8,0.8660254037844386,0.5000000000000001,0,0.0
SKU015,2025-03-02,36,26.0,30.0,37.0,29.0,26.0,31.75,30.25,3.593976442141306,3,1,9,1.0,6.123233995736766e-17,1,0.0
SKU015,2025-03-09,37,43.0,36.0,30.0,31.0,43.0,33.5,30.875,3.5118845842842483,3,1,10,1.0,6.123233995736766e-17,1,1.0
SKU015,2025-03-16,38,42.0,37.0,36.0,37.0,42.0,35.0,32.375,3.3665016461206942,3,1,11,1.0,6.123233995736766e-17,1,1.0
SKU015,2025-03-23,22,41.0,38.0,37.0,30.0,41.0,35.25,33.75,3.5939764421413054,3,1,12,1.0,6.123233995736766e-17,1,1.0
SKU015,2025-03-30,30,34.0,22.0,38.0,36.0,34.0,33.25,32.5,7.544313531837518,3,1,13,1.0,6.123233995736766e-17,1,1.0
SKU015,2025-04-06,40,29.0,30.0,22.0,37.0,29.0,31.75,32.625,7.410578025138571,4,2,14,0.8660254037844387,-0.4999999999999998,0,1.0
SKU015,2025-04-13,38,37.0,40.0,30.0,38.0,37.0,32.5,33.75,8.225975119502046,4,2,15,0.8660254037844387,-0.4999999999999998,0,0.0
SKU015,2025-04-20,36,26.0,38.0,40.0,22.0,26.0,32.5,33.875,8.225975119502046,4,2,16,0.8660254037844387,-0.4999999999999998,0,0.0
SKU015,2025-04-27,33,35.0,36.0,38.0,30.0,35.0,36.0,34.625,4.320493798938576,4,2,17,0.8660254037844387,-0.4999999999999998,0,0.0
SKU015,2025-05-04,31,30.0,33.0,36.0,40.0,30.0,36.75,34.25,2.986078811194823,5,2,18,0.49999999999999994,-0.8660254037844387,0,0.0
SKU015,2025-05-11,40,26.0,31.0,33.0,38.0,26.0,34.5,33.5,3.109126351029607,5,2,19,0.49999999999999994,-0.8660254037844387,0,0.0
SKU015,2025-05-18,33,31.0,40.0,31.0,36.0,31.0,35.0,33.75,3.9157800414902453,5,2,20,0.49999999999999994,-0.8660254037844387,0,0.0
SKU015,2025-05-25,27,36.0,33.0,40.0,33.0,36.0,34.25,35.125,3.9475730941090053,5,2,21,0.49999999999999994,-0.8660254037844387,0,0.0
SKU015,2025-06-01,36,32.0,27.0,33.0,31.0,32.0,32.75,34.75,5.439056290693574,6,2,22,1.2246467991473532e-16,-1.0,1,0.0
SKU015,2025-06-08,30,41.0,36.0,27.0,40.0,41.0,34.0,34.25,5.477225575051661,6,2,23,1.2246467991473532e-16,-1.0,1,1.0
SKU015,2025-06-15,23,36.0,30.0,36.0,33.0,36.0,31.5,33.25,3.8729833462074175,6,2,24,1.2246467991473532e-16,-1.0,1,1.0
SKU015,2025-06-22,32,29.0,23.0,30.0,27.0,29.0,29.0,31.625,5.477225575051661,6,2,25,1.2246467991473532e-16,-1.0,1,1.0
SKU015,2025-06-29,25,29.0,32.0,23.0,36.0,29.0,30.25,31.5,5.439056290693574,6,2,26,1.2246467991473532e-16,-1.0,1,1.0
SKU015,2025-07-06,22,27.0,25.0,32.0,30.0,27.0,27.5,30.75,4.203173404306164,7,3,27,-0.4999999999999997,-0.8660254037844388,0,1.0
SKU015,2025-07-13,23,30.0,22.0,25.0,23.0,30.0,25.5,28.5,4.509249752822894,7,3,28,-0.4999999999999997,-0.8660254037844388,0,0.0
SKU015,2025-07-20,29,31.0,23.0,22.0,32.0,31.0,25.5,27.25,4.509249752822894,7,3,29,-0.4999999999999997,-0.8660254037844388,0,0.0
SKU015,2025-07-27,27,26.0,29.0,23.0,25.0,26.0,24.75,27.5,3.095695936834452,7,3,30,-0.4999999999999997,-0.8660254037844388,0,0.0
SKU015,2025-08-03,25,24.0,27.0,29.0,22.0,24.0,25.25,26.375,3.304037933599835,8,3,31,-0.8660254037844385,-0.5000000000000004,0,0.0
SKU015,2025-08-10,23,22.0,25.0,27.0,23.0,22.0,26.0,25.75,2.5819888974716116,8,3,32,-0.8660254037844385,-0.5000000000000004,0,0.0
SKU015,2025-08-17,27,24.0,23.0,25.0,29.0,24.0,26.0,25.75,2.5819888974716116,8,3,33,-0.8660254037844385,-0.5000000000000004,0,0.0
SKU015,2025-08-24,26,25.0,27.0,23.0,27.0,25.0,25.5,25.125,1.9148542155126764,8,3,34,-0.8660254037844385,-0.5000000000000004,0,0.0
SKU015,2025-08-31,28,28.0,26.0,27.0,25.0,28.0,25.25,25.25,1.7078251276599334,8,3,35,-0.8660254037844385,-0.5000000000000004,0,0.0
SKU015,2025-09-07,28,25.0,28.0,26.0,23.0,25.0,26.0,26.0,2.1602468994692874,9,3,36,-1.0,-1.8369701987210297e-16,1,0.0
SKU015,2025-09-14,24,26.0,28.0,28.0,27.0,26.0,27.25,26.625,0.9574271077563393,9,3,37,-1.0,-1.8369701987210297e-16,1,1.0
SKU015,2025-09-21,23,21.0,24.0,28.0,26.0,21.0,26.5,26.0,1.9148542155126764,9,3,38,-1.0,-1.8369701987210297e-16,1,1.0
SKU015,2025-09-28,28,20.0,23.0,24.0,28.0,20.0,25.75,25.5,2.6299556396765835,9,3,39,-1.0,-1.8369701987210297e-16,1,1.0
SKU015,2025-10-05,19,34.0,28.0,23.0,28.0,34.0,25.75,25.875,2.6299556396765835,10,4,40,-0.8660254037844386,0.5000000000000001,0,1.0
SKU015,2025-10-12,16,29.0,19.0,28.0,24.0,29.0,23.5,25.375,3.696845502136473,10,4,41,-0.8660254037844386,0.5000000000000001,0,0.0
SKU015,2025-10-19,21,22.0,16.0,19.0,23.0,22.0,21.5,24.0,5.196152422706632,10,4,42,-0.8660254037844386,0.5000000000000001,0,0.0
SKU015,2025-10-26,21,24.0,21.0,16.0,28.0,24.0,21.0,23.375,5.0990195135927845,10,4,43,-0.8660254037844386,0.5000000000000001,0,0.0
SKU015,2025-11-02,17,25.0,21.0,21.0,19.0,25.0,19.25,22.5,2.3629078131263044,11,4,44,-0.5000000000000004,0.8660254037844384,1,0.0
SKU015,2025-11-09,13,25.0,17.0,21.0,16.0,25.0,18.75,21.125,2.6299556396765835,11,4,45,-0.5000000000000004,0.8660254037844384,1,1.0
SKU015,2025-11-16,24,19.0,13.0,17.0,21.0,19.0,18.0,19.75,3.829708431025353,11,4,46,-0.5000000000000004,0.8660254037844384,1,1.0
SKU015,2025-11-23,24,34.0,24.0,13.0,21.0,34.0,18.75,19.875,4.787135538781691,11,4,47,-0.5000000000000004,0.8660254037844384,1,1.0
SKU015,2025-11-30,31,22.0,24.0,24.0,17.0,22.0,19.5,19.375,5.446711546122731,11,4,48,-0.5000000000000004,0.8660254037844384,1,1.0
SKU015,2025-12-07,22,29.0,31.0,24.0,13.0,29.0,23.0,20.875,7.438637868140466,12,4,49,-2.4492935982947064e-16,1.0,0,1.0
SKU015,2025-12-14,31,21.0,22.0,31.0,24.0,21.0,25.25,21.625,3.9475730941090057,12,4,50,-2.4492935982947064e-16,1.0,0,0.0
SKU015,2025-12-21,21,26.0,31.0,22.0,24.0,26.0,27.0,22.875,4.690415759823431,12,4,51,-2.4492935982947064e-16,1.0,0,0.0
SKU015,2025-12-28,27,32.0,21.0,31.0,31.0,32.0,26.25,22.875,5.500000000000001,12,4,52,-2.4492935982947064e-16,1.0,0,0.0
SKU016,2024-01-07,81,,,,,,,,,1,1,1,0.49999999999999994,0.8660254037844387,0,
SKU016,2024-01-14,104,,81.0,,,,,,,1,1,2,0.49999999999999994,0.8660254037844387,0,0.0
SKU016,2024-01-21,88,,104.0,81.0,,,,,,1,1,3,0.49999999999999994,0.8660254037844387,0,0.0
SKU016,2024-01-28,103,,88.0,104.0,,,,,,1,1,4,0.49999999999999994,0.8660254037844387,0,0.0
SKU016,2024-02-04,96,,103.0,88.0,81.0,,94.0,,11.343133018115703,2,1,5,0.8660254037844386,0.5000000000000001,0,0.0
SKU016,2024-02-11,96,,96.0,103.0,104.0,,97.75,,7.410578025138571,2,1,6,0.8660254037844386,0.5000000000000001,0,0.0
SKU016,2024-02-18,101,,96.0,96.0,88.0,,95.75,,6.130524719249843,2,1,7,0.8660254037844386,0.5000000000000001,0,0.0
SKU016,2024-02-25,97,,101.0,96.0,103.0,,99.0,,3.559026084010443,2,1,8,0.8660254037844386,0.5000000000000001,0,0.0
SKU016,2024-03-03,115,,97.0,101.0,96.0,,97.5,95.75,2.3804761428476273,3,1,9,1.0,6.123233995736766e-17,1,0.0
SKU016,2024-03-10,110,,115.0,97.0,96.0,,102.25,100.0,8.770214744615249,3,1,10,1.0,6.123233995736766e-17,1,1.0
SKU016,2024-03-17,133,,110.0,115.0,101.0,,105.75,100.75,8.220908303425686,3,1,11,1.0,6.123233995736766e-17,1,1.0
SKU016,2024-03-24,122,,133.0,110.0,97.0,,113.75,106.375,14.908051515875577,3,1,12,1.0,6.123233995736766e-17,1,1.0
SKU016,2024-03-31,98,,122.0,133.0,115.0,,120.0,108.75,9.96661092515071,3,1,13,1.0,6.123233995736766e-17,1,1.0
SKU016,2024-04-07,109,,98.0,122.0,110.0,,115.75,109.0,15.107944929738132,4,2,14,0.8660254037844387,-0.4999999999999998,0,1.0
SKU016,2024-04-14,98,,109.0,98.0,133.0,,115.5,110.625,15.24248448689824,4,2,15,0.8660254037844387,-0.4999999999999998,0,0.0
SKU016,2024-04-21,125,,98.0,109.0,122.0,,106.75,110.25,11.412712210513336,4,2,16,0.8660254037844387,-0.4999999999999998,0,0.0
SKU016,2024-04-28,116,,125.0,98.0,98.0,,107.5,113.75,12.767145334803713,4,2,17,0.8660254037844387,-0.4999999999999998,0,0.0
SKU016,2024-05-05,93,,116.0,125.0,109.0,,112.0,113.875,11.401754250991388,5,2,18,0.49999999999999994,-0.8660254037844387,0,0.0
SKU016,2024-05-12,95,,93.0,116.0,98.0,,108.0,111.75,15.033296378372913,5,2,19,0.49999999999999994,-0.8660254037844387,0,0.0
SKU016,2024-05-19,129,,95.0,93.0,125.0,,107.25,107.0,15.755951256588736,5,2,20,0.49999999999999994,-0.8660254037844387,0,0.0
SKU016,2024-05-26,122,,129.0,95.0,116.0,,108.25,107.875,17.308475765743598,5,2,21,0.49999999999999994,-0.8660254037844387,0,0.0
SKU016,2024-06-02,108,,122.0,129.0,93.0,,109.75,110.875,18.42778698957999,6,2,22,1.2246467991473532e-16,-1.0,1,0.0
SKU016,2024-06-09,110,,108.0,122.0,95.0,,113.5,110.75,15.11070260885752,6,2,23,1.2246467991473532e-16,-1.0,1,1.0
SKU016,2024-06-16,107,,110.0,108.0,129.0,,117.25,112.25,9.979144919948476,6,2,24,1.2246467991473532e-16,-1.0,1,1.0
SKU016,2024-06-23,106,,107.0,110.0,122.0,,111.75,110.0,6.94622199472491,6,2,25,1.2246467991473532e-16,-1.0,1,1.0
SKU016,2024-06-30,108,,106.0,107.0,108.0,,107.75,108.75,1.707825127659959,6,2,26,1.2246467991473532e-16,-1.0,1,1.0
SKU016,2024-07-07,93,,108.0,106.0,110.0,,107.75,110.625,1.707825127659959,7,3,27,-0.4999999999999997,-0.8660254037844388,0,1.0
SKU016,2024-07-14,99,,93.0,108.0,107.0,,103.5,110.375,7.047458170621997,7,3,28,-0.4999999999999997,-0.8660254037844388,0,0.0
SKU016,2024-07-21,78,,99.0,93.0,106.0,,101.5,106.625,6.85565460040105,7,3,29,-0.4999999999999997,-0.8660254037844388,0,0.0
SKU016,2024-07-28,92,,78.0,99.0,108.0,,94.5,101.125,12.609520212918495,7,3,30,-0.4999999999999997,-0.8660254037844388,0,0.0
SKU016,2024-08-04,90,,92.0,78.0,93.0,,90.5,99.125,8.888194417315592,8,3,31,-0.8660254037844385,-0.5000000000000004,0,0.0
SKU016,2024-08-11,82,,90.0,92.0,99.0,,89.75,96.625,8.732124598286495,8,3,32,-0.8660254037844385,-0.5000000000000004,0,0.0
SKU016,2024-08-18,96,,82.0,90.0,78.0,,85.5,93.5,6.608075867199678,8,3,33,-0.8660254037844385,-0.5000000000000004,0,0.0
SKU016,2024-08-25,78,,96.0,82.0,92.0,,90.0,92.25,5.8878405775519065,8,3,34,-0.8660254037844385,-0.5000000000000004,0,0.0
SKU016,2024-09-01,98,,78.0,96.0,90.0,,86.5,88.5,8.062257748298554,9,3,35,-1.0,-1.8369701987210297e-16,1,0.0
SKU016,2024-09-08,94,,98.0,78.0,82.0,,88.5,89.125,9.983319421247963,9,3,36,-1.0,-1.8369701987210297e-16,1,1.0
SKU016,2024-09-15,77,,94.0,98.0,96.0,,91.5,88.5,9.146948489341499,9,3,37,-1.0,-1.8369701987210297e-16,1,1.0
SKU016,2024-09-22,90,,77.0,94.0,78.0,,86.75,88.375,10.812801055539067,9,3,38,-1.0,-1.8369701987210297e-16,1,1.0
SKU016,2024-09-29,89,,90.0,77.0,98.0,,89.75,88.125,9.10585891976516,9,3,39,-1.0,-1.8369701987210297e-16,1,1.0
SKU016,2024-10-06,71,,89.0,90.0,94.0,,87.5,88.0,7.3257536586119745,10,4,40,-0.8660254037844386,0.5000000000000001,0,1.0
SKU016,2024-10-13,85,,71.0,89.0,77.0,,81.75,86.625,9.287087810503357,10,4,41,-0.8660254037844386,0.5000000000000001,0,0.0
SKU016,2024-10-20,84,,85.0,71.0,90.0,,83.75,85.25,8.770214744615249,10,4,42,-0.8660254037844386,0.5000000000000001,0,0.0
SKU016,2024-10-27,82,,84.0,85.0,89.0,,82.25,86.0,7.8049129826454005,10,4,43,-0.8660254037844386,0.5000000000000001,0,0.0
SKU016,2024-11-03,98,,82.0,84.0,71.0,,80.5,84.0,6.454972243679032,11,4,44,-0.5000000000000004,0.8660254037844384,1,0.0
SKU016,2024-11-10,84,,98.0,82.0,85.0,,87.25,84.5,7.274384280931733,11,4,45,-0.5000000000000004,0.8660254037844384,1,1.0
SKU016,2024-11-17,104,,84.0,98.0,84.0,,87.0,85.375,7.393691004272947,11,4,46,-0.5000000000000004,0.8660254037844384,1,1.0
SKU016,2024-11-24,94,,104.0,84.0,82.0,,92.0,87.125,10.708252269472675,11,4,47,-0.5000000000000004,0.8660254037844384,1,1.0
SKU016,2024-12-01,97,,94.0,104.0,98.0,,95.0,87.75,8.406346808612332,12,4,48,-2.4492935982947064e-16,1.0,1,1.0
SKU016,2024-12-08,83,,97.0,94.0,84.0,,94.75,91.0,8.301606270274851,12,4,49,-2.4492935982947064e-16,1.0,0,1.0
SKU016,2024-12-15,71,,83.0,97.0,104.0,,94.5,90.75,8.736894948054108,12,4,50,-2.4492935982947064e-16,1.0,0,0.0
SKU016,2024-12-22,82,,71.0,83.0,94.0,,86.25,89.125,11.814539065631521,12,4,51,-2.4492935982947064e-16,1.0,0,0.0
SKU016,2024-12-29,75,,82.0,71.0,97.0,,83.25,89.125,10.657548185832113,12,4,52,-2.4492935982947064e-16,1.0,0,0.0
SKU016,2025-01-05,92,81.0,75.0,82.0,83.0,81.0,77.75,86.25,5.737304826019506,1,1,1,0.49999999999999994,0.8660254037844387,0,0.0
SKU016,2025-01-12,97,104.0,92.0,75.0,71.0,104.0,80.0,87.25,9.201449161228176,1,1,2,0.49999999999999994,0.8660254037844387,0,0.0
SKU016,2025-01-19,76,88.0,97.0,92.0,82.0,88.0,86.5,86.375,9.882644720249065,1,1,3,0.49999999999999994,0.8660254037844387,0,0.0
SKU016,2025-01-26,100,103.0,76.0,97.0,75.0,103.0,85.0,84.125,11.165422816296152,1,1,4,0.49999999999999994,0.8660254037844387,0,0.0
SKU016,2025-02-02,95,96.0,100.0,76.0,92.0,96.0,91.25,84.5,10.688779163215978,2,1,5,0.8660254037844386,0.5000000000000001,0,0.0
SKU016,2025-02-09,112,96.0,95.0,100.0,97.0,96.0,92.0,86.0,10.862780491200219,2,1,6,0.8660254037844386,0.5000000000000001,0,0.0
SKU016,2025-02-16,93,101.0,112.0,95.0,76.0,101.0,95.75,91.125,14.97497913187194,2,1,7,0.8660254037844386,0.5000000000000001,0,0.0
SKU016,2025-02-23,97,97.0,93.0,112.0,100.0,97.0,100.0,92.5,8.524474568362953,2,1,8,0.8660254037844386,0.5000000000000001,0,0.0
SKU016,2025-03-02,135,115.0,97.0,93.0,95.0,115.0,99.25,95.25,8.655441448399195,3,1,9,1.0,6.123233995736766e-17,1,0.0
SKU016,2025-03-09,103,110.0,135.0,97.0,112.0,110.0,109.25,100.625,19.01534468089741,3,1,10,1.0,6.123233995736766e-17,1,1.0
SKU016,2025-03-16,115,133.0,103.0,135.0,93.0,133.0,107.0,101.375,19.11369491577527,3,1,11,1.0,6.123233995736766e-17,1,1.0
SKU016,2025-03-23,113,122.0,115.0,103.0,97.0,122.0,112.5,106.25,16.76305461424021,3,1,12,1.0,6.123233995736766e-17,1,1.0
SKU016,2025-03-30,146,98.0,113.0,115.0,135.0,98.0,116.5,107.875,13.403979508588735,3,1,13,1.0,6.123233995736766e-17,1,1.0
SKU016,2025-04-06,116,109.0,146.0,113.0,103.0,109.0,119.25,114.25,18.589871794429715,4,2,14,0.8660254037844387,-0.4999999999999998,0,1.0
SKU016,2025-04-13,124,98.0,116.0,146.0,115.0,98.0,122.5,114.75,15.716233645501712,4,2,15,0.8660254037844387,-0.4999999999999998,0,0.0
SKU016,2025-04-20,98,125.0,124.0,116.0,113.0,125.0,124.75,118.625,14.908051515875576,4,2,16,0.8660254037844387,-0.4999999999999998,0,0.0
SKU016,2025-04-27,102,116.0,98.0,124.0,146.0,116.0,121.0,118.75,19.8997487421324,4,2,17,0.8660254037844387,-0.4999999999999998,0,0.0
SKU016,2025-05-04,111,93.0,102.0,98.0,116.0,93.0,110.0,114.625,12.110601416389969,5,2,18,0.49999999999999994,-0.8660254037844387,0,0.0
SKU016,2025-05-11,114,95.0,111.0,102.0,124.0,95.0,108.75,115.625,11.52894907034751,5,2,19,0.49999999999999994,-0.8660254037844387,0,0.0
SKU016,2025-05-18,126,129.0,114.0,111.0,98.0,129.0,106.25,115.5,7.5000000000000036,5,2,20,0.49999999999999994,-0.8660254037844387,0,0.0
SKU016,2025-05-25,107,122.0,126.0,114.0,102.0,122.0,113.25,117.125,9.912113800799508,5,2,21,0.49999999999999994,-0.8660254037844387,0,0.0
SKU016,2025-06-01,116,108.0,107.0,126.0,111.0,108.0,114.5,112.25,8.185352771872454,6,2,22,1.2246467991473532e-16,-1.0,1,0.0
SKU016,2025-06-08,111,110.0,116.0,107.0,114.0,110.0,115.75,112.25,7.84750491132904,6,2,23,1.2246467991473532e-16,-1.0,1,1.0
SKU016,2025-06-15,112,107.0,111.0,116.0,126.0,107.0,115.0,110.625,8.205689083394118,6,2,24,1.2246467991473532e-16,-1.0,1,1.0
SKU016,2025-06-22,112,106.0,112.0,111.0,107.0,106.0,111.5,112.375,3.6968455021364783,6,2,25,1.2246467991473532e-16,-1.0,1,1.0
SKU016,2025-06-29,116,108.0,112.0,112.0,116.0,108.0,112.75,113.625,2.2173557826083554,6,2,26,1.2246467991473532e-16,-1.0,1,1.0
SKU016,2025-07-06,101,93.0,116.0,112.0,111.0,93.0,112.75,114.25,2.2173557826083554,7,3,27,-0.4999999999999997,-0.8660254037844388,0,1.0
SKU016,2025-07-13,103,99.0,101.0,116.0,112.0,99.0,110.25,112.625,6.448514040717703,7,3,28,-0.4999999999999997,-0.8660254037844388,0,0.0
SKU016,2025-07-20,104,78.0,103.0,101.0,112.0,78.0,108.0,109.75,7.164728420068228,7,3,29,-0.4999999999999997,-0.8660254037844388,0,0.0
SKU016,2025-07-27,97,92.0,104.0,103.0,116.0,92.0,106.0,109.375,6.782329983125272,7,3,30,-0.4999999999999997,-0.8660254037844388,0,0.0
SKU016,2025-08-03,85,90.0,97.0,104.0,101.0,90.0,101.25,107.0,3.095695936834463,8,3,31,-0.8660254037844385,-0.5000000000000004,0,0.0
SKU016,2025-08-10,93,82.0,85.0,97.0,103.0,82.0,97.25,103.75,8.732124598286493,8,3,32,-0.8660254037844385,-0.5000000000000004,0,0.0
SKU016,2025-08-17,85,96.0,93.0,85.0,104.0,96.0,94.75,101.375,7.932002689527199,8,3,33,-0.8660254037844385,-0.5000000000000004,0,0.0
SKU016,2025-08-24,90,78.0,85.0,93.0,97.0,78.0,90.0,98.0,6.000000000000005,8,3,34,-0.8660254037844385,-0.5000000000000004,0,0.0
SKU016,2025-08-31,85,98.0,90.0,85.0,85.0,98.0,88.25,94.75,3.947573094109013,8,3,35,-0.8660254037844385,-0.5000000000000004,0,0.0
SKU016,2025-09-07,66,94.0,85.0,90.0,93.0,94.0,88.25,92.75,3.947573094109013,9,3,36,-1.0,-1.8369701987210297e-16,1,0.0
SKU016,2025-09-14,78,77.0,66.0,85.0,85.0,77.0,81.5,88.125,10.598742063723103,9,3,37,-1.0,-1.8369701987210297e-16,1,1.0
SKU016,2025-09-21,76,90.0,78.0,66.0,90.0,90.0,79.75,84.875,10.40432602334241,9,3,38,-1.0,-1.8369701987210297e-16,1,1.0
SKU016,2025-09-28,78,89.0,76.0,78.0,85.0,89.0,76.25,82.25,7.847504911329041,9,3,39,-1.0,-1.8369701987210297e-16,1,1.0
SKU016,2025-10-05,72,71.0,78.0,76.0,66.0,71.0,74.5,81.375,5.744562646538036,10,4,40,-0.8660254037844386,0.5000000000000001,0,1.0
SKU016,2025-10-12,84,85.0,72.0,78.0,78.0,85.0,76.0,78.75,2.8284271247462054,10,4,41,-0.8660254037844386,0.5000000000000001,0,0.0
SKU016,2025-10-19,86,84.0,84.0,72.0,76.0,84.0,77.5,78.625,5.00000000000001,10,4,42,-0.8660254037844386,0.5000000000000001,0,0.0
SKU016,2025-10-26,73,82.0,86.0,84.0,78.0,82.0,80.0,78.125,6.324555320336766,10,4,43,-0.8660254037844386,0.5000000000000001,0,0.0
SKU016,2025-11-02,109,98.0,73.0,86.0,72.0,98.0,78.75,76.625,7.274384280931739,11,4,44,-0.5000000000000004,0.8660254037844384,1,0.0
SKU016,2025-11-09,92,84.0,109.0,73.0,84.0,84.0,88.0,82.0,15.12172829628501,11,4,45,-0.5000000000000004,0.8660254037844384,1,1.0
SKU016,2025-11-16,95,104.0,92.0,109.0,86.0,104.0,90.0,83.75,14.944341180973266,11,4,46,-0.5000000000000004,0.8660254037844384,1,1.0
SKU016,2025-11-23,75,94.0,95.0,92.0,73.0,94.0,92.25,86.125,14.81834448693016,11,4,47,-0.5000000000000004,0.8660254037844384,1,1.0
SKU016,2025-11-30,71,97.0,75.0,95.0,109.0,97.0,92.75,85.75,13.961255912942315,11,4,48,-0.5000000000000004,0.8660254037844384,1,1.0
SKU016,2025-12-07,77,83.0,71.0,75.0,92.0,83.0,83.25,85.625,12.010412149464317,12,4,49,-2.4492935982947064e-16,1.0,0,1.0
SKU016,2025-12-14,78,71.0,77.0,71.0,95.0,71.0,79.5,84.75,10.630145812734652,12,4,50,-2.4492935982947064e-16,1.0,0,0.0
SKU016,2025-12-21,74,82.0,78.0,77.0,75.0,82.0,75.25,83.75,3.0956959368344563,12,4,51,-2.4492935982947064e-16,1.0,0,0.0
SKU016,2025-12-28,104,75.0,74.0,78.0,71.0,75.0,75.0,83.875,3.162277660168384,12,4,52,-2.4492935982947064e-16,1.0,0,0.0
SKU017,2024-01-07,84,,,,,,,,,1,1,1,0.49999999999999994,0.8660254037844387,0,
SKU017,2024-01-14,84,,84.0,,,,,,,1,1,2,0.49999999999999994,0.8660254037844387,0,0.0
SKU017,2024-01-21,88,,84.0,84.0,,,,,,1,1,3,0.49999999999999994,0.8660254037844387,0,0.0
SKU017,2024-01-28,94,,88.0,84.0,,,,,,1,1,4,0.49999999999999994,0.8660254037844387,0,0.0
SKU017,2024-02-04,89,,94.0,88.0,84.0,,87.5,,4.7258156262526105,2,1,5,0.8660254037844386,0.5000000000000001,0,0.0
SKU017,2024-02-11,96,,89.0,94.0,84.0,,88.75,,4.112987559751024,2,1,6,0.8660254037844386,0.5000000000000001,0,0.0
SKU017,2024-02-18,99,,96.0,89.0,88.0,,91.75,,3.862210075418826,2,1,7,0.8660254037844386,0.5000000000000001,0,0.0
SKU017,2024-02-25,80,,99.0,96.0,94.0,,94.5,,4.203173404306168,2,1,8,0.8660254037844386,0.5000000000000001,0,0.0
SKU017,2024-03-03,121,,80.0,99.0,89.0,,91.0,89.25,8.445906306213287,3,1,9,1.0,6.123233995736766e-17,1,0.0
SKU017,2024-03-10,130,,121.0,80.0,96.0,,99.0,93.875,16.87206764645835,3,1,10,1.0,6.123233995736766e-17,1,1.0
SKU017,2024-03-17,115,,130.0,121.0,99.0,,107.5,99.625,22.48703330069724,3,1,11,1.0,6.123233995736766e-17,1,1.0
SKU017,2024-03-24,109,,115.0,130.0,80.0,,111.5,103.0,21.88606862823929,3,1,12,1.0,6.123233995736766e-17,1,1.0
SKU017,2024-03-31,114,,109.0,115.0,121.0,,118.75,104.875,8.958236433584458,3,1,13,1.0,6.123233995736766e-17,1,1.0
SKU017,2024-04-07,125,,114.0,109.0,130.0,,117.0,108.0,9.055385138137417,4,2,14,0.8660254037844387,-0.4999999999999998,0,1.0
SKU017,2024-04-14,130,,125.0,114.0,115.0,,115.75,111.625,6.701989754294368,4,2,15,0.8660254037844387,-0.4999999999999998,0,0.0
SKU017,2024-04-21,108,,130.0,125.0,109.0,,119.5,115.5,9.678154093971983,4,2,16,0.8660254037844387,-0.4999999999999998,0,0.0
SKU017,2024-04-28,126,,108.0,130.0,114.0,,119.25,119.0,10.04572877727976,4,2,17,0.8660254037844387,-0.4999999999999998,0,0.0
SKU017,2024-05-05,129,,126.0,108.0,125.0,,122.25,119.625,9.742518497116988,5,2,18,0.49999999999999994,-0.8660254037844387,0,0.0
SKU017,2024-05-12,109,,129.0,126.0,130.0,,123.25,119.5,10.307764064044152,5,2,19,0.49999999999999994,-0.8660254037844387,0,0.0
SKU017,2024-05-19,109,,109.0,129.0,108.0,,118.0,118.75,11.045361017187261,5,2,20,0.49999999999999994,-0.8660254037844387,0,0.0
SKU017,2024-05-26,122,,109.0,109.0,126.0,,118.25,118.75,10.750968948580091,5,2,21,0.49999999999999994,-0.8660254037844387,0,0.0
SKU017,2024-06-02,118,,122.0,109.0,129.0,,117.25,119.75,9.945685831890462,6,2,22,1.2246467991473532e-16,-1.0,1,0.0
SKU017,2024-06-09,121,,118.0,122.0,109.0,,114.5,118.875,6.557438524301999,6,2,23,1.2246467991473532e-16,-1.0,1,1.0
SKU017,2024-06-16,110,,121.0,118.0,109.0,,117.5,117.75,5.916079783099615,6,2,24,1.2246467991473532e-16,-1.0,1,1.0
SKU017,2024-06-23,102,,110.0,121.0,122.0,,117.75,118.0,5.439056290693573,6,2,25,1.2246467991473532e-16,-1.0,1,1.0
SKU017,2024-06-30,125,,102.0,110.0,118.0,,112.75,115.0,8.539125638299664,6,2,26,1.2246467991473532e-16,-1.0,1,1.0
SKU017,2024-07-07,112,,125.0,102.0,121.0,,114.5,114.5,10.472185381603337,7,3,27,-0.4999999999999997,-0.8660254037844388,0,1.0
SKU017,2024-07-14,109,,112.0,125.0,110.0,,112.25,114.875,9.535023160258532,7,3,28,-0.4999999999999997,-0.8660254037844388,0,0.0
SKU017,2024-07-21,106,,109.0,112.0,102.0,,112.0,114.875,9.626352718795765,7,3,29,-0.4999999999999997,-0.8660254037844388,0,0.0
SKU017,2024-07-28,104,,106.0,109.0,125.0,,113.0,112.875,8.366600265340752,7,3,30,-0.4999999999999997,-0.8660254037844388,0,0.0
SKU017,2024-08-04,98,,104.0,106.0,112.0,,107.75,111.125,3.499999999999992,8,3,31,-0.8660254037844385,-0.5000000000000004,0,0.0
SKU017,2024-08-11,100,,98.0,104.0,109.0,,104.25,108.25,4.645786621588776,8,3,32,-0.8660254037844385,-0.5000000000000004,0,0.0
SKU017,2024-08-18,94,,100.0,98.0,106.0,,102.0,107.0,3.6514837167010983,8,3,33,-0.8660254037844385,-0.5000000000000004,0,0.0
SKU017,2024-08-25,95,,94.0,100.0,104.0,,99.0,106.0,4.163331998932259,8,3,34,-0.8660254037844385,-0.5000000000000004,0,0.0
SKU017,2024-09-01,85,,95.0,94.0,98.0,,96.75,102.25,2.7537852736430395,9,3,35,-1.0,-1.8369701987210297e-16,1,0.0
SKU017,2024-09-08,98,,85.0,95.0,100.0,,93.5,98.875,6.244997998398392,9,3,36,-1.0,-1.8369701987210297e-16,1,1.0
SKU017,2024-09-15,88,,98.0,85.0,94.0,,93.0,97.5,5.597618541248881,9,3,37,-1.0,-1.8369701987210297e-16,1,1.0
SKU017,2024-09-22,88,,88.0,98.0,95.0,,91.5,95.25,6.027713773341702,9,3,38,-1.0,-1.8369701987210297e-16,1,1.0
SKU017,2024-09-29,101,,88.0,88.0,85.0,,89.75,93.25,5.6789083458002665,9,3,39,-1.0,-1.8369701987210297e-16,1,1.0
SKU017,2024-10-06,60,,101.0,88.0,98.0,,93.75,93.625,6.7515430335096935,10,4,40,-0.8660254037844386,0.5000000000000001,0,1.0
SKU017,2024-10-13,67,,60.0,101.0,88.0,,84.25,88.625,17.28920665232117,10,4,41,-0.8660254037844386,0.5000000000000001,0,0.0
SKU017,2024-10-20,100,,67.0,60.0,88.0,,79.0,85.25,18.885620632287058,10,4,42,-0.8660254037844386,0.5000000000000001,0,0.0
SKU017,2024-10-27,82,,100.0,67.0,101.0,,82.0,85.875,21.556128285632987,10,4,43,-0.8660254037844386,0.5000000000000001,0,0.0
SKU017,2024-11-03,90,,82.0,100.0,60.0,,77.25,85.5,17.727097901235833,11,4,44,-0.5000000000000004,0.8660254037844384,1,0.0
SKU017,2024-11-10,95,,90.0,82.0,67.0,,84.75,84.5,13.937359864766352,11,4,45,-0.5000000000000004,0.8660254037844384,1,1.0
SKU017,2024-11-17,86,,95.0,90.0,100.0,,91.75,85.375,7.675719293112962,11,4,46,-0.5000000000000004,0.8660254037844384,1,1.0
SKU017,2024-11-24,97,,86.0,95.0,82.0,,88.25,85.125,5.560275772537415,11,4,47,-0.5000000000000004,0.8660254037844384,1,1.0
SKU017,2024-12-01,82,,97.0,86.0,90.0,,92.0,84.625,4.96655480858377,12,4,48,-2.4492935982947064e-16,1.0,1,1.0
SKU017,2024-12-08,81,,82.0,97.0,95.0,,90.0,87.375,7.1647284200682195,12,4,49,-2.4492935982947064e-16,1.0,0,1.0
SKU017,2024-12-15,88,,81.0,82.0,86.0,,86.5,89.125,7.325753658611963,12,4,50,-2.4492935982947064e-16,1.0,0,0.0
SKU017,2024-12-22,80,,88.0,81.0,97.0,,87.0,87.625,7.3484692283495265,12,4,51,-2.4492935982947064e-16,1.0,0,0.0
SKU017,2024-12-29,94,,80.0,88.0,82.0,,82.75,87.375,3.5939764421412908,12,4,52,-2.4492935982947064e-16,1.0,0,0.0
SKU017,2025-01-05,85,84.0,94.0,80.0,81.0,84.0,85.75,87.875,6.551081335677842,1,1,1,0.49999999999999994,0.8660254037844387,0,0.0
SKU017,2025-01-12,97,84.0,85.0,94.0,88.0,84.0,86.75,86.625,5.852349955359805,1,1,2,0.49999999999999994,0.8660254037844387,0,0.0
SKU017,2025-01-19,106,88.0,97.0,85.0,80.0,88.0,89.0,88.0,7.874007874011806,1,1,3,0.49999999999999994,0.8660254037844387,0,0.0
SKU017,2025-01-26,89,94.0,106.0,97.0,94.0,94.0,95.5,89.125,8.660254037844382,1,1,4,0.49999999999999994,0.8660254037844387,0,0.0
SKU017,2025-02-02,89,89.0,89.0,106.0,85.0,89.0,94.25,90.0,9.287087810503351,2,1,5,0.8660254037844386,0.5000000000000001,0,0.0
SKU017,2025-02-09,112,96.0,89.0,89.0,97.0,96.0,95.25,91.0,8.09835374217089,2,1,6,0.8660254037844386,0.5000000000000001,0,0.0
SKU017,2025-02-16,97,99.0,112.0,89.0,106.0,99.0,99.0,94.0,11.80395413975051,2,1,7,0.8660254037844386,0.5000000000000001,0,0.0
SKU017,2025-02-23,107,80.0,97.0,112.0,89.0,80.0,96.75,96.125,10.843584893075409,2,1,8,0.8660254037844386,0.5000000000000001,0,0.0
SKU017,2025-03-02,127,121.0,107.0,97.0,89.0,121.0,101.25,97.75,10.275375094532231,3,1,9,1.0,6.123233995736766e-17,1,0.0
SKU017,2025-03-09,104,130.0,127.0,107.0,112.0,130.0,110.75,103.0,12.499999999999998,3,1,10,1.0,6.123233995736766e-17,1,1.0
SKU017,2025-03-16,129,115.0,104.0,127.0,97.0,115.0,108.75,103.875,12.867918764638409,3,1,11,1.0,6.123233995736766e-17,1,1.0
SKU017,2025-03-23,124,109.0,129.0,104.0,107.0,109.0,116.75,106.75,13.073510112692253,3,1,12,1.0,6.123233995736766e-17,1,1.0
SKU017,2025-03-30,135,114.0,124.0,129.0,127.0,114.0,121.0,111.125,11.518101695447328,3,1,13,1.0,6.123233995736766e-17,1,1.0
SKU017,2025-04-06,114,125.0,135.0,124.0,104.0,125.0,123.0,116.875,13.441230102437299,4,2,14,0.8660254037844387,-0.4999999999999998,0,1.0
SKU017,2025-04-13,115,130.0,114.0,135.0,129.0,130.0,125.5,117.125,8.888194417315583,4,2,15,0.8660254037844387,-0.4999999999999998,0,0.0
SKU017,2025-04-20,115,108.0,115.0,114.0,124.0,108.0,122.0,119.375,9.763879010584533,4,2,16,0.8660254037844387,-0.4999999999999998,0,0.0
SKU017,2025-04-27,138,126.0,115.0,115.0,135.0,126.0,119.75,120.375,10.177589760514676,4,2,17,0.8660254037844387,-0.4999999999999998,0,0.0
SKU017,2025-05-04,95,129.0,138.0,115.0,114.0,129.0,120.5,121.75,11.676186592091323,5,2,18,0.49999999999999994,-0.8660254037844387,0,0.0
SKU017,2025-05-11,102,109.0,95.0,138.0,115.0,109.0,115.75,120.625,17.576025337563284,5,2,19,0.49999999999999994,-0.8660254037844387,0,0.0
SKU017,2025-05-18,109,109.0,102.0,95.0,115.0,109.0,112.5,117.25,18.91207727000571,5,2,20,0.49999999999999994,-0.8660254037844387,0,0.0
SKU017,2025-05-25,114,122.0,109.0,102.0,138.0,122.0,111.0,115.375,18.885620632287058,5,2,21,0.49999999999999994,-0.8660254037844387,0,0.0
SKU017,2025-06-01,109,118.0,114.0,109.0,95.0,118.0,105.0,112.75,8.28653526310403,6,2,22,1.2246467991473532e-16,-1.0,1,0.0
SKU017,2025-06-08,111,121.0,109.0,114.0,102.0,121.0,108.5,112.125,4.932882862316242,6,2,23,1.2246467991473532e-16,-1.0,1,1.0
SKU017,2025-06-15,113,110.0,111.0,109.0,109.0,110.0,110.75,111.625,2.3629078131262897,6,2,24,1.2246467991473532e-16,-1.0,1,1.0
SKU017,2025-06-22,114,102.0,113.0,111.0,114.0,102.0,111.75,111.375,2.217355782608331,6,2,25,1.2246467991473532e-16,-1.0,1,1.0
SKU017,2025-06-29,133,125.0,114.0,113.0,109.0,125.0,111.75,108.375,2.217355782608331,6,2,26,1.2246467991473532e-16,-1.0,1,1.0
SKU017,2025-07-06,105,112.0,133.0,114.0,111.0,112.0,117.75,113.125,10.24288370853963,7,3,27,-0.4999999999999997,-0.8660254037844388,0,1.0
SKU017,2025-07-13,97,109.0,105.0,133.0,113.0,109.0,116.25,113.5,11.870832602082576,7,3,28,-0.4999999999999997,-0.8660254037844388,0,0.0
SKU017,2025-07-20,98,106.0,97.0,105.0,114.0,106.0,112.25,112.0,15.478479684172255,7,3,29,-0.4999999999999997,-0.8660254037844388,0,0.0
SKU017,2025-07-27,83,104.0,98.0,97.0,133.0,104.0,108.25,110.0,16.8794747153656,7,3,30,-0.4999999999999997,-0.8660254037844388,0,0.0
SKU017,2025-08-03,82,98.0,83.0,98.0,105.0,98.0,95.75,106.75,9.215023964519384,8,3,31,-0.8660254037844385,-0.5000000000000004,0,0.0
SKU017,2025-08-10,76,100.0,82.0,83.0,97.0,100.0,90.0,103.125,8.67947771086102,8,3,32,-0.8660254037844385,-0.5000000000000004,0,0.0
SKU017,2025-08-17,85,94.0,76.0,82.0,98.0,94.0,84.75,98.5,9.358596760910968,8,3,33,-0.8660254037844385,-0.5000000000000004,0,0.0
SKU017,2025-08-24,85,95.0,85.0,76.0,83.0,95.0,81.5,94.875,3.8729833462074077,8,3,34,-0.8660254037844385,-0.5000000000000004,0,0.0
SKU017,2025-08-31,78,85.0,85.0,85.0,82.0,85.0,82.0,88.875,4.242640687119277,8,3,35,-0.8660254037844385,-0.5000000000000004,0,0.0
SKU017,2025-09-07,71,98.0,78.0,85.0,76.0,98.0,81.0,85.5,4.690415759823422,9,3,36,-1.0,-1.8369701987210297e-16,1,0.0
SKU017,2025-09-14,77,88.0,71.0,78.0,85.0,88.0,79.75,82.25,6.701989754294361,9,3,37,-1.0,-1.8369701987210297e-16,1,1.0
SKU017,2025-09-21,83,88.0,77.0,71.0,85.0,88.0,77.75,79.625,5.737304826019495,9,3,38,-1.0,-1.8369701987210297e-16,1,1.0
SKU017,2025-09-28,90,101.0,83.0,77.0,78.0,101.0,77.25,79.625,4.924428900898044,9,3,39,-1.0,-1.8369701987210297e-16,1,1.0
SKU017,2025-10-05,75,60.0,90.0,83.0,71.0,60.0,80.25,80.625,8.13941029804985,10,4,40,-0.8660254037844386,0.5000000000000001,0,1.0
SKU017,2025-10-12,76,67.0,75.0,90.0,77.0,67.0,81.25,80.5,6.751543033509693,10,4,41,-0.8660254037844386,0.5000000000000001,0,0.0
SKU017,2025-10-19,84,100.0,76.0,75.0,83.0,100.0,81.0,79.375,6.976149845485445,10,4,42,-0.8660254037844386,0.5000000000000001,0,0.0
SKU017,2025-10-26,61,82.0,84.0,76.0,90.0,82.0,81.25,79.25,7.088723439378907,10,4,43,-0.8660254037844386,0.5000000000000001,0,0.0
SKU017,2025-11-02,83,90.0,61.0,84.0,75.0,90.0,74.0,77.125,9.556847457887628,11,4,44,-0.5000000000000004,0.8660254037844384,1,0.0
SKU017,2025-11-09,103,95.0,83.0,61.0,76.0,95.0,76.0,78.625,10.614455552060432,11,4,45,-0.5000000000000004,0.8660254037844384,1,1.0
SKU017,2025-11-16,88,86.0,103.0,83.0,84.0,86.0,82.75,81.875,17.17313793884701,11,4,46,-0.5000000000000004,0.8660254037844384,1,1.0
SKU017,2025-11-23,87,97.0,88.0,103.0,61.0,97.0,83.75,82.5,17.385338650713706,11,4,47,-0.5000000000000004,0.8660254037844384,1,1.0
SKU017,2025-11-30,90,82.0,87.0,88.0,83.0,82.0,90.25,82.125,8.77021474461524,11,4,48,-0.5000000000000004,0.8660254037844384,1,1.0
SKU017,2025-12-07,105,81.0,90.0,87.0,103.0,81.0,92.0,84.0,7.438637868140459,12,4,49,-2.4492935982947064e-16,1.0,0,1.0
SKU017,2025-12-14,96,88.0,105.0,90.0,88.0,88.0,92.5,87.625,8.426149773176352,12,4,50,-2.4492935982947064e-16,1.0,0,0.0
SKU017,2025-12-21,81,80.0,96.0,105.0,87.0,80.0,94.5,89.125,7.937253933193766,12,4,51,-2.4492935982947064e-16,1.0,0,0.0
SKU017,2025-12-28,98,94.0,81.0,96.0,90.0,94.0,93.0,91.625,10.099504938362074,12,4,52,-2.4492935982947064e-16,1.0,0,0.0
SKU018,2024-01-07,176,,,,,,,,,1,1,1,0.49999999999999994,0.8660254037844387,0,
SKU018,2024-01-14,175,,176.0,,,,,,,1,1,2,0.49999999999999994,0.8660254037844387,0,0.0
SKU018,2024-01-21,153,,175.0,176.0,,,,,,1,1,3,0.49999999999999994,0.8660254037844387,0,0.0
SKU018,2024-01-28,188,,153.0,175.0,,,,,,1,1,4,0.49999999999999994,0.8660254037844387,0,0.0
SKU018,2024-02-04,162,,188.0,153.0,176.0,,173.0,,14.583095236151571,2,1,5,0.8660254037844386,0.5000000000000001,0,0.0
SKU018,2024-02-11,171,,162.0,188.0,175.0,,169.5,,15.286159317064135,2,1,6,0.8660254037844386,0.5000000000000001,0,0.0
SKU018,2024-02-18,178,,171.0,162.0,153.0,,168.5,,14.933184523068078,2,1,7,0.8660254037844386,0.5000000000000001,0,0.0
SKU018,2024-02-25,205,,178.0,171.0,188.0,,174.75,,10.996211468804459,2,1,8,0.8660254037844386,0.5000000000000001,0,0.0
SKU018,2024-03-03,195,,205.0,178.0,162.0,,179.0,176.0,18.52925614624973,3,1,9,1.0,6.123233995736766e-17,1,0.0
SKU018,2024-03-10,206,,195.0,205.0,171.0,,187.25,178.375,15.54295124271235,3,1,10,1.0,6.123233995736766e-17,1,1.0
SKU018,2024-03-17,223,,206.0,195.0,178.0,,196.0,182.25,12.987173159185444,3,1,11,1.0,6.123233995736766e-17,1,1.0
SKU018,2024-03-24,227,,223.0,206.0,205.0,,207.25,191.0,11.615363389350625,3,1,12,1.0,6.123233995736766e-17,1,1.0
SKU018,2024-03-31,221,,227.0,223.0,195.0,,212.75,195.875,14.930394055974103,3,1,13,1.0,6.123233995736766e-17,1,1.0
SKU018,2024-04-07,197,,221.0,227.0,206.0,,219.25,203.25,9.17877987534292,4,2,14,0.8660254037844387,-0.4999999999999998,0,1.0
SKU018,2024-04-14,190,,197.0,221.0,223.0,,217.0,206.5,13.564659966250543,4,2,15,0.8660254037844387,-0.4999999999999998,0,0.0
SKU018,2024-04-21,209,,190.0,197.0,227.0,,208.75,208.0,18.00694310536911,4,2,16,0.8660254037844387,-0.4999999999999998,0,0.0
SKU018,2024-04-28,209,,209.0,190.0,221.0,,204.25,208.5,13.647344063956186,4,2,17,0.8660254037844387,-0.4999999999999998,0,0.0
SKU018,2024-05-05,204,,209.0,209.0,197.0,,201.25,210.25,9.394147114027975,5,2,18,0.49999999999999994,-0.8660254037844387,0,0.0
SKU018,2024-05-12,220,,204.0,209.0,190.0,,203.0,210.0,8.981462390204994,5,2,19,0.49999999999999994,-0.8660254037844387,0,0.0
SKU018,2024-05-19,203,,220.0,204.0,209.0,,210.5,209.625,6.7577116442377685,5,2,20,0.49999999999999994,-0.8660254037844387,0,0.0
SKU018,2024-05-26,185,,203.0,220.0,209.0,,209.0,206.625,7.7888809636986185,5,2,21,0.49999999999999994,-0.8660254037844387,0,0.0
SKU018,2024-06-02,199,,185.0,203.0,204.0,,203.0,202.125,14.306175822583292,6,2,22,1.2246467991473532e-16,-1.0,1,0.0
SKU018,2024-06-09,194,,199.0,185.0,220.0,,201.75,202.375,14.407752542757436,6,2,23,1.2246467991473532e-16,-1.0,1,1.0
SKU018,2024-06-16,191,,194.0,199.0,203.0,,195.25,202.875,7.76208734813001,6,2,24,1.2246467991473532e-16,-1.0,1,1.0
SKU018,2024-06-23,198,,191.0,194.0,185.0,,192.25,200.625,5.852349955359808,6,2,25,1.2246467991473532e-16,-1.0,1,1.0
SKU018,2024-06-30,197,,198.0,191.0,199.0,,195.5,199.25,3.6968455021364703,6,2,26,1.2246467991473532e-16,-1.0,1,1.0
SKU018,2024-07-07,163,,197.0,198.0,194.0,,195.0,198.375,3.1622776601683777,7,3,27,-0.4999999999999997,-0.8660254037844388,0,1.0
SKU018,2024-07-14,181,,163.0,197.0,191.0,,187.25,191.25,16.459546368799682,7,3,28,-0.4999999999999997,-0.8660254037844388,0,0.0
SKU018,2024-07-21,169,,181.0,163.0,198.0,,184.75,188.5,16.459546368799682,7,3,29,-0.4999999999999997,-0.8660254037844388,0,0.0
SKU018,2024-07-28,158,,169.0,181.0,197.0,,177.5,186.5,15.000000000000004,7,3,30,-0.4999999999999997,-0.8660254037844388,0,0.0
SKU018,2024-08-04,172,,158.0,169.0,163.0,,167.75,181.375,9.91211380079951,8,3,31,-0.8660254037844385,-0.5000000000000004,0,0.0
SKU018,2024-08-11,164,,172.0,158.0,181.0,,170.0,178.625,9.486832980505143,8,3,32,-0.8660254037844385,-0.5000000000000004,0,0.0
SKU018,2024-08-18,167,,164.0,172.0,169.0,,165.75,175.25,6.130524719249851,8,3,33,-0.8660254037844385,-0.5000000000000004,0,0.0
SKU018,2024-08-25,169,,167.0,164.0,158.0,,165.25,171.375,5.852349955359823,8,3,34,-0.8660254037844385,-0.5000000000000004,0,0.0
SKU018,2024-09-01,171,,169.0,167.0,172.0,,168.0,167.875,3.366501646120715,9,3,35,-1.0,-1.8369701987210297e-16,1,0.0
SKU018,2024-09-08,158,,171.0,169.0,164.0,,167.75,168.875,2.986078811194844,9,3,36,-1.0,-1.8369701987210297e-16,1,1.0
SKU018,2024-09-15,158,,158.0,171.0,167.0,,166.25,166.0,5.737304826019515,9,3,37,-1.0,-1.8369701987210297e-16,1,1.0
SKU018,2024-09-22,163,,158.0,158.0,169.0,,164.0,164.625,6.976149845485461,9,3,38,-1.0,-1.8369701987210297e-16,1,1.0
SKU018,2024-09-29,169,,163.0,158.0,171.0,,162.5,165.25,6.137317546507337,9,3,39,-1.0,-1.8369701987210297e-16,1,1.0
SKU018,2024-10-06,134,,169.0,163.0,158.0,,162.0,164.875,5.228129047119389,10,4,40,-0.8660254037844386,0.5000000000000001,0,1.0
SKU018,2024-10-13,153,,134.0,169.0,158.0,,156.0,161.125,15.340577998671808,10,4,41,-0.8660254037844386,0.5000000000000001,0,0.0
SKU018,2024-10-20,140,,153.0,134.0,163.0,,154.75,159.375,15.326991442115013,10,4,42,-0.8660254037844386,0.5000000000000001,0,0.0
SKU018,2024-10-27,159,,140.0,153.0,169.0,,149.0,155.75,15.5134350376268,10,4,43,-0.8660254037844386,0.5000000000000001,0,0.0
SKU018,2024-11-03,170,,159.0,140.0,134.0,,146.5,154.25,11.503622617824941,11,4,44,-0.5000000000000004,0.8660254037844384,1,0.0
SKU018,2024-11-10,162,,170.0,159.0,153.0,,155.5,155.75,12.50333288900738,11,4,45,-0.5000000000000004,0.8660254037844384,1,1.0
SKU018,2024-11-17,150,,162.0,170.0,140.0,,157.75,156.25,12.711543310445574,11,4,46,-0.5000000000000004,0.8660254037844384,1,1.0
SKU018,2024-11-24,153,,150.0,162.0,159.0,,160.25,154.625,8.261355820929172,11,4,47,-0.5000000000000004,0.8660254037844384,1,1.0
SKU018,2024-12-01,143,,153.0,150.0,170.0,,158.75,152.625,9.069178573608543,12,4,48,-2.4492935982947064e-16,1.0,1,1.0
SKU018,2024-12-08,182,,143.0,153.0,162.0,,152.0,153.75,7.874007874011831,12,4,49,-2.4492935982947064e-16,1.0,0,1.0
SKU018,2024-12-15,150,,182.0,143.0,150.0,,157.0,157.375,17.185265006200332,12,4,50,-2.4492935982947064e-16,1.0,0,0.0
SKU018,2024-12-22,172,,150.0,182.0,153.0,,157.0,158.625,17.185265006200332,12,4,51,-2.4492935982947064e-16,1.0,0,0.0
SKU018,2024-12-29,154,,172.0,150.0,143.0,,161.75,160.25,18.30072858294628,12,4,52,-2.4492935982947064e-16,1.0,0,0.0
SKU018,2025-01-05,181,176.0,154.0,172.0,182.0,176.0,164.5,158.25,15.088627063675045,1,1,1,0.49999999999999994,0.8660254037844387,0,0.0
SKU018,2025-01-12,172,175.0,181.0,154.0,150.0,175.0,164.25,160.625,14.705441169852755,1,1,2,0.49999999999999994,0.8660254037844387,0,0.0
SKU018,2025-01-19,164,153.0,172.0,181.0,172.0,153.0,169.75,163.375,11.324751652906139,1,1,3,0.49999999999999994,0.8660254037844387,0,0.0
SKU018,2025-01-26,163,188.0,164.0,172.0,154.0,188.0,167.75,164.75,11.500000000000014,1,1,4,0.49999999999999994,0.8660254037844387,0,0.0
SKU018,2025-02-02,178,162.0,163.0,164.0,181.0,162.0,170.0,167.25,8.366600265340775,2,1,5,0.8660254037844386,0.5000000000000001,0,0.0
SKU018,2025-02-09,175,171.0,178.0,163.0,172.0,171.0,169.25,166.75,7.088723439378936,2,1,6,0.8660254037844386,0.5000000000000001,0,0.0
SKU018,2025-02-16,186,178.0,175.0,178.0,164.0,178.0,170.0,169.875,7.615773105863929,2,1,7,0.8660254037844386,0.5000000000000001,0,0.0
SKU018,2025-02-23,194,205.0,186.0,175.0,163.0,205.0,175.5,171.625,9.539392014169474,2,1,8,0.8660254037844386,0.5000000000000001,0,0.0
SKU018,2025-03-02,211,195.0,194.0,186.0,178.0,195.0,183.25,176.625,8.539125638299689,3,1,9,1.0,6.123233995736766e-17,1,0.0
SKU018,2025-03-09,206,206.0,211.0,194.0,175.0,206.0,191.5,180.375,15.15475722889242,3,1,10,1.0,6.123233995736766e-17,1,1.0
SKU018,2025-03-16,214,223.0,206.0,211.0,186.0,223.0,199.25,184.625,11.35414755350075,3,1,11,1.0,6.123233995736766e-17,1,1.0
SKU018,2025-03-23,219,227.0,214.0,206.0,194.0,227.0,206.25,190.875,8.808140174482567,3,1,12,1.0,6.123233995736766e-17,1,1.0
SKU018,2025-03-30,196,221.0,219.0,214.0,211.0,221.0,212.5,197.875,5.446711546122766,3,1,13,1.0,6.123233995736766e-17,1,1.0
SKU018,2025-04-06,207,197.0,196.0,219.0,206.0,197.0,208.75,200.125,10.045728777279777,4,2,14,0.8660254037844387,-0.4999999999999998,0,1.0
SKU018,2025-04-13,197,190.0,207.0,196.0,214.0,190.0,209.0,204.125,9.966610925150722,4,2,15,0.8660254037844387,-0.4999999999999998,0,0.0
SKU018,2025-04-20,212,209.0,197.0,207.0,219.0,209.0,204.75,205.5,10.719919153924021,4,2,16,0.8660254037844387,-0.4999999999999998,0,0.0
SKU018,2025-04-27,210,209.0,212.0,197.0,196.0,209.0,203.0,207.75,7.788880963698642,4,2,17,0.8660254037844387,-0.4999999999999998,0,0.0
SKU018,2025-05-04,220,204.0,210.0,212.0,207.0,204.0,206.5,207.625,6.658328118479422,5,2,18,0.49999999999999994,-0.8660254037844387,0,0.0
SKU018,2025-05-11,220,220.0,220.0,210.0,197.0,220.0,209.75,209.375,9.535023160258554,5,2,19,0.49999999999999994,-0.8660254037844387,0,0.0
SKU018,2025-05-18,207,203.0,220.0,220.0,212.0,203.0,215.5,210.125,5.259911279353199,5,2,20,0.49999999999999994,-0.8660254037844387,0,0.0
SKU018,2025-05-25,201,185.0,207.0,220.0,210.0,185.0,214.25,208.625,6.751543033509722,5,2,21,0.49999999999999994,-0.8660254037844387,0,0.0
SKU018,2025-06-01,192,199.0,201.0,207.0,220.0,199.0,212.0,209.25,9.55684745788765,6,2,22,1.2246467991473532e-16,-1.0,1,0.0
SKU018,2025-06-08,203,194.0,192.0,201.0,220.0,194.0,205.0,207.375,11.747340124470746,6,2,23,1.2246467991473532e-16,-1.0,1,1.0
SKU018,2025-06-15,201,191.0,203.0,192.0,207.0,191.0,200.75,208.125,6.344288770224789,6,2,24,1.2246467991473532e-16,-1.0,1,1.0
SKU018,2025-06-22,212,198.0,201.0,203.0,201.0,198.0,199.25,206.75,4.924428900898088,6,2,25,1.2246467991473532e-16,-1.0,1,1.0
SKU018,2025-06-29,194,197.0,212.0,201.0,192.0,197.0,202.0,207.0,8.205689083394137,6,2,26,1.2246467991473532e-16,-1.0,1,1.0
SKU018,2025-07-06,164,163.0,194.0,212.0,203.0,163.0,202.5,203.75,7.416198487095689,7,3,27,-0.4999999999999997,-0.8660254037844388,0,1.0
SKU018,2025-07-13,156,181.0,164.0,194.0,201.0,181.0,192.75,196.75,20.54872258803453,7,3,28,-0.4999999999999997,-0.8660254037844388,0,0.0
SKU018,2025-07-20,167,169.0,156.0,164.0,212.0,169.0,181.5,190.375,26.09597670139979,7,3,29,-0.4999999999999997,-0.8660254037844388,0,0.0
SKU018,2025-07-27,159,158.0,167.0,156.0,194.0,158.0,170.25,186.125,16.500000000000018,7,3,30,-0.4999999999999997,-0.8660254037844388,0,0.0
SKU018,2025-08-03,179,172.0,159.0,167.0,164.0,172.0,161.5,182.0,4.93288286231632,8,3,31,-0.8660254037844385,-0.5000000000000004,0,0.0
SKU018,2025-08-10,139,164.0,179.0,159.0,156.0,164.0,165.25,179.0,10.275375094532272,8,3,32,-0.8660254037844385,-0.5000000000000004,0,0.0
SKU018,2025-08-17,146,167.0,139.0,179.0,167.0,167.0,161.0,171.25,16.812693617224678,8,3,33,-0.8660254037844385,-0.5000000000000004,0,0.0
SKU018,2025-08-24,151,169.0,146.0,139.0,159.0,169.0,155.75,163.0,17.57602533756331,8,3,34,-0.8660254037844385,-0.5000000000000004,0,0.0
SKU018,2025-08-31,161,171.0,151.0,146.0,179.0,171.0,153.75,157.625,17.538053863907876,8,3,35,-0.8660254037844385,-0.5000000000000004,0,0.0
SKU018,2025-09-07,150,158.0,161.0,151.0,139.0,158.0,149.25,157.25,9.251126057585319,9,3,36,-1.0,-1.8369701987210297e-16,1,0.0
SKU018,2025-09-14,155,158.0,150.0,161.0,146.0,158.0,152.0,156.5,6.3770421565697255,9,3,37,-1.0,-1.8369701987210297e-16,1,1.0
SKU018,2025-09-21,148,163.0,155.0,150.0,151.0,163.0,154.25,155.0,4.991659710624058,9,3,38,-1.0,-1.8369701987210297e-16,1,1.0
SKU018,2025-09-28,146,169.0,148.0,155.0,161.0,169.0,153.5,153.625,5.8022983951764715,9,3,39,-1.0,-1.8369701987210297e-16,1,1.0
SKU018,2025-10-05,138,134.0,146.0,148.0,150.0,134.0,149.75,149.5,3.8622100754189255,10,4,40,-0.8660254037844386,0.5000000000000001,0,1.0
SKU018,2025-10-12,154,153.0,138.0,146.0,155.0,153.0,146.75,149.375,6.99404508611915,10,4,41,-0.8660254037844386,0.5000000000000001,0,0.0
SKU018,2025-10-19,141,140.0,154.0,138.0,148.0,140.0,146.5,150.375,6.6080758671997275,10,4,42,-0.8660254037844386,0.5000000000000001,0,0.0
SKU018,2025-10-26,135,159.0,141.0,154.0,146.0,159.0,144.75,149.125,6.99404508611915,10,4,43,-0.8660254037844386,0.5000000000000001,0,0.0
SKU018,2025-11-02,166,170.0,135.0,141.0,138.0,170.0,142.0,145.875,8.366600265340804,11,4,44,-0.5000000000000004,0.8660254037844384,1,0.0
SKU018,2025-11-09,157,162.0,166.0,135.0,154.0,162.0,149.0,147.875,13.832329280830978,11,4,45,-0.5000000000000004,0.8660254037844384,1,1.0
SKU018,2025-11-16,142,150.0,157.0,166.0,141.0,150.0,149.75,148.125,14.268263150549686,11,4,46,-0.5000000000000004,0.8660254037844384,1,1.0
SKU018,2025-11-23,150,153.0,142.0,157.0,135.0,153.0,150.0,147.375,14.071247279470313,11,4,47,-0.5000000000000004,0.8660254037844384,1,1.0
SKU018,2025-11-30,152,143.0,150.0,142.0,166.0,143.0,153.75,147.875,10.210288928331105,11,4,48,-0.5000000000000004,0.8660254037844384,1,1.0
SKU018,2025-12-07,158,182.0,152.0,150.0,157.0,182.0,150.25,149.625,6.238322424071021,12,4,49,-2.4492935982947064e-16,1.0,0,1.0
SKU018,2025-12-14,162,150.0,158.0,152.0,142.0,150.0,150.5,150.125,6.608075867199721,12,4,50,-2.4492935982947064e-16,1.0,0,0.0
SKU018,2025-12-21,160,172.0,162.0,158.0,150.0,172.0,155.5,152.75,5.50757054728616,12,4,51,-2.4492935982947064e-16,1.0,0,0.0
SKU018,2025-12-28,161,154.0,160.0,162.0,152.0,154.0,158.0,155.875,4.320493798938644,12,4,52,-2.4492935982947064e-16,1.0,0,0.0
SKU019,2024-01-07,101,,,,,,,,,1,1,1,0.49999999999999994,0.8660254037844387,0,
SKU019,2024-01-14,115,,101.0,,,,,,,1,1,2,0.49999999999999994,0.8660254037844387,0,0.0
SKU019,2024-01-21,103,,115.0,101.0,,,,,,1,1,3,0.49999999999999994,0.8660254037844387,0,0.0
SKU019,2024-01-28,107,,103.0,115.0,,,,,,1,1,4,0.49999999999999994,0.8660254037844387,0,0.0
SKU019,2024-02-04,136,,107.0,103.0,101.0,,106.5,,6.191391873668902,2,1,5,0.8660254037844386,0.5000000000000001,0,0.0
SKU019,2024-02-11,119,,136.0,107.0,115.0,,115.25,,14.705441169852744,2,1,6,0.8660254037844386,0.5000000000000001,0,0.0
SKU019,2024-02-18,117,,119.0,136.0,103.0,,116.25,,14.818344486930156,2,1,7,0.8660254037844386,0.5000000000000001,0,0.0
SKU019,2024-02-25,117,,117.0,119.0,107.0,,119.75,,12.038133853162902,2,1,8,0.8660254037844386,0.5000000000000001,0,0.0
SKU019,2024-03-03,132,,117.0,117.0,136.0,,122.25,114.375,9.215023964519393,3,1,9,1.0,6.123233995736766e-17,1,0.0
SKU019,2024-03-10,132,,132.0,117.0,119.0,,121.25,118.25,7.228416147400484,3,1,10,1.0,6.123233995736766e-17,1,1.0
SKU019,2024-03-17,137,,132.0,132.0,117.0,,124.5,120.375,8.660254037844389,3,1,11,1.0,6.123233995736766e-17,1,1.0
SKU019,2024-03-24,136,,137.0,132.0,117.0,,129.5,124.625,8.660254037844389,3,1,12,1.0,6.123233995736766e-17,1,1.0
SKU019,2024-03-31,135,,136.0,137.0,132.0,,134.25,128.25,2.6299556396766017,3,1,13,1.0,6.123233995736766e-17,1,1.0
SKU019,2024-04-07,151,,135.0,136.0,132.0,,135.0,128.125,2.160246899469309,4,2,14,0.8660254037844387,-0.4999999999999998,0,1.0
SKU019,2024-04-14,135,,151.0,135.0,137.0,,139.75,132.125,7.544313531837523,4,2,15,0.8660254037844387,-0.4999999999999998,0,0.0
SKU019,2024-04-21,132,,135.0,151.0,136.0,,139.25,134.375,7.847504911329041,4,2,16,0.8660254037844387,-0.4999999999999998,0,0.0
SKU019,2024-04-28,139,,132.0,135.0,135.0,,138.25,136.25,8.616843969807048,4,2,17,0.8660254037844387,-0.4999999999999998,0,0.0
SKU019,2024-05-05,134,,139.0,132.0,151.0,,139.25,137.125,8.341662504161471,5,2,18,0.49999999999999994,-0.8660254037844387,0,0.0
SKU019,2024-05-12,141,,134.0,139.0,135.0,,135.0,137.375,2.94392028877597,5,2,19,0.49999999999999994,-0.8660254037844387,0,0.0
SKU019,2024-05-19,151,,141.0,134.0,132.0,,136.5,137.875,4.203173404306178,5,2,20,0.49999999999999994,-0.8660254037844387,0,0.0
SKU019,2024-05-26,131,,151.0,141.0,139.0,,141.25,139.75,7.135591542869224,5,2,21,0.49999999999999994,-0.8660254037844387,0,0.0
SKU019,2024-06-02,147,,131.0,151.0,134.0,,139.25,139.25,8.883505314157626,6,2,22,1.2246467991473532e-16,-1.0,1,0.0
SKU019,2024-06-09,122,,147.0,131.0,141.0,,142.5,138.75,8.698658900466599,6,2,23,1.2246467991473532e-16,-1.0,1,1.0
SKU019,2024-06-16,137,,122.0,147.0,151.0,,137.75,137.125,13.598406769422173,6,2,24,1.2246467991473532e-16,-1.0,1,1.0
SKU019,2024-06-23,110,,137.0,122.0,131.0,,134.25,137.75,10.500000000000007,6,2,25,1.2246467991473532e-16,-1.0,1,1.0
SKU019,2024-06-30,117,,110.0,137.0,147.0,,129.0,134.125,16.309506430300097,6,2,26,1.2246467991473532e-16,-1.0,1,1.0
SKU019,2024-07-07,113,,117.0,110.0,122.0,,121.5,132.0,11.445523142259606,7,3,27,-0.4999999999999997,-0.8660254037844388,0,1.0
SKU019,2024-07-14,115,,113.0,117.0,137.0,,119.25,128.5,12.175795661885928,7,3,28,-0.4999999999999997,-0.8660254037844388,0,0.0
SKU019,2024-07-21,101,,115.0,113.0,110.0,,113.75,124.0,2.9860788111948464,7,3,29,-0.4999999999999997,-0.8660254037844388,0,0.0
SKU019,2024-07-28,108,,101.0,115.0,117.0,,111.5,120.25,7.18795288428262,7,3,30,-0.4999999999999997,-0.8660254037844388,0,0.0
SKU019,2024-08-04,115,,108.0,101.0,113.0,,109.25,115.375,6.23832242407098,8,3,31,-0.8660254037844385,-0.5000000000000004,0,0.0
SKU019,2024-08-11,89,,115.0,108.0,115.0,,109.75,114.5,6.701989754294379,8,3,32,-0.8660254037844385,-0.5000000000000004,0,0.0
SKU019,2024-08-18,93,,89.0,115.0,101.0,,103.25,108.5,11.086778913041734,8,3,33,-0.8660254037844385,-0.5000000000000004,0,0.0
SKU019,2024-08-25,104,,93.0,89.0,108.0,,101.25,106.375,12.284814474246929,8,3,34,-0.8660254037844385,-0.5000000000000004,0,0.0
SKU019,2024-09-01,102,,104.0,93.0,115.0,,100.25,104.75,11.701139545645407,9,3,35,-1.0,-1.8369701987210297e-16,1,0.0
SKU019,2024-09-08,104,,102.0,104.0,89.0,,97.0,103.375,7.164728420068236,9,3,36,-1.0,-1.8369701987210297e-16,1,1.0
SKU019,2024-09-15,108,,104.0,102.0,93.0,,100.75,102.0,5.2519837521962565,9,3,37,-1.0,-1.8369701987210297e-16,1,1.0
SKU019,2024-09-22,80,,108.0,104.0,104.0,,104.5,102.875,2.516611478423613,9,3,38,-1.0,-1.8369701987210297e-16,1,1.0
SKU019,2024-09-29,97,,80.0,108.0,102.0,,98.5,99.375,12.583057392117924,9,3,39,-1.0,-1.8369701987210297e-16,1,1.0
SKU019,2024-10-06,81,,97.0,80.0,104.0,,97.25,97.125,12.365947867699703,10,4,40,-0.8660254037844386,0.5000000000000001,0,1.0
SKU019,2024-10-13,93,,81.0,97.0,108.0,,91.5,96.125,13.478377746103826,10,4,41,-0.8660254037844386,0.5000000000000001,0,0.0
SKU019,2024-10-20,85,,93.0,81.0,80.0,,87.75,96.125,8.539125638299675,10,4,42,-0.8660254037844386,0.5000000000000001,0,0.0
SKU019,2024-10-27,86,,85.0,93.0,97.0,,89.0,93.75,7.302967433402225,10,4,43,-0.8660254037844386,0.5000000000000001,0,0.0
SKU019,2024-11-03,98,,86.0,85.0,81.0,,86.25,91.75,4.991659710623993,11,4,44,-0.5000000000000004,0.8660254037844384,1,0.0
SKU019,2024-11-10,95,,98.0,86.0,93.0,,90.5,91.0,6.137317546507334,11,4,45,-0.5000000000000004,0.8660254037844384,1,1.0
SKU019,2024-11-17,112,,95.0,98.0,85.0,,91.0,89.375,6.480740698407871,11,4,46,-0.5000000000000004,0.8660254037844384,1,1.0
SKU019,2024-11-24,113,,112.0,95.0,86.0,,97.75,93.375,10.781929326423919,11,4,47,-0.5000000000000004,0.8660254037844384,1,1.0
SKU019,2024-12-01,110,,113.0,112.0,98.0,,104.5,95.375,9.327379053088821,12,4,48,-2.4492935982947064e-16,1.0,1,1.0
SKU019,2024-12-08,120,,110.0,113.0,95.0,,107.5,99.0,8.426149773176363,12,4,49,-2.4492935982947064e-16,1.0,0,1.0
SKU019,2024-12-15,97,,120.0,110.0,112.0,,113.75,102.375,4.349329450233301,12,4,50,-2.4492935982947064e-16,1.0,0,0.0
SKU019,2024-12-22,106,,97.0,120.0,113.0,,110.0,103.875,9.626352718795768,12,4,51,-2.4492935982947064e-16,1.0,0,0.0
SKU019,2024-12-29,86,,106.0,97.0,110.0,,108.25,106.375,9.535023160258536,12,4,52,-2.4492935982947064e-16,1.0,0,0.0
SKU019,2025-01-05,100,101.0,86.0,106.0,120.0,101.0,102.25,104.875,14.384598244882154,1,1,1,0.49999999999999994,0.8660254037844387,0,0.0
SKU019,2025-01-12,114,115.0,100.0,86.0,97.0,115.0,97.25,105.5,8.381527307120107,1,1,2,0.49999999999999994,0.8660254037844387,0,0.0
SKU019,2025-01-19,113,103.0,114.0,100.0,106.0,103.0,101.5,105.75,11.81806526749056,1,1,3,0.49999999999999994,0.8660254037844387,0,0.0
SKU019,2025-01-26,115,107.0,113.0,114.0,86.0,107.0,103.25,105.75,13.14977819838292,1,1,4,0.49999999999999994,0.8660254037844387,0,0.0
SKU019,2025-02-02,109,136.0,115.0,113.0,100.0,136.0,110.5,106.375,7.047458170621997,2,1,5,0.8660254037844386,0.5000000000000001,0,0.0
SKU019,2025-02-09,95,119.0,109.0,115.0,114.0,119.0,112.75,105.0,2.6299556396765977,2,1,6,0.8660254037844386,0.5000000000000001,0,0.0
SKU019,2025-02-16,111,117.0,95.0,109.0,113.0,117.0,108.0,104.75,9.018499505645792,2,1,7,0.8660254037844386,0.5000000000000001,0,0.0
SKU019,2025-02-23,132,117.0,111.0,95.0,115.0,117.0,107.5,105.375,8.698658900466596,2,1,8,0.8660254037844386,0.5000000000000001,0,0.0
SKU019,2025-03-02,140,132.0,132.0,111.0,109.0,132.0,111.75,111.125,15.26160760426852,3,1,9,1.0,6.123233995736766e-17,1,0.0
SKU019,2025-03-09,143,132.0,140.0,132.0,95.0,132.0,119.5,116.125,20.404247923737188,3,1,10,1.0,6.123233995736766e-17,1,1.0
SKU019,2025-03-16,135,137.0,143.0,140.0,111.0,137.0,131.5,119.75,14.433756729740642,3,1,11,1.0,6.123233995736766e-17,1,1.0
SKU019,2025-03-23,127,136.0,135.0,143.0,132.0,136.0,137.5,122.5,4.9328828623162355,3,1,12,1.0,6.123233995736766e-17,1,1.0
SKU019,2025-03-30,130,135.0,127.0,135.0,140.0,135.0,136.25,124.0,6.994045086119089,3,1,13,1.0,6.123233995736766e-17,1,1.0
SKU019,2025-04-06,132,151.0,130.0,127.0,143.0,151.0,133.75,126.625,6.994045086119089,4,2,14,0.8660254037844387,-0.4999999999999998,0,1.0
SKU019,2025-04-13,144,135.0,132.0,130.0,135.0,135.0,131.0,131.25,3.366501646120673,4,2,15,0.8660254037844387,-0.4999999999999998,0,0.0
SKU019,2025-04-20,135,132.0,144.0,132.0,127.0,132.0,133.25,135.375,7.455423082115006,4,2,16,0.8660254037844387,-0.4999999999999998,0,0.0
SKU019,2025-04-27,117,139.0,135.0,144.0,130.0,139.0,135.25,135.75,6.18465843842648,4,2,17,0.8660254037844387,-0.4999999999999998,0,0.0
SKU019,2025-05-04,127,134.0,117.0,135.0,132.0,134.0,132.0,132.875,11.224972160321819,5,2,18,0.49999999999999994,-0.8660254037844387,0,0.0
SKU019,2025-05-11,122,141.0,127.0,117.0,144.0,141.0,130.75,130.875,11.499999999999995,5,2,19,0.49999999999999994,-0.8660254037844387,0,0.0
SKU019,2025-05-18,112,151.0,122.0,127.0,135.0,151.0,125.25,129.25,7.67571929311296,5,2,20,0.49999999999999994,-0.8660254037844387,0,0.0
SKU019,2025-05-25,131,131.0,112.0,122.0,117.0,131.0,119.5,127.375,6.454972243679016,5,2,21,0.49999999999999994,-0.8660254037844387,0,0.0
SKU019,2025-06-01,130,147.0,131.0,112.0,127.0,147.0,123.0,127.5,8.205689083394105,6,2,22,1.2246467991473532e-16,-1.0,1,0.0
SKU019,2025-06-08,148,122.0,130.0,131.0,122.0,122.0,123.75,127.25,8.808140174482533,6,2,23,1.2246467991473532e-16,-1.0,1,1.0
SKU019,2025-06-15,115,137.0,148.0,130.0,112.0,137.0,130.25,127.75,14.705441169852739,6,2,24,1.2246467991473532e-16,-1.0,1,1.0
SKU019,2025-06-22,136,110.0,115.0,148.0,131.0,110.0,131.0,125.25,13.490737563232038,6,2,25,1.2246467991473532e-16,-1.0,1,1.0
SKU019,2025-06-29,129,117.0,136.0,115.0,130.0,117.0,132.25,127.625,13.720422734012239,6,2,26,1.2246467991473532e-16,-1.0,1,1.0
SKU019,2025-07-06,94,113.0,129.0,136.0,148.0,113.0,132.0,127.875,13.784048752090218,7,3,27,-0.4999999999999997,-0.8660254037844388,0,1.0
SKU019,2025-07-13,100,115.0,94.0,129.0,115.0,115.0,118.5,124.375,18.520259177452136,7,3,28,-0.4999999999999997,-0.8660254037844388,0,0.0
SKU019,2025-07-20,111,101.0,100.0,94.0,136.0,101.0,114.75,122.875,20.838665984174707,7,3,29,-0.4999999999999997,-0.8660254037844388,0,0.0
SKU019,2025-07-27,90,108.0,111.0,100.0,129.0,108.0,108.5,120.375,15.373136743466942,7,3,30,-0.4999999999999997,-0.8660254037844388,0,0.0
SKU019,2025-08-03,116,115.0,90.0,111.0,94.0,115.0,98.75,115.375,9.142392101268323,8,3,31,-0.8660254037844385,-0.5000000000000004,0,0.0
SKU019,2025-08-10,104,89.0,116.0,90.0,100.0,89.0,104.25,111.375,11.615363389350621,8,3,32,-0.8660254037844385,-0.5000000000000004,0,0.0
SKU019,2025-08-17,106,93.0,104.0,116.0,111.0,93.0,105.25,110.0,11.295279249904954,8,3,33,-0.8660254037844385,-0.5000000000000004,0,0.0
SKU019,2025-08-24,109,104.0,106.0,104.0,90.0,104.0,104.0,106.25,10.708252269472677,8,3,34,-0.8660254037844385,-0.5000000000000004,0,0.0
SKU019,2025-08-31,93,102.0,109.0,106.0,116.0,102.0,108.75,103.75,5.251983752196249,8,3,35,-0.8660254037844385,-0.5000000000000004,0,0.0
SKU019,2025-09-07,103,104.0,93.0,109.0,104.0,104.0,103.0,103.625,6.976149845485453,9,3,36,-1.0,-1.8369701987210297e-16,1,0.0
SKU019,2025-09-14,76,108.0,103.0,93.0,106.0,108.0,102.75,104.0,6.9462219947249055,9,3,37,-1.0,-1.8369701987210297e-16,1,1.0
SKU019,2025-09-21,100,80.0,76.0,103.0,109.0,80.0,95.25,99.625,14.430869689661815,9,3,38,-1.0,-1.8369701987210297e-16,1,1.0
SKU019,2025-09-28,105,97.0,100.0,76.0,93.0,97.0,93.0,100.875,12.083045973594576,9,3,39,-1.0,-1.8369701987210297e-16,1,1.0
SKU019,2025-10-05,83,81.0,105.0,100.0,103.0,81.0,96.0,99.5,13.490737563232045,10,4,40,-0.8660254037844386,0.5000000000000001,0,1.0
SKU019,2025-10-12,92,93.0,83.0,105.0,76.0,93.0,91.0,96.875,13.735598518691013,10,4,41,-0.8660254037844386,0.5000000000000001,0,0.0
SKU019,2025-10-19,96,85.0,92.0,83.0,100.0,85.0,95.0,95.125,9.626352718795772,10,4,42,-0.8660254037844386,0.5000000000000001,0,0.0
SKU019,2025-10-26,84,86.0,96.0,92.0,105.0,86.0,94.0,93.5,9.128709291752772,10,4,43,-0.8660254037844386,0.5000000000000001,0,0.0
SKU019,2025-11-02,91,98.0,84.0,96.0,83.0,98.0,88.75,92.375,6.291528696058962,11,4,44,-0.5000000000000004,0.8660254037844384,1,0.0
SKU019,2025-11-09,103,95.0,91.0,84.0,92.0,95.0,90.75,90.875,4.991659710623983,11,4,45,-0.5000000000000004,0.8660254037844384,1,1.0
SKU019,2025-11-16,112,112.0,103.0,91.0,96.0,112.0,93.5,94.25,8.020806277010646,11,4,46,-0.5000000000000004,0.8660254037844384,1,1.0
SKU019,2025-11-23,110,113.0,112.0,103.0,84.0,113.0,97.5,95.75,12.449899597988734,11,4,47,-0.5000000000000004,0.8660254037844384,1,1.0
SKU019,2025-11-30,88,110.0,110.0,112.0,91.0,110.0,104.0,96.375,9.48683298050514,11,4,48,-0.5000000000000004,0.8660254037844384,1,1.0
SKU019,2025-12-07,103,120.0,88.0,110.0,103.0,120.0,103.25,97.0,10.874281585465775,12,4,49,-2.4492935982947064e-16,1.0,0,1.0
SKU019,2025-12-14,96,97.0,103.0,88.0,112.0,97.0,103.25,98.375,10.874281585465775,12,4,50,-2.4492935982947064e-16,1.0,0,0.0
SKU019,2025-12-21,107,106.0,96.0,103.0,110.0,106.0,99.25,98.375,9.429563439877091,12,4,51,-2.4492935982947064e-16,1.0,0,0.0
SKU019,2025-12-28,104,86.0,107.0,96.0,88.0,86.0,98.5,101.25,8.346656017032611,12,4,52,-2.4492935982947064e-16,1.0,0,0.0
SKU020,2024-01-07,92,,,,,,,,,1,1,1,0.49999999999999994,0.8660254037844387,0,
SKU020,2024-01-14,102,,92.0,,,,,,,1,1,2,0.49999999999999994,0.8660254037844387,0,0.0
SKU020,2024-01-21,100,,102.0,92.0,,,,,,1,1,3,0.49999999999999994,0.8660254037844387,0,0.0
SKU020,2024-01-28,92,,100.0,102.0,,,,,,1,1,4,0.49999999999999994,0.8660254037844387,0,0.0
SKU020,2024-02-04,94,,92.0,100.0,92.0,,96.5,,5.259911279353167,2,1,5,0.8660254037844386,0.5000000000000001,0,0.0
SKU020,2024-02-11,118,,94.0,92.0,102.0,,97.0,,4.760952285695233,2,1,6,0.8660254037844386,0.5000000000000001,0,0.0
SKU020,2024-02-18,114,,118.0,94.0,100.0,,101.0,,11.832159566199234,2,1,7,0.8660254037844386,0.5000000000000001,0,0.0
SKU020,2024-02-25,108,,114.0,118.0,92.0,,104.5,,13.403979508588735,2,1,8,0.8660254037844386,0.5000000000000001,0,0.0
SKU020,2024-03-03,117,,108.0,114.0,94.0,,108.5,102.5,10.503967504392488,3,1,9,1.0,6.123233995736766e-17,1,0.0
SKU020,2024-03-10,120,,117.0,108.0,118.0,,114.25,105.625,4.500000000000005,3,1,10,1.0,6.123233995736766e-17,1,1.0
SKU020,2024-03-17,123,,120.0,117.0,114.0,,114.75,107.875,5.123475382979803,3,1,11,1.0,6.123233995736766e-17,1,1.0
SKU020,2024-03-24,119,,123.0,120.0,108.0,,117.0,110.75,6.480740698407864,3,1,12,1.0,6.123233995736766e-17,1,1.0
SKU020,2024-03-31,104,,119.0,123.0,117.0,,119.75,114.125,2.5000000000000093,3,1,13,1.0,6.123233995736766e-17,1,1.0
SKU020,2024-04-07,97,,104.0,119.0,120.0,,116.5,115.375,8.504900548115387,4,2,14,0.8660254037844387,-0.4999999999999998,0,1.0
SKU020,2024-04-14,105,,97.0,104.0,123.0,,110.75,112.75,12.284814474246923,4,2,15,0.8660254037844387,-0.4999999999999998,0,0.0
SKU020,2024-04-21,122,,105.0,97.0,119.0,,106.25,111.625,9.215023964519395,4,2,16,0.8660254037844387,-0.4999999999999998,0,0.0
SKU020,2024-04-28,97,,122.0,105.0,104.0,,107.0,113.375,10.614455552060441,4,2,17,0.8660254037844387,-0.4999999999999998,0,0.0
SKU020,2024-05-05,90,,97.0,122.0,97.0,,105.25,110.875,11.786291472158098,5,2,18,0.49999999999999994,-0.8660254037844387,0,0.0
SKU020,2024-05-12,100,,90.0,97.0,105.0,,103.5,107.125,13.771952173409067,5,2,19,0.49999999999999994,-0.8660254037844387,0,0.0
SKU020,2024-05-19,110,,100.0,90.0,122.0,,102.25,104.25,13.817259737975064,5,2,20,0.49999999999999994,-0.8660254037844387,0,0.0
SKU020,2024-05-26,120,,110.0,100.0,97.0,,99.25,103.125,8.301606270274853,5,2,21,0.49999999999999994,-0.8660254037844387,0,0.0
SKU020,2024-06-02,117,,120.0,110.0,90.0,,105.0,105.125,12.909944487358059,6,2,22,1.2246467991473532e-16,-1.0,1,0.0
SKU020,2024-06-09,104,,117.0,120.0,100.0,,111.75,107.625,8.883505314157624,6,2,23,1.2246467991473532e-16,-1.0,1,1.0
SKU020,2024-06-16,127,,104.0,117.0,110.0,,112.75,107.5,7.182153808805086,6,2,24,1.2246467991473532e-16,-1.0,1,1.0
SKU020,2024-06-23,122,,127.0,104.0,120.0,,117.0,108.125,9.626352718795768,6,2,25,1.2246467991473532e-16,-1.0,1,1.0
SKU020,2024-06-30,113,,122.0,127.0,117.0,,117.5,111.25,9.882644720249065,6,2,26,1.2246467991473532e-16,-1.0,1,1.0
SKU020,2024-07-07,94,,113.0,122.0,104.0,,116.5,114.125,10.148891565092223,7,3,27,-0.4999999999999997,-0.8660254037844388,0,1.0
SKU020,2024-07-14,96,,94.0,113.0,127.0,,114.0,113.375,14.537308324904354,7,3,28,-0.4999999999999997,-0.8660254037844388,0,0.0
SKU020,2024-07-21,112,,96.0,94.0,122.0,,106.25,111.625,13.524668819112236,7,3,29,-0.4999999999999997,-0.8660254037844388,0,0.0
SKU020,2024-07-28,97,,112.0,96.0,113.0,,103.75,110.625,10.144785195688806,7,3,30,-0.4999999999999997,-0.8660254037844388,0,0.0
SKU020,2024-08-04,102,,97.0,112.0,94.0,,99.75,108.125,8.261355820929161,8,3,31,-0.8660254037844385,-0.5000000000000004,0,0.0
SKU020,2024-08-11,88,,102.0,97.0,96.0,,101.75,107.875,7.320063751999258,8,3,32,-0.8660254037844385,-0.5000000000000004,0,0.0
SKU020,2024-08-18,96,,88.0,102.0,112.0,,99.75,103.0,10.012492197250399,8,3,33,-0.8660254037844385,-0.5000000000000004,0,0.0
SKU020,2024-08-25,95,,96.0,88.0,97.0,,95.75,99.75,5.7951128835712495,8,3,34,-0.8660254037844385,-0.5000000000000004,0,0.0
SKU020,2024-09-01,102,,95.0,96.0,102.0,,95.25,97.5,5.737304826019514,9,3,35,-1.0,-1.8369701987210297e-16,1,0.0
SKU020,2024-09-08,84,,102.0,95.0,88.0,,95.25,98.5,5.737304826019514,9,3,36,-1.0,-1.8369701987210297e-16,1,1.0
SKU020,2024-09-15,69,,84.0,102.0,96.0,,94.25,97.0,7.50000000000001,9,3,37,-1.0,-1.8369701987210297e-16,1,1.0
SKU020,2024-09-22,83,,69.0,84.0,95.0,,87.5,91.625,14.387494569938166,9,3,38,-1.0,-1.8369701987210297e-16,1,1.0
SKU020,2024-09-29,80,,83.0,69.0,102.0,,84.5,89.875,13.52774925846869,9,3,39,-1.0,-1.8369701987210297e-16,1,1.0
SKU020,2024-10-06,77,,80.0,83.0,84.0,,79.0,87.125,6.879922480183446,10,4,40,-0.8660254037844386,0.5000000000000001,0,1.0
SKU020,2024-10-13,83,,77.0,80.0,69.0,,77.25,85.75,6.020797289396164,10,4,41,-0.8660254037844386,0.5000000000000001,0,0.0
SKU020,2024-10-20,92,,83.0,77.0,83.0,,80.75,84.125,2.872281323269049,10,4,42,-0.8660254037844386,0.5000000000000001,0,0.0
SKU020,2024-10-27,83,,92.0,83.0,80.0,,83.0,83.75,6.4807406984078755,10,4,43,-0.8660254037844386,0.5000000000000001,0,0.0
SKU020,2024-11-03,71,,83.0,92.0,77.0,,83.75,81.375,6.184658438426507,11,4,44,-0.5000000000000004,0.8660254037844384,1,0.0
SKU020,2024-11-10,81,,71.0,83.0,83.0,,82.25,79.75,8.616843969807055,11,4,45,-0.5000000000000004,0.8660254037844384,1,1.0
SKU020,2024-11-17,87,,81.0,71.0,92.0,,81.75,81.25,8.616843969807055,11,4,46,-0.5000000000000004,0.8660254037844384,1,1.0
SKU020,2024-11-24,69,,87.0,81.0,83.0,,80.5,81.75,6.806859285554061,11,4,47,-0.5000000000000004,0.8660254037844384,1,1.0
SKU020,2024-12-01,84,,69.0,87.0,71.0,,77.0,80.375,8.485281374238582,12,4,48,-2.4492935982947064e-16,1.0,1,1.0
SKU020,2024-12-08,88,,84.0,69.0,81.0,,80.25,81.25,7.889866919029764,12,4,49,-2.4492935982947064e-16,1.0,0,1.0
SKU020,2024-12-15,80,,88.0,84.0,87.0,,82.0,81.875,8.831760866327858,12,4,50,-2.4492935982947064e-16,1.0,0,0.0
SKU020,2024-12-22,81,,80.0,88.0,69.0,,80.25,80.375,8.180260794538698,12,4,51,-2.4492935982947064e-16,1.0,0,0.0
SKU020,2024-12-29,87,,81.0,80.0,84.0,,83.25,80.125,3.5939764421413343,12,4,52,-2.4492935982947064e-16,1.0,0,0.0
SKU020,2025-01-05,93,92.0,87.0,81.0,88.0,92.0,84.0,82.125,4.082482904638657,1,1,1,0.49999999999999994,0.8660254037844387,0,0.0
SKU020,2025-01-12,83,102.0,93.0,87.0,80.0,102.0,85.25,83.625,6.020797289396166,1,1,2,0.49999999999999994,0.8660254037844387,0,0.0
SKU020,2025-01-19,95,100.0,83.0,93.0,81.0,100.0,86.0,83.125,5.291502622129201,1,1,3,0.49999999999999994,0.8660254037844387,0,0.0
SKU020,2025-01-26,100,92.0,95.0,83.0,87.0,92.0,89.5,86.375,5.50757054728612,1,1,4,0.49999999999999994,0.8660254037844387,0,0.0
SKU020,2025-02-02,79,94.0,100.0,95.0,93.0,94.0,92.75,88.375,7.13559154286923,2,1,5,0.8660254037844386,0.5000000000000001,0,0.0
SKU020,2025-02-09,93,118.0,79.0,100.0,83.0,118.0,89.25,87.25,9.878427675158306,2,1,6,0.8660254037844386,0.5000000000000001,0,0.0
SKU020,2025-02-16,105,114.0,93.0,79.0,95.0,114.0,91.75,88.875,8.995369179009103,2,1,7,0.8660254037844386,0.5000000000000001,0,0.0
SKU020,2025-02-23,97,108.0,105.0,93.0,100.0,108.0,94.25,91.875,11.29527924990496,2,1,8,0.8660254037844386,0.5000000000000001,0,0.0
SKU020,2025-03-02,95,117.0,97.0,105.0,79.0,117.0,93.5,93.125,10.878112581387157,3,1,9,1.0,6.123233995736766e-17,1,0.0
SKU020,2025-03-09,119,120.0,95.0,97.0,93.0,120.0,97.5,93.375,5.25991127935319,3,1,10,1.0,6.123233995736766e-17,1,1.0
SKU020,2025-03-16,105,123.0,119.0,95.0,105.0,123.0,104.0,97.875,10.893423092245472,3,1,11,1.0,6.123233995736766e-17,1,1.0
SKU020,2025-03-23,101,119.0,105.0,119.0,97.0,119.0,104.0,99.125,10.893423092245472,3,1,12,1.0,6.123233995736766e-17,1,1.0
SKU020,2025-03-30,111,104.0,101.0,105.0,95.0,104.0,105.0,99.25,10.198039027185581,3,1,13,1.0,6.123233995736766e-17,1,1.0
SKU020,2025-04-06,132,97.0,111.0,101.0,119.0,97.0,109.0,103.25,7.831560082980504,4,2,14,0.8660254037844387,-0.4999999999999998,0,1.0
SKU020,2025-04-13,107,105.0,132.0,111.0,105.0,105.0,112.25,108.125,13.793114224133731,4,2,15,0.8660254037844387,-0.4999999999999998,0,0.0
SKU020,2025-04-20,117,122.0,107.0,132.0,101.0,122.0,112.75,108.375,13.475286020464782,4,2,16,0.8660254037844387,-0.4999999999999998,0,0.0
SKU020,2025-04-27,111,97.0,117.0,107.0,111.0,97.0,116.75,110.875,10.965856099730665,4,2,17,0.8660254037844387,-0.4999999999999998,0,0.0
SKU020,2025-05-04,107,90.0,111.0,117.0,132.0,90.0,116.75,112.875,10.965856099730665,5,2,18,0.49999999999999994,-0.8660254037844387,0,0.0
SKU020,2025-05-11,115,100.0,107.0,111.0,107.0,100.0,110.5,111.375,4.725815626252637,5,2,19,0.49999999999999994,-0.8660254037844387,0,0.0
SKU020,2025-05-18,110,110.0,115.0,107.0,117.0,110.0,112.5,112.625,4.43471156521672,5,2,20,0.49999999999999994,-0.8660254037844387,0,0.0
SKU020,2025-05-25,105,120.0,110.0,115.0,111.0,120.0,110.75,113.75,3.3040379335998753,5,2,21,0.49999999999999994,-0.8660254037844387,0,0.0
SKU020,2025-06-01,112,117.0,105.0,110.0,107.0,117.0,109.25,113.0,4.349329450233328,6,2,22,1.2246467991473532e-16,-1.0,1,0.0
SKU020,2025-06-08,111,104.0,112.0,105.0,115.0,104.0,110.5,110.5,4.203173404306196,6,2,23,1.2246467991473532e-16,-1.0,1,1.0
SKU020,2025-06-15,89,127.0,111.0,112.0,110.0,127.0,109.5,111.0,3.109126351029649,6,2,24,1.2246467991473532e-16,-1.0,1,1.0
SKU020,2025-06-22,116,122.0,89.0,111.0,105.0,122.0,104.25,107.5,10.626225419530066,6,2,25,1.2246467991473532e-16,-1.0,1,1.0
SKU020,2025-06-29,104,113.0,116.0,89.0,112.0,113.0,107.0,108.125,12.192894105447932,6,2,26,1.2246467991473532e-16,-1.0,1,1.0
SKU020,2025-07-06,104,94.0,104.0,116.0,111.0,94.0,105.0,107.75,11.74734012447074,7,3,27,-0.4999999999999997,-0.8660254037844388,0,1.0
SKU020,2025-07-13,89,96.0,104.0,104.0,89.0,96.0,103.25,106.375,11.056672193748001,7,3,28,-0.4999999999999997,-0.8660254037844388,0,0.0
SKU020,2025-07-20,97,112.0,89.0,104.0,116.0,112.0,103.25,103.75,11.056672193748001,7,3,29,-0.4999999999999997,-0.8660254037844388,0,0.0
SKU020,2025-07-27,96,97.0,97.0,89.0,104.0,97.0,98.5,102.75,7.1414284285428655,7,3,30,-0.4999999999999997,-0.8660254037844388,0,0.0
SKU020,2025-08-03,69,102.0,96.0,97.0,104.0,102.0,96.5,100.75,6.137317546507343,8,3,31,-0.8660254037844385,-0.5000000000000004,0,0.0
SKU020,2025-08-10,94,88.0,69.0,96.0,89.0,88.0,87.75,95.5,12.996794476587944,8,3,32,-0.8660254037844385,-0.5000000000000004,0,0.0
SKU020,2025-08-17,87,96.0,94.0,69.0,97.0,96.0,89.0,96.125,13.391539617733786,8,3,33,-0.8660254037844385,-0.5000000000000004,0,0.0
SKU020,2025-08-24,99,95.0,87.0,94.0,96.0,95.0,86.5,92.5,12.288205727444515,8,3,34,-0.8660254037844385,-0.5000000000000004,0,0.0
SKU020,2025-08-31,74,102.0,99.0,87.0,69.0,102.0,87.25,91.875,13.124404748406697,8,3,35,-0.8660254037844385,-0.5000000000000004,0,0.0
SKU020,2025-09-07,97,84.0,74.0,99.0,94.0,84.0,88.5,88.125,10.847426730181997,9,3,36,-1.0,-1.8369701987210297e-16,1,0.0
SKU020,2025-09-14,91,69.0,97.0,74.0,87.0,69.0,89.25,89.125,11.441882129556609,9,3,37,-1.0,-1.8369701987210297e-16,1,1.0
SKU020,2025-09-21,79,83.0,91.0,97.0,99.0,83.0,90.25,88.375,11.354147553500741,9,3,38,-1.0,-1.8369701987210297e-16,1,1.0
SKU020,2025-09-28,86,80.0,79.0,91.0,74.0,80.0,85.25,86.25,10.594810050208556,9,3,39,-1.0,-1.8369701987210297e-16,1,1.0
SKU020,2025-10-05,75,77.0,86.0,79.0,97.0,77.0,88.25,88.375,7.632168761236888,10,4,40,-0.8660254037844386,0.5000000000000001,0,1.0
SKU020,2025-10-12,107,83.0,75.0,86.0,91.0,83.0,82.75,86.0,7.1355915428692285,10,4,41,-0.8660254037844386,0.5000000000000001,0,0.0
SKU020,2025-10-19,74,92.0,107.0,75.0,79.0,92.0,86.75,88.5,14.244882121894406,10,4,42,-0.8660254037844386,0.5000000000000001,0,0.0
SKU020,2025-10-26,88,83.0,74.0,107.0,86.0,83.0,85.5,85.375,15.329709716755898,10,4,43,-0.8660254037844386,0.5000000000000001,0,0.0
SKU020,2025-11-02,101,71.0,88.0,74.0,75.0,71.0,86.0,87.125,15.383974345619107,11,4,44,-0.5000000000000004,0.8660254037844384,1,0.0
SKU020,2025-11-09,78,81.0,101.0,88.0,107.0,81.0,92.5,87.625,14.662878298615185,11,4,45,-0.5000000000000004,0.8660254037844384,1,1.0
SKU020,2025-11-16,92,87.0,78.0,101.0,74.0,87.0,85.25,86.0,12.03813385316291,11,4,46,-0.5000000000000004,0.8660254037844384,1,1.0
SKU020,2025-11-23,81,69.0,92.0,78.0,88.0,69.0,89.75,87.625,9.535023160258545,11,4,47,-0.5000000000000004,0.8660254037844384,1,1.0
SKU020,2025-11-30,97,84.0,81.0,92.0,101.0,84.0,88.0,87.0,10.551461194229619,11,4,48,-0.5000000000000004,0.8660254037844384,1,1.0
SKU020,2025-12-07,85,88.0,97.0,81.0,78.0,88.0,87.0,89.75,8.981462390204998,12,4,49,-2.4492935982947064e-16,1.0,0,1.0
SKU020,2025-12-14,82,80.0,85.0,97.0,92.0,80.0,88.75,87.0,7.135591542869229,12,4,50,-2.4492935982947064e-16,1.0,0,0.0
SKU020,2025-12-21,74,81.0,82.0,85.0,81.0,81.0,86.25,88.0,7.3654599313281315,12,4,51,-2.4492935982947064e-16,1.0,0,0.0
SKU020,2025-12-28,99,87.0,74.0,82.0,97.0,87.0,84.5,86.25,9.539392014169467,12,4,52,-2.4492935982947064e-16,1.0,0,0.0
SKU021,2024-01-07,50,,,,,,,,,1,1,1,0.49999999999999994,0.8660254037844387,0,
SKU021,2024-01-14,65,,50.0,,,,,,,1,1,2,0.49999999999999994,0.8660254037844387,0,0.0
SKU021,2024-01-21,51,,65.0,50.0,,,,,,1,1,3,0.49999999999999994,0.8660254037844387,0,0.0
SKU021,2024-01-28,50,,51.0,65.0,,,,,,1,1,4,0.49999999999999994,0.8660254037844387,0,0.0
SKU021,2024-02-04,71,,50.0,51.0,50.0,,54.0,,7.3484692283495345,2,1,5,0.8660254037844386,0.5000000000000001,0,0.0
SKU021,2024-02-11,54,,71.0,50.0,65.0,,59.25,,10.404326023342406,2,1,6,0.8660254037844386,0.5000000000000001,0,0.0
SKU021,2024-02-18,67,,54.0,71.0,51.0,,56.5,,9.814954576223638,2,1,7,0.8660254037844386,0.5000000000000001,0,0.0
SKU021,2024-02-25,71,,67.0,54.0,50.0,,60.5,,10.082988974836116,2,1,8,0.8660254037844386,0.5000000000000001,0,0.0
SKU021,2024-03-03,68,,71.0,67.0,71.0,,65.75,59.875,8.05708797684788,3,1,9,1.0,6.123233995736766e-17,1,0.0
SKU021,2024-03-10,79,,68.0,71.0,54.0,,65.0,62.125,7.52772652709081,3,1,10,1.0,6.123233995736766e-17,1,1.0
SKU021,2024-03-17,77,,79.0,68.0,67.0,,71.25,63.875,5.439056290693571,3,1,11,1.0,6.123233995736766e-17,1,1.0
SKU021,2024-03-24,59,,77.0,79.0,71.0,,73.75,67.125,5.123475382979795,3,1,12,1.0,6.123233995736766e-17,1,1.0
SKU021,2024-03-31,65,,59.0,77.0,68.0,,70.75,68.25,9.17877987534291,3,1,13,1.0,6.123233995736766e-17,1,1.0
SKU021,2024-04-07,54,,65.0,59.0,79.0,,70.0,67.5,9.591663046625438,4,2,14,0.8660254037844387,-0.4999999999999998,0,1.0
SKU021,2024-04-14,62,,54.0,65.0,77.0,,63.75,67.5,9.912113800799505,4,2,15,0.8660254037844387,-0.4999999999999998,0,0.0
SKU021,2024-04-21,80,,62.0,54.0,59.0,,60.0,66.875,4.690415759823428,4,2,16,0.8660254037844387,-0.4999999999999998,0,0.0
SKU021,2024-04-28,74,,80.0,62.0,65.0,,65.25,68.0,10.874281585465772,4,2,17,0.8660254037844387,-0.4999999999999998,0,0.0
SKU021,2024-05-05,79,,74.0,80.0,54.0,,67.5,68.75,11.704699910719626,5,2,18,0.49999999999999994,-0.8660254037844387,0,0.0
SKU021,2024-05-12,67,,79.0,74.0,62.0,,73.75,68.75,8.261355820929152,5,2,19,0.49999999999999994,-0.8660254037844387,0,0.0
SKU021,2024-05-19,70,,67.0,79.0,80.0,,75.0,67.5,5.944184833375668,5,2,20,0.49999999999999994,-0.8660254037844387,0,0.0
SKU021,2024-05-26,61,,70.0,67.0,74.0,,72.5,68.875,5.19615242270663,5,2,21,0.49999999999999994,-0.8660254037844387,0,0.0
SKU021,2024-06-02,73,,61.0,70.0,79.0,,69.25,68.375,7.499999999999998,6,2,22,1.2246467991473532e-16,-1.0,1,0.0
SKU021,2024-06-09,59,,73.0,61.0,67.0,,67.75,70.75,5.123475382979797,6,2,23,1.2246467991473532e-16,-1.0,1,1.0
SKU021,2024-06-16,76,,59.0,73.0,70.0,,65.75,70.375,6.80073525436772,6,2,24,1.2246467991473532e-16,-1.0,1,1.0
SKU021,2024-06-23,56,,76.0,59.0,61.0,,67.25,69.875,8.5,6,2,25,1.2246467991473532e-16,-1.0,1,1.0
SKU021,2024-06-30,56,,56.0,76.0,73.0,,66.0,67.625,9.9666109251507,6,2,26,1.2246467991473532e-16,-1.0,1,1.0
SKU021,2024-07-07,60,,56.0,56.0,59.0,,61.75,64.75,9.604686356149271,7,3,27,-0.4999999999999997,-0.8660254037844388,0,1.0
SKU021,2024-07-14,53,,60.0,56.0,76.0,,62.0,63.875,9.521904571390465,7,3,28,-0.4999999999999997,-0.8660254037844388,0,0.0
SKU021,2024-07-21,63,,53.0,60.0,56.0,,56.25,61.75,2.8722813232690094,7,3,29,-0.4999999999999997,-0.8660254037844388,0,0.0
SKU021,2024-07-28,55,,63.0,53.0,56.0,,58.0,62.0,4.396968652757636,7,3,30,-0.4999999999999997,-0.8660254037844388,0,0.0
SKU021,2024-08-04,55,,55.0,63.0,60.0,,57.75,59.75,4.573474244670744,8,3,31,-0.8660254037844385,-0.5000000000000004,0,0.0
SKU021,2024-08-11,52,,55.0,55.0,53.0,,56.5,59.25,4.434711565216686,8,3,32,-0.8660254037844385,-0.5000000000000004,0,0.0
SKU021,2024-08-18,68,,52.0,55.0,63.0,,56.25,56.25,4.716990566028298,8,3,33,-0.8660254037844385,-0.5000000000000004,0,0.0
SKU021,2024-08-25,59,,68.0,52.0,55.0,,57.5,57.75,7.141428428542848,8,3,34,-0.8660254037844385,-0.5000000000000004,0,0.0
SKU021,2024-09-01,53,,59.0,68.0,55.0,,58.5,58.125,6.952217871538068,9,3,35,-1.0,-1.8369701987210297e-16,1,0.0
SKU021,2024-09-08,52,,53.0,59.0,52.0,,58.0,57.25,7.348469228349532,9,3,36,-1.0,-1.8369701987210297e-16,1,1.0
SKU021,2024-09-15,55,,52.0,53.0,68.0,,58.0,57.125,7.348469228349532,9,3,37,-1.0,-1.8369701987210297e-16,1,1.0
SKU021,2024-09-22,48,,55.0,52.0,59.0,,54.75,56.125,3.095695936834444,9,3,38,-1.0,-1.8369701987210297e-16,1,1.0
SKU021,2024-09-29,61,,48.0,55.0,53.0,,52.0,55.25,2.9439202887759417,9,3,39,-1.0,-1.8369701987210297e-16,1,1.0
SKU021,2024-10-06,50,,61.0,48.0,52.0,,54.0,56.0,5.477225575051658,10,4,40,-0.8660254037844386,0.5000000000000001,0,1.0
SKU021,2024-10-13,39,,50.0,61.0,55.0,,53.5,55.75,5.8022983951764004,10,4,41,-0.8660254037844386,0.5000000000000001,0,0.0
SKU021,2024-10-20,43,,39.0,50.0,48.0,,49.5,52.125,9.036961141150638,10,4,42,-0.8660254037844386,0.5000000000000001,0,0.0
SKU021,2024-10-27,55,,43.0,39.0,61.0,,48.25,50.125,9.639329160614167,10,4,43,-0.8660254037844386,0.5000000000000001,0,0.0
SKU021,2024-11-03,58,,55.0,43.0,50.0,,46.75,50.375,7.1355915428692125,11,4,44,-0.5000000000000004,0.8660254037844384,1,0.0
SKU021,2024-11-10,58,,58.0,55.0,39.0,,48.75,51.125,9.178779875342908,11,4,45,-0.5000000000000004,0.8660254037844384,1,1.0
SKU021,2024-11-17,63,,58.0,58.0,43.0,,53.5,51.5,7.141428428542848,11,4,46,-0.5000000000000004,0.8660254037844384,1,1.0
SKU021,2024-11-24,54,,63.0,58.0,55.0,,58.5,53.375,3.316624790355394,11,4,47,-0.5000000000000004,0.8660254037844384,1,1.0
SKU021,2024-12-01,37,,54.0,63.0,58.0,,58.25,52.5,3.6855573979159915,12,4,48,-2.4492935982947064e-16,1.0,1,1.0
SKU021,2024-12-08,55,,37.0,54.0,58.0,,53.0,50.875,11.284207253207171,12,4,49,-2.4492935982947064e-16,1.0,0,1.0
SKU021,2024-12-15,63,,55.0,37.0,63.0,,52.25,52.875,10.935416468216166,12,4,50,-2.4492935982947064e-16,1.0,0,0.0
SKU021,2024-12-22,50,,63.0,55.0,54.0,,52.25,55.375,10.935416468216166,12,4,51,-2.4492935982947064e-16,1.0,0,0.0
SKU021,2024-12-29,54,,50.0,63.0,37.0,,51.25,54.75,10.904891868637058,12,4,52,-2.4492935982947064e-16,1.0,0,0.0
SKU021,2025-01-05,48,50.0,54.0,50.0,55.0,50.0,55.5,54.25,5.446711546122729,1,1,1,0.49999999999999994,0.8660254037844387,0,0.0
SKU021,2025-01-12,63,65.0,48.0,54.0,63.0,65.0,53.75,53.0,6.652067347825033,1,1,2,0.49999999999999994,0.8660254037844387,0,0.0
SKU021,2025-01-19,60,51.0,63.0,48.0,50.0,51.0,53.75,53.0,6.652067347825033,1,1,3,0.49999999999999994,0.8660254037844387,0,0.0
SKU021,2025-01-26,57,50.0,60.0,63.0,54.0,50.0,56.25,53.75,6.652067347825033,1,1,4,0.49999999999999994,0.8660254037844387,0,0.0
SKU021,2025-02-02,73,71.0,57.0,60.0,48.0,71.0,57.0,56.25,6.480740698407859,2,1,5,0.8660254037844386,0.5000000000000001,0,0.0
SKU021,2025-02-09,63,54.0,73.0,57.0,63.0,54.0,63.25,58.5,6.946221994724901,2,1,6,0.8660254037844386,0.5000000000000001,0,0.0
SKU021,2025-02-16,73,67.0,63.0,73.0,60.0,67.0,63.25,58.5,6.946221994724901,2,1,7,0.8660254037844386,0.5000000000000001,0,0.0
SKU021,2025-02-23,63,71.0,73.0,63.0,57.0,71.0,66.5,61.375,7.895146188218008,2,1,8,0.8660254037844386,0.5000000000000001,0,0.0
SKU021,2025-03-02,78,68.0,63.0,73.0,73.0,68.0,68.0,62.5,5.773502691896257,3,1,9,1.0,6.123233995736766e-17,1,0.0
SKU021,2025-03-09,59,79.0,78.0,63.0,63.0,79.0,69.25,66.25,7.5,3,1,10,1.0,6.123233995736766e-17,1,1.0
SKU021,2025-03-16,64,77.0,59.0,78.0,73.0,77.0,68.25,65.75,8.770214744615247,3,1,11,1.0,6.123233995736766e-17,1,1.0
SKU021,2025-03-23,75,59.0,64.0,59.0,63.0,59.0,66.0,66.25,8.286535263104035,3,1,12,1.0,6.123233995736766e-17,1,1.0
SKU021,2025-03-30,76,65.0,75.0,64.0,78.0,65.0,69.0,68.5,8.981462390204987,3,1,13,1.0,6.123233995736766e-17,1,1.0
SKU021,2025-04-06,68,54.0,76.0,75.0,59.0,54.0,68.5,68.875,8.34665601703261,4,2,14,0.8660254037844387,-0.4999999999999998,0,1.0
SKU021,2025-04-13,50,62.0,68.0,76.0,64.0,62.0,70.75,69.5,5.737304826019502,4,2,15,0.8660254037844387,-0.4999999999999998,0,0.0
SKU021,2025-04-20,66,80.0,50.0,68.0,75.0,80.0,67.25,66.625,12.0381338531629,4,2,16,0.8660254037844387,-0.4999999999999998,0,0.0
SKU021,2025-04-27,61,74.0,66.0,50.0,76.0,74.0,65.0,67.0,10.893423092245461,4,2,17,0.8660254037844387,-0.4999999999999998,0,0.0
SKU021,2025-05-04,66,79.0,61.0,66.0,68.0,79.0,61.25,64.875,8.05708797684788,5,2,18,0.49999999999999994,-0.8660254037844387,0,0.0
SKU021,2025-05-11,79,67.0,66.0,61.0,50.0,67.0,60.75,65.75,7.544313531837518,5,2,19,0.49999999999999994,-0.8660254037844387,0,0.0
SKU021,2025-05-18,72,70.0,79.0,66.0,66.0,70.0,68.0,67.625,7.7028133388608975,5,2,20,0.49999999999999994,-0.8660254037844387,0,0.0
SKU021,2025-05-25,70,61.0,72.0,79.0,61.0,61.0,69.5,67.25,7.7674534651540315,5,2,21,0.49999999999999994,-0.8660254037844387,0,0.0
SKU021,2025-06-01,71,73.0,70.0,72.0,66.0,73.0,71.75,66.5,5.4390562906935775,6,2,22,1.2246467991473532e-16,-1.0,1,0.0
SKU021,2025-06-08,77,59.0,71.0,70.0,79.0,59.0,73.0,66.875,4.082482904638635,6,2,23,1.2246467991473532e-16,-1.0,1,1.0
SKU021,2025-06-15,79,76.0,77.0,71.0,72.0,76.0,72.5,70.25,3.109126351029611,6,2,24,1.2246467991473532e-16,-1.0,1,1.0
SKU021,2025-06-22,67,56.0,79.0,77.0,70.0,56.0,74.25,71.875,4.425306015783921,6,2,25,1.2246467991473532e-16,-1.0,1,1.0
SKU021,2025-06-29,69,56.0,67.0,79.0,71.0,56.0,73.5,72.625,5.507570547286105,6,2,26,1.2246467991473532e-16,-1.0,1,1.0
SKU021,2025-07-06,57,60.0,69.0,67.0,77.0,60.0,73.0,73.0,5.8878405775519,7,3,27,-0.4999999999999997,-0.8660254037844388,0,1.0
SKU021,2025-07-13,68,53.0,57.0,69.0,79.0,53.0,68.0,70.25,9.018499505645792,7,3,28,-0.4999999999999997,-0.8660254037844388,0,0.0
SKU021,2025-07-20,58,63.0,68.0,57.0,67.0,63.0,65.25,69.75,5.560275772537429,7,3,29,-0.4999999999999997,-0.8660254037844388,0,0.0
SKU021,2025-07-27,62,55.0,58.0,68.0,69.0,55.0,63.0,68.25,6.377042156569668,7,3,30,-0.4999999999999997,-0.8660254037844388,0,0.0
SKU021,2025-08-03,54,55.0,62.0,58.0,57.0,55.0,61.25,67.125,4.991659710623984,8,3,31,-0.8660254037844385,-0.5000000000000004,0,0.0
SKU021,2025-08-10,60,52.0,54.0,62.0,68.0,52.0,60.5,64.25,5.972157622389643,8,3,32,-0.8660254037844385,-0.5000000000000004,0,0.0
SKU021,2025-08-17,54,68.0,60.0,54.0,58.0,68.0,58.5,61.875,3.415650255319873,8,3,33,-0.8660254037844385,-0.5000000000000004,0,0.0
SKU021,2025-08-24,60,59.0,54.0,60.0,62.0,59.0,57.5,60.25,4.123105625617666,8,3,34,-0.8660254037844385,-0.5000000000000004,0,0.0
SKU021,2025-08-31,43,53.0,60.0,54.0,54.0,53.0,57.0,59.125,3.4641016151377615,8,3,35,-0.8660254037844385,-0.5000000000000004,0,0.0
SKU021,2025-09-07,47,52.0,43.0,60.0,60.0,52.0,54.25,57.375,8.015609770940701,9,3,36,-1.0,-1.8369701987210297e-16,1,0.0
SKU021,2025-09-14,55,55.0,47.0,43.0,54.0,55.0,51.0,54.75,7.527726527090813,9,3,37,-1.0,-1.8369701987210297e-16,1,1.0
SKU021,2025-09-21,55,48.0,55.0,47.0,60.0,48.0,51.25,54.375,7.675719293112973,9,3,38,-1.0,-1.8369701987210297e-16,1,1.0
SKU021,2025-09-28,53,61.0,55.0,55.0,43.0,61.0,50.0,53.5,6.000000000000004,9,3,39,-1.0,-1.8369701987210297e-16,1,1.0
SKU021,2025-10-05,35,50.0,53.0,55.0,47.0,50.0,52.5,53.375,3.7859388972001895,10,4,40,-0.8660254037844386,0.5000000000000001,0,1.0
SKU021,2025-10-12,48,39.0,35.0,53.0,55.0,39.0,49.5,50.25,9.712534856222312,10,4,41,-0.8660254037844386,0.5000000000000001,0,0.0
SKU021,2025-10-19,65,43.0,48.0,35.0,55.0,43.0,47.75,49.5,8.995369179009094,10,4,42,-0.8660254037844386,0.5000000000000001,0,0.0
SKU021,2025-10-26,44,55.0,65.0,48.0,53.0,55.0,50.25,50.125,12.419742348374223,10,4,43,-0.8660254037844386,0.5000000000000001,0,0.0
SKU021,2025-11-02,58,58.0,44.0,65.0,35.0,58.0,48.0,50.25,12.569805089976539,11,4,44,-0.5000000000000004,0.8660254037844384,1,0.0
SKU021,2025-11-09,46,58.0,58.0,44.0,48.0,58.0,53.75,51.625,9.535023160258538,11,4,45,-0.5000000000000004,0.8660254037844384,1,1.0
SKU021,2025-11-16,45,63.0,46.0,58.0,65.0,63.0,53.25,50.5,9.979144919948471,11,4,46,-0.5000000000000004,0.8660254037844384,1,1.0
SKU021,2025-11-23,43,54.0,45.0,46.0,44.0,54.0,48.25,49.25,6.551081335677854,11,4,47,-0.5000000000000004,0.8660254037844384,1,1.0
SKU021,2025-11-30,47,37.0,43.0,45.0,58.0,37.0,48.0,48.0,6.782329983125273,11,4,48,-0.5000000000000004,0.8660254037844384,1,1.0
SKU021,2025-12-07,52,55.0,47.0,43.0,46.0,55.0,45.25,49.5,1.7078251276599492,12,4,49,-2.4492935982947064e-16,1.0,0,1.0
SKU021,2025-12-14,59,63.0,52.0,47.0,45.0,63.0,46.75,50.0,3.8622100754188295,12,4,50,-2.4492935982947064e-16,1.0,0,0.0
SKU021,2025-12-21,47,50.0,59.0,52.0,43.0,50.0,50.25,49.25,6.898067362191629,12,4,51,-2.4492935982947064e-16,1.0,0,0.0
SKU021,2025-12-28,50,54.0,47.0,59.0,47.0,54.0,51.25,49.625,5.678908345800278,12,4,52,-2.4492935982947064e-16,1.0,0,0.0
SKU022,2024-01-07,64,,,,,,,,,1,1,1,0.49999999999999994,0.8660254037844387,0,
SKU022,2024-01-14,72,,64.0,,,,,,,1,1,2,0.49999999999999994,0.8660254037844387,0,0.0
SKU022,2024-01-21,74,,72.0,64.0,,,,,,1,1,3,0.49999999999999994,0.8660254037844387,0,0.0
SKU022,2024-01-28,74,,74.0,72.0,,,,,,1,1,4,0.49999999999999994,0.8660254037844387,0,0.0
SKU022,2024-02-04,57,,74.0,74.0,64.0,,71.0,,4.760952285695233,2,1,5,0.8660254037844386,0.5000000000000001,0,0.0
SKU022,2024-02-11,87,,57.0,74.0,72.0,,69.25,,8.220908303425682,2,1,6,0.8660254037844386,0.5000000000000001,0,0.0
SKU022,2024-02-18,80,,87.0,57.0,74.0,,73.0,,12.30176139149729,2,1,7,0.8660254037844386,0.5000000000000001,0,0.0
SKU022,2024-02-25,69,,80.0,87.0,74.0,,74.5,,12.819256348686274,2,1,8,0.8660254037844386,0.5000000000000001,0,0.0
SKU022,2024-03-03,96,,69.0,80.0,57.0,,73.25,72.125,13.124404748406688,3,1,9,1.0,6.123233995736766e-17,1,0.0
SKU022,2024-03-10,73,,96.0,69.0,87.0,,83.0,76.125,11.401754250991377,3,1,10,1.0,6.123233995736766e-17,1,1.0
SKU022,2024-03-17,97,,73.0,96.0,80.0,,79.5,76.25,11.902380714238081,3,1,11,1.0,6.123233995736766e-17,1,1.0
SKU022,2024-03-24,75,,97.0,73.0,69.0,,83.75,79.125,14.818344486930156,3,1,12,1.0,6.123233995736766e-17,1,1.0
SKU022,2024-03-31,93,,75.0,97.0,96.0,,85.25,79.25,13.022416570411703,3,1,13,1.0,6.123233995736766e-17,1,1.0
SKU022,2024-04-07,82,,93.0,75.0,73.0,,84.5,83.75,12.261049438499679,4,2,14,0.8660254037844387,-0.4999999999999998,0,1.0
SKU022,2024-04-14,100,,82.0,93.0,97.0,,86.75,83.125,10.078855755160568,4,2,15,0.8660254037844387,-0.4999999999999998,0,0.0
SKU022,2024-04-21,73,,100.0,82.0,75.0,,87.5,85.625,11.150485789118488,4,2,16,0.8660254037844387,-0.4999999999999998,0,0.0
SKU022,2024-04-28,96,,73.0,100.0,93.0,,87.0,86.125,11.916375287812984,4,2,17,0.8660254037844387,-0.4999999999999998,0,0.0
SKU022,2024-05-05,87,,96.0,73.0,82.0,,87.75,86.125,12.5,5,2,18,0.49999999999999994,-0.8660254037844387,0,0.0
SKU022,2024-05-12,83,,87.0,96.0,100.0,,89.0,87.875,11.972189997378647,5,2,19,0.49999999999999994,-0.8660254037844387,0,0.0
SKU022,2024-05-19,84,,83.0,87.0,73.0,,84.75,86.125,9.535023160258534,5,2,20,0.49999999999999994,-0.8660254037844387,0,0.0
SKU022,2024-05-26,82,,84.0,83.0,96.0,,87.5,87.25,5.9160797830996135,5,2,21,0.49999999999999994,-0.8660254037844387,0,0.0
SKU022,2024-06-02,78,,82.0,84.0,87.0,,84.0,85.875,2.1602468994692825,6,2,22,1.2246467991473532e-16,-1.0,1,0.0
SKU022,2024-06-09,63,,78.0,82.0,83.0,,81.75,85.375,2.6299556396765795,6,2,23,1.2246467991473532e-16,-1.0,1,1.0
SKU022,2024-06-16,91,,63.0,78.0,84.0,,76.75,80.75,9.499999999999998,6,2,24,1.2246467991473532e-16,-1.0,1,1.0
SKU022,2024-06-23,94,,91.0,63.0,82.0,,78.5,83.0,11.676186592091327,6,2,25,1.2246467991473532e-16,-1.0,1,1.0
SKU022,2024-06-30,76,,94.0,91.0,78.0,,81.5,82.75,14.153915830374762,6,2,26,1.2246467991473532e-16,-1.0,1,1.0
SKU022,2024-07-07,58,,76.0,94.0,63.0,,81.0,81.375,14.352700094407323,7,3,27,-0.4999999999999997,-0.8660254037844388,0,1.0
SKU022,2024-07-14,74,,58.0,76.0,91.0,,79.75,78.25,16.5,7,3,28,-0.4999999999999997,-0.8660254037844388,0,0.0
SKU022,2024-07-21,68,,74.0,58.0,94.0,,75.5,77.0,14.730919862656235,7,3,29,-0.4999999999999997,-0.8660254037844388,0,0.0
SKU022,2024-07-28,70,,68.0,74.0,76.0,,69.0,75.25,8.082903768654756,7,3,30,-0.4999999999999997,-0.8660254037844388,0,0.0
SKU022,2024-08-04,59,,70.0,68.0,58.0,,67.5,74.25,6.80685928555404,8,3,31,-0.8660254037844385,-0.5000000000000004,0,0.0
SKU022,2024-08-11,64,,59.0,70.0,74.0,,67.75,73.75,6.344288770224754,8,3,32,-0.8660254037844385,-0.5000000000000004,0,0.0
SKU022,2024-08-18,56,,64.0,59.0,68.0,,65.25,70.375,4.856267428111149,8,3,33,-0.8660254037844385,-0.5000000000000004,0,0.0
SKU022,2024-08-25,68,,56.0,64.0,70.0,,62.25,65.625,6.130524719249834,8,3,34,-0.8660254037844385,-0.5000000000000004,0,0.0
SKU022,2024-09-01,66,,68.0,56.0,59.0,,61.75,64.625,5.315072906367318,9,3,35,-1.0,-1.8369701987210297e-16,1,0.0
SKU022,2024-09-08,64,,66.0,68.0,64.0,,63.5,65.625,5.25991127935316,9,3,36,-1.0,-1.8369701987210297e-16,1,1.0
SKU022,2024-09-15,59,,64.0,66.0,56.0,,63.5,64.375,5.25991127935316,9,3,37,-1.0,-1.8369701987210297e-16,1,1.0
SKU022,2024-09-22,66,,59.0,64.0,68.0,,64.25,63.25,3.862210075418813,9,3,38,-1.0,-1.8369701987210297e-16,1,1.0
SKU022,2024-09-29,72,,66.0,59.0,66.0,,63.75,62.75,3.304037933599824,9,3,39,-1.0,-1.8369701987210297e-16,1,1.0
SKU022,2024-10-06,53,,72.0,66.0,64.0,,65.25,64.375,5.37742193496722,10,4,40,-0.8660254037844386,0.5000000000000001,0,1.0
SKU022,2024-10-13,55,,53.0,72.0,59.0,,62.5,63.0,8.266397845091493,10,4,41,-0.8660254037844386,0.5000000000000001,0,0.0
SKU022,2024-10-20,52,,55.0,53.0,66.0,,61.5,62.875,9.036961141150636,10,4,42,-0.8660254037844386,0.5000000000000001,0,0.0
SKU022,2024-10-27,47,,52.0,55.0,72.0,,58.0,60.875,9.416297927883686,10,4,43,-0.8660254037844386,0.5000000000000001,0,0.0
SKU022,2024-11-03,56,,47.0,52.0,53.0,,51.75,58.5,3.403429642777016,11,4,44,-0.5000000000000004,0.8660254037844384,1,0.0
SKU022,2024-11-10,54,,56.0,47.0,55.0,,52.5,57.5,4.041451884327374,11,4,45,-0.5000000000000004,0.8660254037844384,1,1.0
SKU022,2024-11-17,69,,54.0,56.0,52.0,,52.25,56.875,3.862210075418816,11,4,46,-0.5000000000000004,0.8660254037844384,1,1.0
SKU022,2024-11-24,64,,69.0,54.0,47.0,,56.5,57.25,9.183318209303938,11,4,47,-0.5000000000000004,0.8660254037844384,1,1.0
SKU022,2024-12-01,61,,64.0,69.0,56.0,,60.75,56.25,6.994045086119092,12,4,48,-2.4492935982947064e-16,1.0,1,1.0
SKU022,2024-12-08,62,,61.0,64.0,54.0,,62.0,57.25,6.271629240742256,12,4,49,-2.4492935982947064e-16,1.0,0,1.0
SKU022,2024-12-15,70,,62.0,61.0,69.0,,64.0,58.125,3.559026084010429,12,4,50,-2.4492935982947064e-16,1.0,0,0.0
SKU022,2024-12-22,46,,70.0,62.0,64.0,,64.25,60.375,4.0311288741492675,12,4,51,-2.4492935982947064e-16,1.0,0,0.0
SKU022,2024-12-29,59,,46.0,70.0,61.0,,59.75,60.25,10.01249219725039,12,4,52,-2.4492935982947064e-16,1.0,0,0.0
SKU022,2025-01-05,77,64.0,59.0,46.0,62.0,64.0,59.25,60.625,9.979144919948466,1,1,1,0.49999999999999994,0.8660254037844387,0,0.0
SKU022,2025-01-12,77,72.0,77.0,59.0,70.0,72.0,63.0,63.5,13.540064007726597,1,1,2,0.49999999999999994,0.8660254037844387,0,0.0
SKU022,2025-01-19,69,74.0,77.0,77.0,46.0,74.0,64.75,64.5,15.107944929738125,1,1,3,0.49999999999999994,0.8660254037844387,0,0.0
SKU022,2025-01-26,79,74.0,69.0,77.0,59.0,74.0,70.5,65.125,8.544003745317527,1,1,4,0.49999999999999994,0.8660254037844387,0,0.0
SKU022,2025-02-02,75,57.0,79.0,69.0,77.0,57.0,75.5,67.375,4.434711565216684,2,1,5,0.8660254037844386,0.5000000000000001,0,0.0
SKU022,2025-02-09,75,87.0,75.0,79.0,77.0,87.0,75.0,69.0,4.320493798938567,2,1,6,0.8660254037844386,0.5000000000000001,0,0.0
SKU022,2025-02-16,86,80.0,75.0,75.0,69.0,80.0,74.5,69.625,4.1231056256176535,2,1,7,0.8660254037844386,0.5000000000000001,0,0.0
SKU022,2025-02-23,88,69.0,86.0,75.0,79.0,69.0,78.75,74.625,5.188127472091123,2,1,8,0.8660254037844386,0.5000000000000001,0,0.0
SKU022,2025-03-02,76,96.0,88.0,86.0,75.0,96.0,81.0,78.25,6.9761498454854465,3,1,9,1.0,6.123233995736766e-17,1,0.0
SKU022,2025-03-09,78,73.0,76.0,88.0,75.0,73.0,81.25,78.125,6.701989754294363,3,1,10,1.0,6.123233995736766e-17,1,1.0
SKU022,2025-03-16,82,97.0,78.0,76.0,86.0,97.0,82.0,78.25,5.887840577551894,3,1,11,1.0,6.123233995736766e-17,1,1.0
SKU022,2025-03-23,84,75.0,82.0,78.0,88.0,75.0,81.0,79.875,5.291502622129178,3,1,12,1.0,6.123233995736766e-17,1,1.0
SKU022,2025-03-30,87,93.0,84.0,82.0,76.0,93.0,80.0,80.5,3.6514837167011027,3,1,13,1.0,6.123233995736766e-17,1,1.0
SKU022,2025-04-06,61,82.0,87.0,84.0,78.0,82.0,82.75,82.0,3.7749172176353722,4,2,14,0.8660254037844387,-0.4999999999999998,0,1.0
SKU022,2025-04-13,67,100.0,61.0,87.0,82.0,100.0,78.5,80.25,11.846237095944572,4,2,15,0.8660254037844387,-0.4999999999999998,0,0.0
SKU022,2025-04-20,77,73.0,67.0,61.0,84.0,73.0,74.75,77.875,12.711543310445562,4,2,16,0.8660254037844387,-0.4999999999999998,0,0.0
SKU022,2025-04-27,81,96.0,77.0,67.0,87.0,96.0,73.0,76.5,11.430952132988162,4,2,17,0.8660254037844387,-0.4999999999999998,0,0.0
SKU022,2025-05-04,85,87.0,81.0,77.0,61.0,87.0,71.5,77.125,9.146948489341492,5,2,18,0.49999999999999994,-0.8660254037844387,0,0.0
SKU022,2025-05-11,69,83.0,85.0,81.0,67.0,83.0,77.5,78.0,7.724420150837641,5,2,19,0.49999999999999994,-0.8660254037844387,0,0.0
SKU022,2025-05-18,80,84.0,69.0,85.0,77.0,84.0,78.0,76.375,6.8313005106397275,5,2,20,0.49999999999999994,-0.8660254037844387,0,0.0
SKU022,2025-05-25,93,82.0,80.0,69.0,81.0,82.0,78.75,75.875,6.849574196011503,5,2,21,0.49999999999999994,-0.8660254037844387,0,0.0
SKU022,2025-06-01,90,78.0,93.0,80.0,85.0,78.0,81.75,76.625,10.045728777279756,6,2,22,1.2246467991473532e-16,-1.0,1,0.0
SKU022,2025-06-08,89,63.0,90.0,93.0,69.0,63.0,83.0,80.25,10.862780491200214,6,2,23,1.2246467991473532e-16,-1.0,1,1.0
SKU022,2025-06-15,90,91.0,89.0,90.0,80.0,91.0,88.0,83.0,5.597618541248884,6,2,24,1.2246467991473532e-16,-1.0,1,1.0
SKU022,2025-06-22,86,94.0,90.0,89.0,93.0,94.0,90.5,84.625,1.7320508075688588,6,2,25,1.2246467991473532e-16,-1.0,1,1.0
SKU022,2025-06-29,83,76.0,86.0,90.0,90.0,76.0,88.75,85.25,1.8929694486000765,6,2,26,1.2246467991473532e-16,-1.0,1,1.0
SKU022,2025-07-06,70,58.0,83.0,86.0,89.0,58.0,87.0,85.0,3.1622776601683693,7,3,27,-0.4999999999999997,-0.8660254037844388,0,1.0
SKU022,2025-07-13,58,74.0,70.0,83.0,90.0,74.0,82.25,85.125,8.655441448399186,7,3,28,-0.4999999999999997,-0.8660254037844388,0,0.0
SKU022,2025-07-20,82,68.0,58.0,70.0,86.0,68.0,74.25,82.375,12.867918764638409,7,3,29,-0.4999999999999997,-0.8660254037844388,0,0.0
SKU022,2025-07-27,64,70.0,82.0,58.0,83.0,70.0,73.25,81.0,11.757976016304847,7,3,30,-0.4999999999999997,-0.8660254037844388,0,0.0
SKU022,2025-08-03,70,59.0,64.0,82.0,70.0,59.0,68.5,77.75,10.246950765959596,8,3,31,-0.8660254037844385,-0.5000000000000004,0,0.0
SKU022,2025-08-10,64,64.0,70.0,64.0,58.0,64.0,68.5,75.375,10.246950765959596,8,3,32,-0.8660254037844385,-0.5000000000000004,0,0.0
SKU022,2025-08-17,64,56.0,64.0,70.0,82.0,56.0,70.0,72.125,8.485281374238568,8,3,33,-0.8660254037844385,-0.5000000000000004,0,0.0
SKU022,2025-08-24,69,68.0,64.0,64.0,64.0,68.0,65.5,69.375,2.999999999999994,8,3,34,-0.8660254037844385,-0.5000000000000004,0,0.0
SKU022,2025-08-31,49,66.0,69.0,64.0,70.0,66.0,66.75,67.625,3.2015621187164185,8,3,35,-0.8660254037844385,-0.5000000000000004,0,0.0
SKU022,2025-09-07,55,64.0,49.0,69.0,64.0,64.0,61.5,65.0,8.660254037844386,9,3,36,-1.0,-1.8369701987210297e-16,1,0.0
SKU022,2025-09-14,67,59.0,55.0,49.0,64.0,59.0,59.25,64.625,8.958236433584458,9,3,37,-1.0,-1.8369701987210297e-16,1,1.0
SKU022,2025-09-21,60,66.0,67.0,55.0,69.0,66.0,60.0,62.75,9.591663046625438,9,3,38,-1.0,-1.8369701987210297e-16,1,1.0
SKU022,2025-09-28,61,72.0,60.0,67.0,49.0,72.0,57.75,62.25,7.632168761236873,9,3,39,-1.0,-1.8369701987210297e-16,1,1.0
SKU022,2025-10-05,50,53.0,61.0,60.0,55.0,53.0,60.75,61.125,4.924428900898051,10,4,40,-0.8660254037844386,0.5000000000000001,0,1.0
SKU022,2025-10-12,54,55.0,50.0,61.0,67.0,55.0,59.5,59.375,7.04745817062199,10,4,41,-0.8660254037844386,0.5000000000000001,0,0.0
SKU022,2025-10-19,58,52.0,54.0,50.0,60.0,52.0,56.25,58.125,5.188127472091125,10,4,42,-0.8660254037844386,0.5000000000000001,0,0.0
SKU022,2025-10-26,51,47.0,58.0,54.0,61.0,47.0,55.75,56.75,4.787135538781689,10,4,43,-0.8660254037844386,0.5000000000000001,0,0.0
SKU022,2025-11-02,62,56.0,51.0,58.0,50.0,56.0,53.25,57.0,3.5939764421413014,11,4,44,-0.5000000000000004,0.8660254037844384,1,0.0
SKU022,2025-11-09,44,54.0,62.0,51.0,54.0,54.0,56.25,57.875,4.787135538781688,11,4,45,-0.5000000000000004,0.8660254037844384,1,1.0
SKU022,2025-11-16,78,69.0,44.0,62.0,58.0,69.0,53.75,55.0,7.932002689527194,11,4,46,-0.5000000000000004,0.8660254037844384,1,1.0
SKU022,2025-11-23,53,64.0,78.0,44.0,51.0,64.0,58.75,57.25,14.818344486930155,11,4,47,-0.5000000000000004,0.8660254037844384,1,1.0
SKU022,2025-11-30,69,61.0,53.0,78.0,62.0,61.0,59.25,56.25,14.499999999999998,11,4,48,-0.5000000000000004,0.8660254037844384,1,1.0
SKU022,2025-12-07,70,62.0,69.0,53.0,44.0,62.0,61.0,58.625,15.3405779986718,12,4,49,-2.4492935982947064e-16,1.0,0,1.0
SKU022,2025-12-14,60,70.0,70.0,69.0,78.0,70.0,67.5,60.625,10.472185381603333,12,4,50,-2.4492935982947064e-16,1.0,0,0.0
SKU022,2025-12-21,62,46.0,60.0,70.0,53.0,46.0,63.0,60.875,8.041558721209872,12,4,51,-2.4492935982947064e-16,1.0,0,0.0
SKU022,2025-12-28,84,59.0,62.0,60.0,69.0,59.0,65.25,62.25,4.991659710623969,12,4,52,-2.4492935982947064e-16,1.0,0,0.0
SKU023,2024-01-07,100,,,,,,,,,1,1,1,0.49999999999999994,0.8660254037844387,0,
SKU023,2024-01-14,83,,100.0,,,,,,,1,1,2,0.49999999999999994,0.8660254037844387,0,0.0
SKU023,2024-01-21,97,,83.0,100.0,,,,,,1,1,3,0.49999999999999994,0.8660254037844387,0,0.0
SKU023,2024-01-28,100,,97.0,83.0,,,,,,1,1,4,0.49999999999999994,0.8660254037844387,0,0.0
SKU023,2024-02-04,126,,100.0,97.0,100.0,,95.0,,8.12403840463596,2,1,5,0.8660254037844386,0.5000000000000001,0,0.0
SKU023,2024-02-11,126,,126.0,100.0,83.0,,101.5,,17.93506806975281,2,1,6,0.8660254037844386,0.5000000000000001,0,0.0
SKU023,2024-02-18,109,,126.0,126.0,97.0,,112.25,,15.924300089276556,2,1,7,0.8660254037844386,0.5000000000000001,0,0.0
SKU023,2024-02-25,99,,109.0,126.0,100.0,,115.25,,12.945398152754258,2,1,8,0.8660254037844386,0.5000000000000001,0,0.0
SKU023,2024-03-03,114,,99.0,109.0,126.0,,115.0,105.0,13.341664064126334,3,1,9,1.0,6.123233995736766e-17,1,0.0
SKU023,2024-03-10,136,,114.0,99.0,126.0,,112.0,106.75,11.224972160321824,3,1,10,1.0,6.123233995736766e-17,1,1.0
SKU023,2024-03-17,137,,136.0,114.0,109.0,,114.5,113.375,15.631165450257807,3,1,11,1.0,6.123233995736766e-17,1,1.0
SKU023,2024-03-24,99,,137.0,136.0,99.0,,121.5,118.375,18.375708603116962,3,1,12,1.0,6.123233995736766e-17,1,1.0
SKU023,2024-03-31,117,,99.0,137.0,114.0,,121.5,118.25,18.375708603116962,3,1,13,1.0,6.123233995736766e-17,1,1.0
SKU023,2024-04-07,122,,117.0,99.0,136.0,,122.25,117.125,18.02544497832624,4,2,14,0.8660254037844387,-0.4999999999999998,0,1.0
SKU023,2024-04-14,132,,122.0,117.0,137.0,,118.75,116.625,15.671098663888676,4,2,15,0.8660254037844387,-0.4999999999999998,0,0.0
SKU023,2024-04-21,118,,132.0,122.0,99.0,,117.5,119.5,13.820274961085257,4,2,16,0.8660254037844387,-0.4999999999999998,0,0.0
SKU023,2024-04-28,102,,118.0,132.0,117.0,,122.25,121.875,6.8495741960115115,4,2,17,0.8660254037844387,-0.4999999999999998,0,0.0
SKU023,2024-05-05,102,,102.0,118.0,122.0,,118.5,120.375,12.476644848141937,5,2,18,0.49999999999999994,-0.8660254037844387,0,0.0
SKU023,2024-05-12,120,,102.0,102.0,132.0,,113.5,116.125,14.45683229480096,5,2,19,0.49999999999999994,-0.8660254037844387,0,0.0
SKU023,2024-05-19,129,,120.0,102.0,118.0,,110.5,114.0,9.848857801796106,5,2,20,0.49999999999999994,-0.8660254037844387,0,0.0
SKU023,2024-05-26,101,,129.0,120.0,102.0,,113.25,117.75,13.5,5,2,21,0.49999999999999994,-0.8660254037844387,0,0.0
SKU023,2024-06-02,123,,101.0,129.0,102.0,,113.0,115.75,13.784048752090222,6,2,22,1.2246467991473532e-16,-1.0,1,0.0
SKU023,2024-06-09,116,,123.0,101.0,120.0,,118.25,115.875,12.093386622447824,6,2,23,1.2246467991473532e-16,-1.0,1,1.0
SKU023,2024-06-16,114,,116.0,123.0,129.0,,117.25,113.875,12.065791865158843,6,2,24,1.2246467991473532e-16,-1.0,1,1.0
SKU023,2024-06-23,124,,114.0,116.0,101.0,,113.5,113.375,9.18331820930394,6,2,25,1.2246467991473532e-16,-1.0,1,1.0
SKU023,2024-06-30,118,,124.0,114.0,123.0,,119.25,116.125,4.991659710623972,6,2,26,1.2246467991473532e-16,-1.0,1,1.0
SKU023,2024-07-07,109,,118.0,124.0,116.0,,118.0,118.125,4.320493798938566,7,3,27,-0.4999999999999997,-0.8660254037844388,0,1.0
SKU023,2024-07-14,88,,109.0,118.0,114.0,,116.25,116.75,6.344288770224756,7,3,28,-0.4999999999999997,-0.8660254037844388,0,0.0
SKU023,2024-07-21,102,,88.0,109.0,124.0,,109.75,111.625,15.755951256588729,7,3,29,-0.4999999999999997,-0.8660254037844388,0,0.0
SKU023,2024-07-28,109,,102.0,88.0,118.0,,104.25,111.75,12.65898890117216,7,3,30,-0.4999999999999997,-0.8660254037844388,0,0.0
SKU023,2024-08-04,105,,109.0,102.0,109.0,,102.0,110.0,9.899494936611662,8,3,31,-0.8660254037844385,-0.5000000000000004,0,0.0
SKU023,2024-08-11,105,,105.0,109.0,88.0,,101.0,108.625,9.128709291752765,8,3,32,-0.8660254037844385,-0.5000000000000004,0,0.0
SKU023,2024-08-18,82,,105.0,105.0,102.0,,105.25,107.5,2.872281323269009,8,3,33,-0.8660254037844385,-0.5000000000000004,0,0.0
SKU023,2024-08-25,99,,82.0,105.0,109.0,,100.25,102.25,12.311918344975055,8,3,34,-0.8660254037844385,-0.5000000000000004,0,0.0
SKU023,2024-09-01,85,,99.0,82.0,105.0,,97.75,99.875,10.87428158546577,9,3,35,-1.0,-1.8369701987210297e-16,1,0.0
SKU023,2024-09-08,88,,85.0,99.0,105.0,,92.75,96.875,11.026483271348724,9,3,36,-1.0,-1.8369701987210297e-16,1,1.0
SKU023,2024-09-15,87,,88.0,85.0,82.0,,88.5,96.875,7.416198487095658,9,3,37,-1.0,-1.8369701987210297e-16,1,1.0
SKU023,2024-09-22,85,,87.0,88.0,99.0,,89.75,95.0,6.291528696058951,9,3,38,-1.0,-1.8369701987210297e-16,1,1.0
SKU023,2024-09-29,89,,85.0,87.0,85.0,,86.25,92.0,1.4999999999999776,9,3,39,-1.0,-1.8369701987210297e-16,1,1.0
SKU023,2024-10-06,76,,89.0,85.0,88.0,,87.25,90.0,1.707825127659912,10,4,40,-0.8660254037844386,0.5000000000000001,0,1.0
SKU023,2024-10-13,67,,76.0,89.0,87.0,,84.25,86.375,5.737304826019495,10,4,41,-0.8660254037844386,0.5000000000000001,0,0.0
SKU023,2024-10-20,74,,67.0,76.0,85.0,,79.25,84.5,9.810708435174286,10,4,42,-0.8660254037844386,0.5000000000000001,0,0.0
SKU023,2024-10-27,84,,74.0,67.0,89.0,,76.5,81.375,9.183318209303934,10,4,43,-0.8660254037844386,0.5000000000000001,0,0.0
SKU023,2024-11-03,86,,84.0,74.0,76.0,,75.25,81.25,6.994045086119087,11,4,44,-0.5000000000000004,0.8660254037844384,1,0.0
SKU023,2024-11-10,85,,86.0,84.0,67.0,,77.75,81.0,8.883505314157613,11,4,45,-0.5000000000000004,0.8660254037844384,1,1.0
SKU023,2024-11-17,94,,85.0,86.0,74.0,,82.25,80.75,5.560275772537416,11,4,46,-0.5000000000000004,0.8660254037844384,1,1.0
SKU023,2024-11-24,98,,94.0,85.0,84.0,,87.25,81.875,4.573474244670736,11,4,47,-0.5000000000000004,0.8660254037844384,1,1.0
SKU023,2024-12-01,111,,98.0,94.0,86.0,,90.75,83.0,6.291528696058951,12,4,48,-2.4492935982947064e-16,1.0,1,1.0
SKU023,2024-12-08,104,,111.0,98.0,85.0,,97.0,87.375,10.80123449734643,12,4,49,-2.4492935982947064e-16,1.0,0,1.0
SKU023,2024-12-15,80,,104.0,111.0,94.0,,101.75,92.0,7.410578025138565,12,4,50,-2.4492935982947064e-16,1.0,0,0.0
SKU023,2024-12-22,90,,80.0,104.0,98.0,,98.25,92.75,13.27591804735175,12,4,51,-2.4492935982947064e-16,1.0,0,0.0
SKU023,2024-12-29,99,,90.0,80.0,111.0,,96.25,93.5,13.913422775626895,12,4,52,-2.4492935982947064e-16,1.0,0,0.0
SKU023,2025-01-05,117,100.0,99.0,90.0,104.0,100.0,93.25,95.125,10.563301251660544,1,1,1,0.49999999999999994,0.8660254037844387,0,0.0
SKU023,2025-01-12,114,83.0,117.0,99.0,80.0,83.0,96.5,99.125,15.716233645501706,1,1,2,0.49999999999999994,0.8660254037844387,0,0.0
SKU023,2025-01-19,92,97.0,114.0,117.0,90.0,97.0,105.0,101.625,12.72792206135785,1,1,3,0.49999999999999994,0.8660254037844387,0,0.0
SKU023,2025-01-26,83,100.0,92.0,114.0,99.0,100.0,105.5,100.875,11.958260743101391,1,1,4,0.49999999999999994,0.8660254037844387,0,0.0
SKU023,2025-02-02,106,126.0,83.0,92.0,117.0,126.0,101.5,97.375,16.62327685305557,2,1,5,0.8660254037844386,0.5000000000000001,0,0.0
SKU023,2025-02-09,98,126.0,106.0,83.0,114.0,126.0,98.75,97.625,13.889444433333772,2,1,6,0.8660254037844386,0.5000000000000001,0,0.0
SKU023,2025-02-16,113,109.0,98.0,106.0,92.0,109.0,94.75,99.875,9.708243919473793,2,1,7,0.8660254037844386,0.5000000000000001,0,0.0
SKU023,2025-02-23,115,99.0,113.0,98.0,83.0,99.0,100.0,102.75,12.884098726725119,2,1,8,0.8660254037844386,0.5000000000000001,0,0.0
SKU023,2025-03-02,119,114.0,115.0,113.0,106.0,114.0,108.0,104.75,7.7028133388608815,3,1,9,1.0,6.123233995736766e-17,1,0.0
SKU023,2025-03-09,125,136.0,119.0,115.0,98.0,136.0,111.25,105.0,9.178779875342897,3,1,10,1.0,6.123233995736766e-17,1,1.0
SKU023,2025-03-16,131,137.0,125.0,119.0,113.0,137.0,118.0,106.375,5.291502622129157,3,1,11,1.0,6.123233995736766e-17,1,1.0
SKU023,2025-03-23,127,99.0,131.0,125.0,115.0,99.0,122.5,111.25,6.99999999999998,3,1,12,1.0,6.123233995736766e-17,1,1.0
SKU023,2025-03-30,141,117.0,127.0,131.0,119.0,117.0,125.5,116.75,4.999999999999972,3,1,13,1.0,6.123233995736766e-17,1,1.0
SKU023,2025-04-06,121,122.0,141.0,127.0,125.0,122.0,131.0,121.125,7.118052168020852,4,2,14,0.8660254037844387,-0.4999999999999998,0,1.0
SKU023,2025-04-13,127,132.0,121.0,141.0,131.0,132.0,130.0,124.0,8.406346808612309,4,2,15,0.8660254037844387,-0.4999999999999998,0,0.0
SKU023,2025-04-20,120,118.0,127.0,121.0,127.0,118.0,129.0,125.75,8.485281374238552,4,2,16,0.8660254037844387,-0.4999999999999998,0,0.0
SKU023,2025-04-27,128,102.0,120.0,127.0,141.0,102.0,127.25,126.375,9.673847907287616,4,2,17,0.8660254037844387,-0.4999999999999998,0,0.0
SKU023,2025-05-04,107,102.0,128.0,120.0,121.0,102.0,124.0,127.5,4.08248290463859,5,2,18,0.49999999999999994,-0.8660254037844387,0,0.0
SKU023,2025-05-11,133,120.0,107.0,128.0,127.0,120.0,120.5,125.25,9.678154093971967,5,2,19,0.49999999999999994,-0.8660254037844387,0,0.0
SKU023,2025-05-18,111,129.0,133.0,107.0,120.0,129.0,122.0,125.5,11.343133018115688,5,2,20,0.49999999999999994,-0.8660254037844387,0,0.0
SKU023,2025-05-25,118,101.0,111.0,133.0,128.0,101.0,119.75,123.5,12.685293322058673,5,2,21,0.49999999999999994,-0.8660254037844387,0,0.0
SKU023,2025-06-01,112,123.0,118.0,111.0,107.0,123.0,117.25,120.625,11.441882129556587,6,2,22,1.2246467991473532e-16,-1.0,1,0.0
SKU023,2025-06-08,122,116.0,112.0,118.0,133.0,116.0,118.5,119.5,10.148891565092205,6,2,23,1.2246467991473532e-16,-1.0,1,1.0
SKU023,2025-06-15,117,114.0,122.0,112.0,111.0,114.0,115.75,118.875,5.188127472091099,6,2,24,1.2246467991473532e-16,-1.0,1,1.0
SKU023,2025-06-22,133,124.0,117.0,122.0,118.0,124.0,117.25,118.5,4.112987559750987,6,2,25,1.2246467991473532e-16,-1.0,1,1.0
SKU023,2025-06-29,130,118.0,133.0,117.0,112.0,118.0,121.0,119.125,8.981462390204971,6,2,26,1.2246467991473532e-16,-1.0,1,1.0
SKU023,2025-07-06,105,109.0,130.0,133.0,122.0,109.0,125.5,122.0,7.3257536586119505,7,3,27,-0.4999999999999997,-0.8660254037844388,0,1.0
SKU023,2025-07-13,100,88.0,105.0,130.0,117.0,88.0,121.25,118.5,12.8679187646384,7,3,28,-0.4999999999999997,-0.8660254037844388,0,0.0
SKU023,2025-07-20,91,102.0,100.0,105.0,133.0,102.0,117.0,117.125,16.911534525287756,7,3,29,-0.4999999999999997,-0.8660254037844388,0,0.0
SKU023,2025-07-27,107,109.0,91.0,100.0,130.0,109.0,106.5,113.75,16.70329308849006,7,3,30,-0.4999999999999997,-0.8660254037844388,0,0.0
SKU023,2025-08-03,102,105.0,107.0,91.0,105.0,105.0,100.75,113.125,7.135591542869206,8,3,31,-0.8660254037844385,-0.5000000000000004,0,0.0
SKU023,2025-08-10,107,105.0,102.0,107.0,100.0,105.0,100.0,110.625,6.683312551921131,8,3,32,-0.8660254037844385,-0.5000000000000004,0,0.0
SKU023,2025-08-17,102,82.0,107.0,102.0,91.0,82.0,101.75,109.375,7.544313531837508,8,3,33,-0.8660254037844385,-0.5000000000000004,0,0.0
SKU023,2025-08-24,95,99.0,102.0,107.0,107.0,99.0,104.5,105.5,2.886751345948108,8,3,34,-0.8660254037844385,-0.5000000000000004,0,0.0
SKU023,2025-08-31,82,85.0,95.0,102.0,102.0,85.0,101.5,101.125,4.932882862316236,8,3,35,-0.8660254037844385,-0.5000000000000004,0,0.0
SKU023,2025-09-07,76,88.0,82.0,95.0,107.0,88.0,96.5,98.25,10.847426730181981,9,3,36,-1.0,-1.8369701987210297e-16,1,0.0
SKU023,2025-09-14,53,87.0,76.0,82.0,102.0,87.0,88.75,95.25,11.870832602082574,9,3,37,-1.0,-1.8369701987210297e-16,1,1.0
SKU023,2025-09-21,111,85.0,53.0,76.0,95.0,85.0,76.5,90.5,17.559422921421227,9,3,38,-1.0,-1.8369701987210297e-16,1,1.0
SKU023,2025-09-28,90,89.0,111.0,53.0,82.0,89.0,80.5,91.0,23.86769085325739,9,3,39,-1.0,-1.8369701987210297e-16,1,1.0
SKU023,2025-10-05,89,76.0,90.0,111.0,76.0,76.0,82.5,89.5,24.36527583809932,10,4,40,-0.8660254037844386,0.5000000000000001,0,1.0
SKU023,2025-10-12,80,67.0,89.0,90.0,53.0,67.0,85.75,87.25,24.074537032585553,10,4,41,-0.8660254037844386,0.5000000000000001,0,0.0
SKU023,2025-10-19,74,74.0,80.0,89.0,111.0,74.0,92.5,84.5,13.127579111676804,10,4,42,-0.8660254037844386,0.5000000000000001,0,0.0
SKU023,2025-10-26,91,84.0,74.0,80.0,90.0,84.0,83.25,81.875,7.6321687612368585,10,4,43,-0.8660254037844386,0.5000000000000001,0,0.0
SKU023,2025-11-02,84,86.0,91.0,74.0,89.0,86.0,83.5,83.0,7.937253933193757,11,4,44,-0.5000000000000004,0.8660254037844384,1,0.0
SKU023,2025-11-09,91,85.0,84.0,91.0,80.0,85.0,82.25,84.0,7.135591542869198,11,4,45,-0.5000000000000004,0.8660254037844384,1,1.0
SKU023,2025-11-16,88,94.0,91.0,84.0,74.0,94.0,85.0,88.75,8.041558721209864,11,4,46,-0.5000000000000004,0.8660254037844384,1,1.0
SKU023,2025-11-23,88,98.0,88.0,91.0,91.0,98.0,88.5,85.875,3.3166247903553625,11,4,47,-0.5000000000000004,0.8660254037844384,1,1.0
SKU023,2025-11-30,90,111.0,88.0,88.0,84.0,111.0,87.75,85.625,2.8722813232689717,11,4,48,-0.5000000000000004,0.8660254037844384,1,1.0
SKU023,2025-12-07,97,104.0,90.0,88.0,91.0,104.0,89.25,85.75,1.4999999999999183,12,4,49,-2.4492935982947064e-16,1.0,0,1.0
SKU023,2025-12-14,98,80.0,97.0,90.0,88.0,80.0,90.75,87.875,4.272001872658736,12,4,50,-2.4492935982947064e-16,1.0,0,0.0
SKU023,2025-12-21,96,90.0,98.0,97.0,88.0,90.0,93.25,90.875,4.991659710623953,12,4,51,-2.4492935982947064e-16,1.0,0,0.0
SKU023,2025-12-28,99,99.0,96.0,98.0,90.0,99.0,95.25,91.5,3.593976442141267,12,4,52,-2.4492935982947064e-16,1.0,0,0.0
SKU024,2024-01-07,93,,,,,,,,,1,1,1,0.49999999999999994,0.8660254037844387,0,
SKU024,2024-01-14,81,,93.0,,,,,,,1,1,2,0.49999999999999994,0.8660254037844387,0,0.0
SKU024,2024-01-21,95,,81.0,93.0,,,,,,1,1,3,0.49999999999999994,0.8660254037844387,0,0.0
SKU024,2024-01-28,87,,95.0,81.0,,,,,,1,1,4,0.49999999999999994,0.8660254037844387,0,0.0
SKU024,2024-02-04,100,,87.0,95.0,93.0,,89.0,,6.324555320336758,2,1,5,0.8660254037844386,0.5000000000000001,0,0.0
SKU024,2024-02-11,106,,100.0,87.0,81.0,,90.75,,8.421203397773185,2,1,6,0.8660254037844386,0.5000000000000001,0,0.0
SKU024,2024-02-18,84,,106.0,100.0,95.0,,97.0,,8.041558721209878,2,1,7,0.8660254037844386,0.5000000000000001,0,0.0
SKU024,2024-02-25,90,,84.0,106.0,87.0,,94.25,,10.468205831628136,2,1,8,0.8660254037844386,0.5000000000000001,0,0.0
SKU024,2024-03-03,114,,90.0,84.0,100.0,,95.0,92.0,9.865765724632494,3,1,9,1.0,6.123233995736766e-17,1,0.0
SKU024,2024-03-10,115,,114.0,90.0,106.0,,98.5,94.625,13.892443989449804,3,1,10,1.0,6.123233995736766e-17,1,1.0
SKU024,2024-03-17,118,,115.0,114.0,84.0,,100.75,98.875,16.070158679988197,3,1,11,1.0,6.123233995736766e-17,1,1.0
SKU024,2024-03-24,111,,118.0,115.0,90.0,,109.25,101.75,12.945398152754258,3,1,12,1.0,6.123233995736766e-17,1,1.0
SKU024,2024-03-31,117,,111.0,118.0,114.0,,114.5,104.75,2.886751345948131,3,1,13,1.0,6.123233995736766e-17,1,1.0
SKU024,2024-04-07,95,,117.0,111.0,115.0,,115.25,106.875,3.0956959368344528,4,2,14,0.8660254037844387,-0.4999999999999998,0,1.0
SKU024,2024-04-14,103,,95.0,117.0,118.0,,110.25,105.5,10.626225419530053,4,2,15,0.8660254037844387,-0.4999999999999998,0,0.0
SKU024,2024-04-21,113,,103.0,95.0,111.0,,106.5,107.875,9.574271077563381,4,2,16,0.8660254037844387,-0.4999999999999998,0,0.0
SKU024,2024-04-28,106,,113.0,103.0,117.0,,107.0,110.75,9.93310961716756,4,2,17,0.8660254037844387,-0.4999999999999998,0,0.0
SKU024,2024-05-05,103,,106.0,113.0,95.0,,104.25,109.75,7.455423082115015,5,2,18,0.49999999999999994,-0.8660254037844387,0,0.0
SKU024,2024-05-12,108,,103.0,106.0,103.0,,106.25,108.25,4.716990566028303,5,2,19,0.49999999999999994,-0.8660254037844387,0,0.0
SKU024,2024-05-19,109,,108.0,103.0,113.0,,107.5,107.0,4.203173404306167,5,2,20,0.49999999999999994,-0.8660254037844387,0,0.0
SKU024,2024-05-26,104,,109.0,108.0,106.0,,106.5,106.75,2.6457513110645965,5,2,21,0.49999999999999994,-0.8660254037844387,0,0.0
SKU024,2024-06-02,118,,104.0,109.0,103.0,,106.0,105.125,2.9439202887759546,6,2,22,1.2246467991473532e-16,-1.0,1,0.0
SKU024,2024-06-09,97,,118.0,104.0,108.0,,109.75,108.0,5.909032633745282,6,2,23,1.2246467991473532e-16,-1.0,1,1.0
SKU024,2024-06-16,95,,97.0,118.0,109.0,,107.0,107.25,8.831760866327848,6,2,24,1.2246467991473532e-16,-1.0,1,1.0
SKU024,2024-06-23,114,,95.0,97.0,104.0,,103.5,105.0,10.408329997330663,6,2,25,1.2246467991473532e-16,-1.0,1,1.0
SKU024,2024-06-30,105,,114.0,95.0,118.0,,106.0,106.0,11.690451944500122,6,2,26,1.2246467991473532e-16,-1.0,1,1.0
SKU024,2024-07-07,100,,105.0,114.0,97.0,,102.75,106.25,8.655441448399191,7,3,27,-0.4999999999999997,-0.8660254037844388,0,1.0
SKU024,2024-07-14,83,,100.0,105.0,95.0,,103.5,105.25,8.103497187428813,7,3,28,-0.4999999999999997,-0.8660254037844388,0,0.0
SKU024,2024-07-21,92,,83.0,100.0,114.0,,100.5,102.0,13.025615788386615,7,3,29,-0.4999999999999997,-0.8660254037844388,0,0.0
SKU024,2024-07-28,92,,92.0,83.0,105.0,,95.0,100.5,9.626352718795768,7,3,30,-0.4999999999999997,-0.8660254037844388,0,0.0
SKU024,2024-08-04,88,,92.0,92.0,100.0,,91.75,97.25,6.946221994724904,8,3,31,-0.8660254037844385,-0.5000000000000004,0,0.0
SKU024,2024-08-11,83,,88.0,92.0,83.0,,88.75,96.125,4.272001872658768,8,3,32,-0.8660254037844385,-0.5000000000000004,0,0.0
SKU024,2024-08-18,86,,83.0,88.0,92.0,,88.75,94.625,4.272001872658768,8,3,33,-0.8660254037844385,-0.5000000000000004,0,0.0
SKU024,2024-08-25,100,,86.0,83.0,92.0,,87.25,91.125,3.7749172176353785,8,3,34,-0.8660254037844385,-0.5000000000000004,0,0.0
SKU024,2024-09-01,88,,100.0,86.0,88.0,,89.25,90.5,7.455423082115015,9,3,35,-1.0,-1.8369701987210297e-16,1,0.0
SKU024,2024-09-08,84,,88.0,100.0,83.0,,89.25,89.0,7.455423082115015,9,3,36,-1.0,-1.8369701987210297e-16,1,1.0
SKU024,2024-09-15,83,,84.0,88.0,86.0,,89.5,89.125,7.18795288428261,9,3,37,-1.0,-1.8369701987210297e-16,1,1.0
SKU024,2024-09-22,72,,83.0,84.0,100.0,,88.75,88.0,7.804912982645398,9,3,38,-1.0,-1.8369701987210297e-16,1,1.0
SKU024,2024-09-29,85,,72.0,83.0,88.0,,81.75,85.5,6.849574196011507,9,3,39,-1.0,-1.8369701987210297e-16,1,1.0
SKU024,2024-10-06,83,,85.0,72.0,84.0,,81.0,85.125,6.055300708194985,10,4,40,-0.8660254037844386,0.5000000000000001,0,1.0
SKU024,2024-10-13,66,,83.0,85.0,83.0,,80.75,85.125,5.909032633745281,10,4,41,-0.8660254037844386,0.5000000000000001,0,0.0
SKU024,2024-10-20,72,,66.0,83.0,72.0,,76.5,82.625,9.036961141150641,10,4,42,-0.8660254037844386,0.5000000000000001,0,0.0
SKU024,2024-10-27,62,,72.0,66.0,85.0,,76.5,79.125,9.036961141150641,10,4,43,-0.8660254037844386,0.5000000000000001,0,0.0
SKU024,2024-11-03,86,,62.0,72.0,83.0,,70.75,75.875,9.142392101268321,11,4,44,-0.5000000000000004,0.8660254037844384,1,0.0
SKU024,2024-11-10,78,,86.0,62.0,66.0,,71.5,76.125,10.503967504392488,11,4,45,-0.5000000000000004,0.8660254037844384,1,1.0
SKU024,2024-11-17,72,,78.0,86.0,72.0,,74.5,75.5,10.11599393699568,11,4,46,-0.5000000000000004,0.8660254037844384,1,1.0
SKU024,2024-11-24,74,,72.0,78.0,62.0,,74.5,75.5,10.11599393699568,11,4,47,-0.5000000000000004,0.8660254037844384,1,1.0
SKU024,2024-12-01,65,,74.0,72.0,86.0,,77.5,74.125,6.191391873668906,12,4,48,-2.4492935982947064e-16,1.0,1,1.0
SKU024,2024-12-08,76,,65.0,74.0,78.0,,72.25,71.875,5.439056290693579,12,4,49,-2.4492935982947064e-16,1.0,0,1.0
SKU024,2024-12-15,101,,76.0,65.0,72.0,,71.75,73.125,4.787135538781698,12,4,50,-2.4492935982947064e-16,1.0,0,0.0
SKU024,2024-12-22,75,,101.0,76.0,74.0,,79.0,76.75,15.427248620541514,12,4,51,-2.4492935982947064e-16,1.0,0,0.0
SKU024,2024-12-29,71,,75.0,101.0,65.0,,79.25,78.375,15.326991442115009,12,4,52,-2.4492935982947064e-16,1.0,0,0.0
SKU024,2025-01-05,101,93.0,71.0,75.0,76.0,93.0,80.75,76.5,13.671747023210557,1,1,1,0.49999999999999994,0.8660254037844387,0,0.0
SKU024,2025-01-12,77,81.0,101.0,71.0,101.0,81.0,87.0,79.375,16.24807680927192,1,1,2,0.49999999999999994,0.8660254037844387,0,0.0
SKU024,2025-01-19,73,95.0,77.0,101.0,75.0,95.0,81.0,80.0,13.56465996625054,1,1,3,0.49999999999999994,0.8660254037844387,0,0.0
SKU024,2025-01-26,80,87.0,73.0,77.0,71.0,87.0,80.5,79.875,13.892443989449808,1,1,4,0.49999999999999994,0.8660254037844387,0,0.0
SKU024,2025-02-02,88,100.0,80.0,73.0,101.0,100.0,82.75,81.75,12.500000000000004,2,1,5,0.8660254037844386,0.5000000000000001,0,0.0
SKU024,2025-02-09,84,106.0,88.0,80.0,77.0,106.0,79.5,83.25,6.350852961085891,2,1,6,0.8660254037844386,0.5000000000000001,0,0.0
SKU024,2025-02-16,95,84.0,84.0,88.0,73.0,84.0,81.25,81.125,6.3966136874651705,2,1,7,0.8660254037844386,0.5000000000000001,0,0.0
SKU024,2025-02-23,91,90.0,95.0,84.0,80.0,90.0,86.75,83.625,6.3966136874651705,2,1,8,0.8660254037844386,0.5000000000000001,0,0.0
SKU024,2025-03-02,116,114.0,91.0,95.0,88.0,114.0,89.5,86.125,4.654746681256324,3,1,9,1.0,6.123233995736766e-17,1,0.0
SKU024,2025-03-09,104,115.0,116.0,91.0,84.0,115.0,96.5,88.0,13.771952173409067,3,1,10,1.0,6.123233995736766e-17,1,1.0
SKU024,2025-03-16,117,118.0,104.0,116.0,95.0,118.0,101.5,91.375,11.09053650640942,3,1,11,1.0,6.123233995736766e-17,1,1.0
SKU024,2025-03-23,141,111.0,117.0,104.0,91.0,111.0,107.0,96.875,12.192894105447923,3,1,12,1.0,6.123233995736766e-17,1,1.0
SKU024,2025-03-30,119,117.0,141.0,117.0,116.0,117.0,119.5,104.5,15.502687938977983,3,1,13,1.0,6.123233995736766e-17,1,1.0
SKU024,2025-04-06,116,95.0,119.0,141.0,104.0,95.0,120.25,108.375,15.348724159790399,4,2,14,0.8660254037844387,-0.4999999999999998,0,1.0
SKU024,2025-04-13,90,103.0,116.0,119.0,117.0,103.0,123.25,112.375,11.898879499067693,4,2,15,0.8660254037844387,-0.4999999999999998,0,0.0
SKU024,2025-04-20,110,113.0,90.0,116.0,141.0,113.0,116.5,111.75,20.8885933785244,4,2,16,0.8660254037844387,-0.4999999999999998,0,0.0
SKU024,2025-04-27,105,106.0,110.0,90.0,119.0,106.0,108.75,114.125,13.04798835069989,4,2,17,0.8660254037844387,-0.4999999999999998,0,0.0
SKU024,2025-05-04,108,103.0,105.0,110.0,116.0,103.0,105.25,112.75,11.116804097101529,5,2,18,0.49999999999999994,-0.8660254037844387,0,0.0
SKU024,2025-05-11,121,108.0,108.0,105.0,90.0,108.0,103.25,113.25,9.069178573608529,5,2,19,0.49999999999999994,-0.8660254037844387,0,0.0
SKU024,2025-05-18,88,109.0,121.0,108.0,110.0,109.0,111.0,113.75,6.976149845485447,5,2,20,0.49999999999999994,-0.8660254037844387,0,0.0
SKU024,2025-05-25,91,104.0,88.0,121.0,105.0,104.0,105.5,107.125,13.57694123627753,5,2,21,0.49999999999999994,-0.8660254037844387,0,0.0
SKU024,2025-06-01,97,118.0,91.0,88.0,108.0,118.0,102.0,103.625,15.42724862054151,6,2,22,1.2246467991473532e-16,-1.0,1,0.0
SKU024,2025-06-08,94,97.0,97.0,91.0,121.0,97.0,99.25,101.25,14.974979131871935,6,2,23,1.2246467991473532e-16,-1.0,1,1.0
SKU024,2025-06-15,105,95.0,94.0,97.0,88.0,95.0,92.5,101.75,3.872983346207407,6,2,24,1.2246467991473532e-16,-1.0,1,1.0
SKU024,2025-06-22,101,114.0,105.0,94.0,91.0,114.0,96.75,101.125,6.020797289396142,6,2,25,1.2246467991473532e-16,-1.0,1,1.0
SKU024,2025-06-29,107,105.0,101.0,105.0,97.0,105.0,99.25,100.625,4.787135538781682,6,2,26,1.2246467991473532e-16,-1.0,1,1.0
SKU024,2025-07-06,94,100.0,107.0,101.0,94.0,100.0,101.75,100.5,5.7373048260194945,7,3,27,-0.4999999999999997,-0.8660254037844388,0,1.0
SKU024,2025-07-13,79,83.0,94.0,107.0,105.0,83.0,101.75,97.125,5.7373048260194945,7,3,28,-0.4999999999999997,-0.8660254037844388,0,0.0
SKU024,2025-07-20,70,92.0,79.0,94.0,101.0,92.0,95.25,96.0,12.065791865158841,7,3,29,-0.4999999999999997,-0.8660254037844388,0,0.0
SKU024,2025-07-27,73,92.0,70.0,79.0,107.0,92.0,87.5,93.375,16.34013463836819,7,3,30,-0.4999999999999997,-0.8660254037844388,0,0.0
SKU024,2025-08-03,104,88.0,73.0,70.0,94.0,88.0,79.0,90.375,10.677078252031308,8,3,31,-0.8660254037844385,-0.5000000000000004,0,0.0
SKU024,2025-08-10,84,83.0,104.0,73.0,79.0,83.0,81.5,91.625,15.459624833740303,8,3,32,-0.8660254037844385,-0.5000000000000004,0,0.0
SKU024,2025-08-17,83,86.0,84.0,104.0,70.0,86.0,82.75,89.0,15.392097539538483,8,3,33,-0.8660254037844385,-0.5000000000000004,0,0.0
SKU024,2025-08-24,69,100.0,83.0,84.0,73.0,100.0,86.0,86.75,12.987173159185435,8,3,34,-0.8660254037844385,-0.5000000000000004,0,0.0
SKU024,2025-08-31,93,88.0,69.0,83.0,104.0,88.0,85.0,82.0,14.399074044303449,8,3,35,-0.8660254037844385,-0.5000000000000004,0,0.0
SKU024,2025-09-07,104,84.0,93.0,69.0,84.0,84.0,82.25,81.875,9.912113800799501,9,3,36,-1.0,-1.8369701987210297e-16,1,0.0
SKU024,2025-09-14,79,83.0,104.0,93.0,83.0,83.0,87.25,85.0,14.88567544095105,9,3,37,-1.0,-1.8369701987210297e-16,1,1.0
SKU024,2025-09-21,84,72.0,79.0,104.0,69.0,72.0,86.25,86.125,15.392097539538483,9,3,38,-1.0,-1.8369701987210297e-16,1,1.0
SKU024,2025-09-28,80,85.0,84.0,79.0,93.0,85.0,90.0,87.5,10.984838035522717,9,3,39,-1.0,-1.8369701987210297e-16,1,1.0
SKU024,2025-10-05,69,83.0,80.0,84.0,104.0,83.0,86.75,84.5,11.701139545645399,10,4,40,-0.8660254037844386,0.5000000000000001,0,1.0
SKU024,2025-10-12,65,66.0,69.0,80.0,79.0,66.0,78.0,82.625,6.377042156569658,10,4,41,-0.8660254037844386,0.5000000000000001,0,0.0
SKU024,2025-10-19,75,72.0,65.0,69.0,84.0,72.0,74.5,80.375,8.962886439832499,10,4,42,-0.8660254037844386,0.5000000000000001,0,0.0
SKU024,2025-10-26,82,62.0,75.0,65.0,80.0,62.0,72.25,81.125,6.6017674401127815,10,4,43,-0.8660254037844386,0.5000000000000001,0,0.0
SKU024,2025-11-02,83,86.0,82.0,75.0,69.0,86.0,72.75,79.75,7.410578025138565,11,4,44,-0.5000000000000004,0.8660254037844384,1,0.0
SKU024,2025-11-09,82,78.0,83.0,82.0,65.0,78.0,76.25,77.125,8.301606270274842,11,4,45,-0.5000000000000004,0.8660254037844384,1,1.0
SKU024,2025-11-16,82,72.0,82.0,83.0,75.0,72.0,80.5,77.5,3.6968455021364623,11,4,46,-0.5000000000000004,0.8660254037844384,1,1.0
SKU024,2025-11-23,80,74.0,82.0,82.0,82.0,74.0,82.25,77.25,0.4999999999999325,11,4,47,-0.5000000000000004,0.8660254037844384,1,1.0
SKU024,2025-11-30,76,65.0,80.0,82.0,83.0,65.0,81.75,77.25,1.2583057392117638,11,4,48,-0.5000000000000004,0.8660254037844384,1,1.0
SKU024,2025-12-07,93,76.0,76.0,80.0,82.0,76.0,80.0,78.125,2.828427124746176,12,4,49,-2.4492935982947064e-16,1.0,0,1.0
SKU024,2025-12-14,72,101.0,93.0,76.0,82.0,101.0,82.75,81.625,7.274384280931727,12,4,50,-2.4492935982947064e-16,1.0,0,0.0
SKU024,2025-12-21,85,75.0,72.0,93.0,80.0,75.0,80.25,81.25,9.105858919765152,12,4,51,-2.4492935982947064e-16,1.0,0,0.0
SKU024,2025-12-28,71,71.0,85.0,72.0,76.0,71.0,81.5,81.625,9.398581453247786,12,4,52,-2.4492935982947064e-16,1.0,0,0.0
SKU025,2024-01-07,14,,,,,,,,,1,1,1,0.49999999999999994,0.8660254037844387,0,
SKU025,2024-01-14,21,,14.0,,,,,,,1,1,2,0.49999999999999994,0.8660254037844387,0,0.0
SKU025,2024-01-21,16,,21.0,14.0,,,,,,1,1,3,0.49999999999999994,0.8660254037844387,0,0.0
SKU025,2024-01-28,24,,16.0,21.0,,,,,,1,1,4,0.49999999999999994,0.8660254037844387,0,0.0
SKU025,2024-02-04,18,,24.0,16.0,14.0,,18.75,,4.573474244670748,2,1,5,0.8660254037844386,0.5000000000000001,0,0.0
SKU025,2024-02-11,19,,18.0,24.0,21.0,,19.75,,3.5,2,1,6,0.8660254037844386,0.5000000000000001,0,0.0
SKU025,2024-02-18,18,,19.0,18.0,16.0,,19.25,,3.4034296427770228,2,1,7,0.8660254037844386,0.5000000000000001,0,0.0
SKU025,2024-02-25,23,,18.0,19.0,24.0,,19.75,,2.8722813232690148,2,1,8,0.8660254037844386,0.5000000000000001,0,0.0
SKU025,2024-03-03,25,,23.0,18.0,18.0,,19.5,19.125,2.3804761428476167,3,1,9,1.0,6.123233995736766e-17,1,0.0
SKU025,2024-03-10,22,,25.0,23.0,19.0,,21.25,20.5,3.304037933599835,3,1,10,1.0,6.123233995736766e-17,1,1.0
SKU025,2024-03-17,21,,22.0,25.0,18.0,,22.0,20.625,2.943920288775949,3,1,11,1.0,6.123233995736766e-17,1,1.0
SKU025,2024-03-24,27,,21.0,22.0,23.0,,22.75,21.25,1.7078251276599334,3,1,12,1.0,6.123233995736766e-17,1,1.0
SKU025,2024-03-31,31,,27.0,21.0,25.0,,23.75,21.625,2.753785273643051,3,1,13,1.0,6.123233995736766e-17,1,1.0
SKU025,2024-04-07,24,,31.0,27.0,22.0,,25.25,23.25,4.645786621588784,4,2,14,0.8660254037844387,-0.4999999999999998,0,1.0
SKU025,2024-04-14,19,,24.0,31.0,21.0,,25.75,23.875,4.272001872658765,4,2,15,0.8660254037844387,-0.4999999999999998,0,0.0
SKU025,2024-04-21,17,,19.0,24.0,27.0,,25.25,24.0,5.057996968497839,4,2,16,0.8660254037844387,-0.4999999999999998,0,0.0
SKU025,2024-04-28,28,,17.0,19.0,31.0,,22.75,23.25,6.238322424070968,4,2,17,0.8660254037844387,-0.4999999999999998,0,0.0
SKU025,2024-05-05,19,,28.0,17.0,24.0,,22.0,23.625,4.966554808583781,5,2,18,0.49999999999999994,-0.8660254037844387,0,0.0
SKU025,2024-05-12,20,,19.0,28.0,19.0,,20.75,23.25,4.924428900898053,5,2,19,0.49999999999999994,-0.8660254037844387,0,0.0
SKU025,2024-05-19,21,,20.0,19.0,17.0,,21.0,23.125,4.8304589153964805,5,2,20,0.49999999999999994,-0.8660254037844387,0,0.0
SKU025,2024-05-26,15,,21.0,20.0,28.0,,22.0,22.375,4.08248290463863,5,2,21,0.49999999999999994,-0.8660254037844387,0,0.0
SKU025,2024-06-02,16,,15.0,21.0,19.0,,18.75,20.375,2.6299556396765844,6,2,22,1.2246467991473532e-16,-1.0,1,0.0
SKU025,2024-06-09,21,,16.0,15.0,20.0,,18.0,19.375,2.94392028877595,6,2,23,1.2246467991473532e-16,-1.0,1,1.0
SKU025,2024-06-16,16,,21.0,16.0,21.0,,18.25,19.625,3.201562118716425,6,2,24,1.2246467991473532e-16,-1.0,1,1.0
SKU025,2024-06-23,18,,16.0,21.0,15.0,,17.0,19.5,2.708012801545321,6,2,25,1.2246467991473532e-16,-1.0,1,1.0
SKU025,2024-06-30,25,,18.0,16.0,16.0,,17.75,18.25,2.362907813126305,6,2,26,1.2246467991473532e-16,-1.0,1,1.0
SKU025,2024-07-07,24,,25.0,18.0,21.0,,20.0,19.0,3.9157800414902444,7,3,27,-0.4999999999999997,-0.8660254037844388,0,1.0
SKU025,2024-07-14,23,,24.0,25.0,16.0,,20.75,19.5,4.425306015783918,7,3,28,-0.4999999999999997,-0.8660254037844388,0,0.0
SKU025,2024-07-21,16,,23.0,24.0,18.0,,22.5,19.75,3.109126351029606,7,3,29,-0.4999999999999997,-0.8660254037844388,0,0.0
SKU025,2024-07-28,14,,16.0,23.0,25.0,,22.0,19.875,4.082482904638631,7,3,30,-0.4999999999999997,-0.8660254037844388,0,0.0
SKU025,2024-08-04,18,,14.0,16.0,24.0,,19.25,19.625,4.9916597106239795,8,3,31,-0.8660254037844385,-0.5000000000000004,0,0.0
SKU025,2024-08-11,17,,18.0,14.0,23.0,,17.75,19.25,3.862210075418824,8,3,32,-0.8660254037844385,-0.5000000000000004,0,0.0
SKU025,2024-08-18,17,,17.0,18.0,16.0,,16.25,19.375,1.7078251276599365,8,3,33,-0.8660254037844385,-0.5000000000000004,0,0.0
SKU025,2024-08-25,19,,17.0,17.0,14.0,,16.5,19.25,1.732050807568881,8,3,34,-0.8660254037844385,-0.5000000000000004,0,0.0
SKU025,2024-09-01,26,,19.0,17.0,18.0,,17.75,18.5,0.9574271077563454,9,3,35,-1.0,-1.8369701987210297e-16,1,0.0
SKU025,2024-09-08,16,,26.0,19.0,17.0,,19.75,18.75,4.272001872658767,9,3,36,-1.0,-1.8369701987210297e-16,1,1.0
SKU025,2024-09-15,17,,16.0,26.0,17.0,,19.5,17.875,4.509249752822896,9,3,37,-1.0,-1.8369701987210297e-16,1,1.0
SKU025,2024-09-22,15,,17.0,16.0,19.0,,19.5,18.0,4.509249752822896,9,3,38,-1.0,-1.8369701987210297e-16,1,1.0
SKU025,2024-09-29,12,,15.0,17.0,26.0,,18.5,18.125,5.0662280511902225,9,3,39,-1.0,-1.8369701987210297e-16,1,1.0
SKU025,2024-10-06,14,,12.0,15.0,16.0,,15.0,17.375,2.1602468994692887,10,4,40,-0.8660254037844386,0.5000000000000001,0,1.0
SKU025,2024-10-13,20,,14.0,12.0,17.0,,14.5,17.0,2.081665999466135,10,4,41,-0.8660254037844386,0.5000000000000001,0,0.0
SKU025,2024-10-20,26,,20.0,14.0,15.0,,15.25,17.375,3.403429642777024,10,4,42,-0.8660254037844386,0.5000000000000001,0,0.0
SKU025,2024-10-27,16,,26.0,20.0,12.0,,18.0,18.25,6.324555320336759,10,4,43,-0.8660254037844386,0.5000000000000001,0,0.0
SKU025,2024-11-03,21,,16.0,26.0,14.0,,19.0,17.0,5.291502622129182,11,4,44,-0.5000000000000004,0.8660254037844384,1,0.0
SKU025,2024-11-10,18,,21.0,16.0,20.0,,20.75,17.625,4.112987559751023,11,4,45,-0.5000000000000004,0.8660254037844384,1,1.0
SKU025,2024-11-17,17,,18.0,21.0,26.0,,20.25,17.75,4.349329450233297,11,4,46,-0.5000000000000004,0.8660254037844384,1,1.0
SKU025,2024-11-24,26,,17.0,18.0,16.0,,18.0,18.0,2.160246899469288,11,4,47,-0.5000000000000004,0.8660254037844384,1,1.0
SKU025,2024-12-01,5,,26.0,17.0,21.0,,20.5,19.75,4.041451884327381,12,4,48,-2.4492935982947064e-16,1.0,1,1.0
SKU025,2024-12-08,22,,5.0,26.0,18.0,,16.5,18.625,8.660254037844386,12,4,49,-2.4492935982947064e-16,1.0,0,1.0
SKU025,2024-12-15,24,,22.0,5.0,17.0,,17.5,18.875,9.110433579144297,12,4,50,-2.4492935982947064e-16,1.0,0,0.0
SKU025,2024-12-22,22,,24.0,22.0,26.0,,19.25,18.625,9.639329160614167,12,4,51,-2.4492935982947064e-16,1.0,0,0.0
SKU025,2024-12-29,16,,22.0,24.0,5.0,,18.25,19.375,8.883505314157619,12,4,52,-2.4492935982947064e-16,1.0,0,0.0
SKU025,2025-01-05,15,14.0,16.0,22.0,22.0,14.0,21.0,18.75,3.4641016151377517,1,1,1,0.49999999999999994,0.8660254037844387,0,0.0
SKU025,2025-01-12,21,21.0,15.0,16.0,24.0,21.0,19.25,18.375,4.425306015783916,1,1,2,0.49999999999999994,0.8660254037844387,0,0.0
SKU025,2025-01-19,12,16.0,21.0,15.0,22.0,16.0,18.5,18.875,3.5118845842842443,1,1,3,0.49999999999999994,0.8660254037844387,0,0.0
SKU025,2025-01-26,21,24.0,12.0,21.0,16.0,24.0,16.0,17.125,3.741657386773939,1,1,4,0.49999999999999994,0.8660254037844387,0,0.0
SKU025,2025-02-02,17,18.0,21.0,12.0,15.0,18.0,17.25,19.125,4.499999999999998,2,1,5,0.8660254037844386,0.5000000000000001,0,0.0
SKU025,2025-02-09,28,19.0,17.0,21.0,21.0,19.0,17.75,18.5,4.272001872658763,2,1,6,0.8660254037844386,0.5000000000000001,0,0.0
SKU025,2025-02-16,16,18.0,28.0,17.0,12.0,18.0,19.5,19.0,6.757711644237763,2,1,7,0.8660254037844386,0.5000000000000001,0,0.0
SKU025,2025-02-23,17,23.0,16.0,28.0,21.0,23.0,20.5,18.25,5.446711546122729,2,1,8,0.8660254037844386,0.5000000000000001,0,0.0
SKU025,2025-03-02,27,25.0,17.0,16.0,17.0,25.0,19.5,18.375,5.686240703077325,3,1,9,1.0,6.123233995736766e-17,1,0.0
SKU025,2025-03-09,20,22.0,27.0,17.0,28.0,22.0,22.0,19.875,6.3770421565696624,3,1,10,1.0,6.123233995736766e-17,1,1.0
SKU025,2025-03-16,16,21.0,20.0,27.0,16.0,21.0,20.0,19.75,4.966554808583779,3,1,11,1.0,6.123233995736766e-17,1,1.0
SKU025,2025-03-23,28,27.0,16.0,20.0,17.0,27.0,20.0,20.25,4.966554808583779,3,1,12,1.0,6.123233995736766e-17,1,1.0
SKU025,2025-03-30,27,31.0,28.0,16.0,27.0,31.0,22.75,21.125,5.737304826019501,3,1,13,1.0,6.123233995736766e-17,1,1.0
SKU025,2025-04-06,10,24.0,27.0,28.0,20.0,24.0,22.75,22.375,5.737304826019501,4,2,14,0.8660254037844387,-0.4999999999999998,0,1.0
SKU025,2025-04-13,26,19.0,10.0,27.0,16.0,19.0,20.25,20.125,8.73212459828649,4,2,15,0.8660254037844387,-0.4999999999999998,0,0.0
SKU025,2025-04-20,14,17.0,26.0,10.0,28.0,17.0,22.75,21.375,8.539125638299664,4,2,16,0.8660254037844387,-0.4999999999999998,0,0.0
SKU025,2025-04-27,16,28.0,14.0,26.0,27.0,28.0,19.25,21.0,8.539125638299664,4,2,17,0.8660254037844387,-0.4999999999999998,0,0.0
SKU025,2025-05-04,13,19.0,16.0,14.0,10.0,19.0,16.5,19.625,6.806859285554045,5,2,18,0.49999999999999994,-0.8660254037844387,0,0.0
SKU025,2025-05-11,16,20.0,13.0,16.0,26.0,20.0,17.25,18.75,5.965176722724426,5,2,19,0.49999999999999994,-0.8660254037844387,0,0.0
SKU025,2025-05-18,21,21.0,16.0,13.0,14.0,21.0,14.75,18.75,1.4999999999999971,5,2,20,0.49999999999999994,-0.8660254037844387,0,0.0
SKU025,2025-05-25,19,15.0,21.0,16.0,16.0,15.0,16.5,17.875,3.3166247903553985,5,2,21,0.49999999999999994,-0.8660254037844387,0,0.0
SKU025,2025-06-01,30,16.0,19.0,21.0,13.0,16.0,17.25,16.875,3.4999999999999982,6,2,22,1.2246467991473532e-16,-1.0,1,0.0
SKU025,2025-06-08,19,21.0,30.0,19.0,16.0,21.0,21.5,19.375,6.027713773341707,6,2,23,1.2246467991473532e-16,-1.0,1,1.0
SKU025,2025-06-15,23,16.0,19.0,30.0,21.0,16.0,22.25,18.5,5.251983752196242,6,2,24,1.2246467991473532e-16,-1.0,1,1.0
SKU025,2025-06-22,16,18.0,23.0,19.0,19.0,18.0,22.75,19.625,5.188127472091126,6,2,25,1.2246467991473532e-16,-1.0,1,1.0
SKU025,2025-06-29,25,25.0,16.0,23.0,30.0,25.0,22.0,19.625,6.055300708194982,6,2,26,1.2246467991473532e-16,-1.0,1,1.0
SKU025,2025-07-06,18,24.0,25.0,16.0,19.0,24.0,20.75,21.125,4.031128874149273,7,3,27,-0.4999999999999997,-0.8660254037844388,0,1.0
SKU025,2025-07-13,15,23.0,18.0,25.0,23.0,23.0,20.5,21.375,4.203173404306162,7,3,28,-0.4999999999999997,-0.8660254037844388,0,0.0
SKU025,2025-07-20,24,16.0,15.0,18.0,16.0,16.0,18.5,20.625,4.509249752822893,7,3,29,-0.4999999999999997,-0.8660254037844388,0,0.0
SKU025,2025-07-27,23,14.0,24.0,15.0,25.0,14.0,20.5,21.25,4.795831523312718,7,3,30,-0.4999999999999997,-0.8660254037844388,0,0.0
SKU025,2025-08-03,20,18.0,23.0,24.0,18.0,18.0,20.0,20.375,4.242640687119284,8,3,31,-0.8660254037844385,-0.5000000000000004,0,0.0
SKU025,2025-08-10,17,17.0,20.0,23.0,15.0,17.0,20.5,20.5,4.04145188432738,8,3,32,-0.8660254037844385,-0.5000000000000004,0,0.0
SKU025,2025-08-17,13,17.0,17.0,20.0,24.0,17.0,21.0,19.75,3.1622776601683777,8,3,33,-0.8660254037844385,-0.5000000000000004,0,0.0
SKU025,2025-08-24,18,19.0,13.0,17.0,23.0,19.0,18.25,19.375,4.272001872658764,8,3,34,-0.8660254037844385,-0.5000000000000004,0,0.0
SKU025,2025-08-31,22,26.0,18.0,13.0,20.0,26.0,17.0,18.5,2.9439202887759475,8,3,35,-0.8660254037844385,-0.5000000000000004,0,0.0
SKU025,2025-09-07,17,16.0,22.0,18.0,17.0,16.0,17.5,19.0,3.6968455021364712,9,3,36,-1.0,-1.8369701987210297e-16,1,0.0
SKU025,2025-09-14,16,17.0,17.0,22.0,13.0,17.0,17.5,19.25,3.6968455021364712,9,3,37,-1.0,-1.8369701987210297e-16,1,1.0
SKU025,2025-09-21,16,15.0,16.0,17.0,18.0,15.0,18.25,18.25,2.6299556396765817,9,3,38,-1.0,-1.8369701987210297e-16,1,1.0
SKU025,2025-09-28,21,12.0,16.0,16.0,22.0,12.0,17.75,17.375,2.872281323269013,9,3,39,-1.0,-1.8369701987210297e-16,1,1.0
SKU025,2025-10-05,12,14.0,21.0,16.0,17.0,14.0,17.5,17.5,2.3804761428476144,10,4,40,-0.8660254037844386,0.5000000000000001,0,1.0
SKU025,2025-10-12,13,20.0,12.0,21.0,16.0,20.0,16.25,16.875,3.6855573979159955,10,4,41,-0.8660254037844386,0.5000000000000001,0,0.0
SKU025,2025-10-19,17,26.0,13.0,12.0,16.0,26.0,15.5,16.875,4.041451884327379,10,4,42,-0.8660254037844386,0.5000000000000001,0,0.0
SKU025,2025-10-26,17,16.0,17.0,13.0,21.0,16.0,15.75,16.75,4.11298755975102,10,4,43,-0.8660254037844386,0.5000000000000001,0,0.0
SKU025,2025-11-02,20,21.0,17.0,17.0,12.0,21.0,14.75,16.125,2.629955639676581,11,4,44,-0.5000000000000004,0.8660254037844384,1,0.0
SKU025,2025-11-09,18,18.0,20.0,17.0,13.0,18.0,16.75,16.5,2.8722813232690125,11,4,45,-0.5000000000000004,0.8660254037844384,1,1.0
SKU025,2025-11-16,18,17.0,18.0,20.0,17.0,17.0,18.0,16.75,1.4142135623730914,11,4,46,-0.5000000000000004,0.8660254037844384,1,1.0
SKU025,2025-11-23,12,26.0,18.0,18.0,17.0,26.0,18.25,17.0,1.2583057392117876,11,4,47,-0.5000000000000004,0.8660254037844384,1,1.0
SKU025,2025-11-30,9,5.0,12.0,18.0,20.0,5.0,17.0,15.875,3.4641016151377535,11,4,48,-0.5000000000000004,0.8660254037844384,1,1.0
SKU025,2025-12-07,18,22.0,9.0,12.0,18.0,22.0,14.25,15.5,4.499999999999999,12,4,49,-2.4492935982947064e-16,1.0,0,1.0
SKU025,2025-12-14,13,24.0,18.0,9.0,18.0,24.0,14.25,16.125,4.499999999999999,12,4,50,-2.4492935982947064e-16,1.0,0,0.0
SKU025,2025-12-21,14,22.0,13.0,18.0,12.0,22.0,13.0,15.625,3.7416573867739404,12,4,51,-2.4492935982947064e-16,1.0,0,0.0
SKU025,2025-12-28,16,16.0,14.0,13.0,9.0,16.0,13.5,15.25,3.6968455021364712,12,4,52,-2.4492935982947064e-16,1.0,0,0.0
SKU026,2024-01-07,166,,,,,,,,,1,1,1,0.49999999999999994,0.8660254037844387,0,
SKU026,2024-01-14,156,,166.0,,,,,,,1,1,2,0.49999999999999994,0.8660254037844387,0,0.0
SKU026,2024-01-21,152,,156.0,166.0,,,,,,1,1,3,0.49999999999999994,0.8660254037844387,0,0.0
SKU026,2024-01-28,150,,152.0,156.0,,,,,,1,1,4,0.49999999999999994,0.8660254037844387,0,0.0
SKU026,2024-02-04,158,,150.0,152.0,166.0,,156.0,,7.118052168020874,2,1,5,0.8660254037844386,0.5000000000000001,0,0.0
SKU026,2024-02-11,195,,158.0,150.0,156.0,,154.0,,3.651483716701105,2,1,6,0.8660254037844386,0.5000000000000001,0,0.0
SKU026,2024-02-18,169,,195.0,158.0,152.0,,163.75,,21.108844907605278,2,1,7,0.8660254037844386,0.5000000000000001,0,0.0
SKU026,2024-02-25,171,,169.0,195.0,150.0,,168.0,,19.61292091114086,2,1,8,0.8660254037844386,0.5000000000000001,0,0.0
SKU026,2024-03-03,161,,171.0,169.0,158.0,,173.25,164.625,15.585784121008045,3,1,9,1.0,6.123233995736766e-17,1,0.0
SKU026,2024-03-10,189,,161.0,171.0,195.0,,174.0,164.0,14.651507317223935,3,1,10,1.0,6.123233995736766e-17,1,1.0
SKU026,2024-03-17,222,,189.0,161.0,169.0,,172.5,168.125,11.818065267490551,3,1,11,1.0,6.123233995736766e-17,1,1.0
SKU026,2024-03-24,202,,222.0,189.0,171.0,,185.75,176.875,26.800186566514792,3,1,12,1.0,6.123233995736766e-17,1,1.0
SKU026,2024-03-31,179,,202.0,222.0,161.0,,193.5,183.375,25.566905692059546,3,1,13,1.0,6.123233995736766e-17,1,1.0
SKU026,2024-04-07,159,,179.0,202.0,189.0,,198.0,186.0,18.565200420859092,4,2,14,0.8660254037844387,-0.4999999999999998,0,1.0
SKU026,2024-04-14,196,,159.0,179.0,222.0,,190.5,181.5,27.380041392712805,4,2,15,0.8660254037844387,-0.4999999999999998,0,0.0
SKU026,2024-04-21,181,,196.0,159.0,202.0,,184.0,184.875,19.30457631409368,4,2,16,0.8660254037844387,-0.4999999999999998,0,0.0
SKU026,2024-04-28,186,,181.0,196.0,179.0,,178.75,186.125,15.195942440884233,4,2,17,0.8660254037844387,-0.4999999999999998,0,0.0
SKU026,2024-05-05,174,,186.0,181.0,159.0,,180.5,189.25,15.631165450257807,5,2,18,0.49999999999999994,-0.8660254037844387,0,0.0
SKU026,2024-05-12,190,,174.0,186.0,196.0,,184.25,187.375,9.25112605758528,5,2,19,0.49999999999999994,-0.8660254037844387,0,0.0
SKU026,2024-05-19,162,,190.0,174.0,181.0,,182.75,183.375,6.898067362191629,5,2,20,0.49999999999999994,-0.8660254037844387,0,0.0
SKU026,2024-05-26,180,,162.0,190.0,186.0,,178.0,178.375,12.64911064067352,5,2,21,0.49999999999999994,-0.8660254037844387,0,0.0
SKU026,2024-06-02,201,,180.0,162.0,174.0,,176.5,178.5,11.70469991071963,6,2,22,1.2246467991473532e-16,-1.0,1,0.0
SKU026,2024-06-09,183,,201.0,180.0,190.0,,183.25,183.75,16.560495161679196,6,2,23,1.2246467991473532e-16,-1.0,1,1.0
SKU026,2024-06-16,175,,183.0,201.0,162.0,,181.5,182.125,15.968719422671313,6,2,24,1.2246467991473532e-16,-1.0,1,1.0
SKU026,2024-06-23,211,,175.0,183.0,180.0,,184.75,181.375,11.324751652906127,6,2,25,1.2246467991473532e-16,-1.0,1,1.0
SKU026,2024-06-30,182,,211.0,175.0,201.0,,192.5,184.5,16.441816606851365,6,2,26,1.2246467991473532e-16,-1.0,1,1.0
SKU026,2024-07-07,163,,182.0,211.0,183.0,,187.75,185.5,15.903353943953665,7,3,27,-0.4999999999999997,-0.8660254037844388,0,1.0
SKU026,2024-07-14,138,,163.0,182.0,175.0,,182.75,182.125,20.402205763103165,7,3,28,-0.4999999999999997,-0.8660254037844388,0,0.0
SKU026,2024-07-21,157,,138.0,163.0,211.0,,173.5,179.125,30.81666215972565,7,3,29,-0.4999999999999997,-0.8660254037844388,0,0.0
SKU026,2024-07-28,137,,157.0,138.0,182.0,,160.0,176.25,18.12916618784953,7,3,30,-0.4999999999999997,-0.8660254037844388,0,0.0
SKU026,2024-08-04,144,,137.0,157.0,163.0,,148.75,168.25,13.225606476327147,8,3,31,-0.8660254037844385,-0.5000000000000004,0,0.0
SKU026,2024-08-11,138,,144.0,137.0,138.0,,144.0,163.375,9.201449161228169,8,3,32,-0.8660254037844385,-0.5000000000000004,0,0.0
SKU026,2024-08-18,138,,138.0,144.0,157.0,,144.0,158.75,9.201449161228169,8,3,33,-0.8660254037844385,-0.5000000000000004,0,0.0
SKU026,2024-08-25,144,,138.0,138.0,137.0,,139.25,149.625,3.2015621187164056,8,3,34,-0.8660254037844385,-0.5000000000000004,0,0.0
SKU026,2024-09-01,129,,144.0,138.0,144.0,,141.0,144.875,3.464101615137737,9,3,35,-1.0,-1.8369701987210297e-16,1,0.0
SKU026,2024-09-08,146,,129.0,144.0,138.0,,137.25,140.625,6.184658438426481,9,3,36,-1.0,-1.8369701987210297e-16,1,1.0
SKU026,2024-09-15,143,,146.0,129.0,138.0,,139.25,141.625,7.6321687612368665,9,3,37,-1.0,-1.8369701987210297e-16,1,1.0
SKU026,2024-09-22,120,,143.0,146.0,144.0,,140.5,139.875,7.767453465154022,9,3,38,-1.0,-1.8369701987210297e-16,1,1.0
SKU026,2024-09-29,129,,120.0,143.0,129.0,,134.5,137.75,12.179217270963404,9,3,39,-1.0,-1.8369701987210297e-16,1,1.0
SKU026,2024-10-06,131,,129.0,120.0,146.0,,134.5,135.875,12.179217270963404,10,4,40,-0.8660254037844386,0.5000000000000001,0,1.0
SKU026,2024-10-13,145,,131.0,129.0,143.0,,130.75,135.0,9.46484724300045,10,4,41,-0.8660254037844386,0.5000000000000001,0,0.0
SKU026,2024-10-20,141,,145.0,131.0,120.0,,131.25,135.875,10.340051579497395,10,4,42,-0.8660254037844386,0.5000000000000001,0,0.0
SKU026,2024-10-27,137,,141.0,145.0,129.0,,136.5,135.5,7.724420150837638,10,4,43,-0.8660254037844386,0.5000000000000001,0,0.0
SKU026,2024-11-03,130,,137.0,141.0,131.0,,138.5,136.5,5.97215762238963,11,4,44,-0.5000000000000004,0.8660254037844384,1,0.0
SKU026,2024-11-10,127,,130.0,137.0,145.0,,138.25,134.5,6.396613687465154,11,4,45,-0.5000000000000004,0.8660254037844384,1,1.0
SKU026,2024-11-17,156,,127.0,130.0,141.0,,133.75,132.5,6.396613687465154,11,4,46,-0.5000000000000004,0.8660254037844384,1,1.0
SKU026,2024-11-24,124,,156.0,127.0,137.0,,137.5,137.0,13.02561578838661,11,4,47,-0.5000000000000004,0.8660254037844384,1,1.0
SKU026,2024-12-01,116,,124.0,156.0,130.0,,134.25,136.375,14.705441169852737,12,4,48,-2.4492935982947064e-16,1.0,1,1.0
SKU026,2024-12-08,162,,116.0,124.0,127.0,,130.75,134.5,17.46186320719145,12,4,49,-2.4492935982947064e-16,1.0,0,1.0
SKU026,2024-12-15,148,,162.0,116.0,156.0,,139.5,136.625,22.883764259113192,12,4,50,-2.4492935982947064e-16,1.0,0,0.0
SKU026,2024-12-22,131,,148.0,162.0,124.0,,137.5,137.5,21.252450839060103,12,4,51,-2.4492935982947064e-16,1.0,0,0.0
SKU026,2024-12-29,145,,131.0,148.0,116.0,,139.25,136.75,20.022903552348907,12,4,52,-2.4492935982947064e-16,1.0,0,0.0
SKU026,2025-01-05,147,166.0,145.0,131.0,162.0,166.0,146.5,138.625,12.71482074850709,1,1,1,0.49999999999999994,0.8660254037844387,0,0.0
SKU026,2025-01-12,165,156.0,147.0,145.0,148.0,156.0,142.75,141.125,7.932002689527183,1,1,2,0.49999999999999994,0.8660254037844387,0,0.0
SKU026,2025-01-19,136,152.0,165.0,147.0,131.0,152.0,147.0,142.25,13.952299690970893,1,1,3,0.49999999999999994,0.8660254037844387,0,0.0
SKU026,2025-01-26,165,150.0,136.0,165.0,145.0,150.0,148.25,143.75,12.148388096094607,1,1,4,0.49999999999999994,0.8660254037844387,0,0.0
SKU026,2025-02-02,161,158.0,165.0,136.0,147.0,158.0,153.25,149.875,14.291605927956445,2,1,5,0.8660254037844386,0.5000000000000001,0,0.0
SKU026,2025-02-09,170,195.0,161.0,165.0,165.0,195.0,156.75,149.75,13.961255912942303,2,1,6,0.8660254037844386,0.5000000000000001,0,0.0
SKU026,2025-02-16,166,169.0,170.0,161.0,136.0,169.0,158.0,152.5,15.121728296285,2,1,7,0.8660254037844386,0.5000000000000001,0,0.0
SKU026,2025-02-23,177,171.0,166.0,170.0,165.0,171.0,165.5,156.875,3.6968455021364295,2,1,8,0.8660254037844386,0.5000000000000001,0,0.0
SKU026,2025-03-02,169,161.0,177.0,166.0,161.0,161.0,168.5,160.875,6.757711644237743,3,1,9,1.0,6.123233995736766e-17,1,0.0
SKU026,2025-03-09,173,189.0,169.0,177.0,170.0,189.0,170.5,163.625,4.654746681256284,3,1,10,1.0,6.123233995736766e-17,1,1.0
SKU026,2025-03-16,197,222.0,173.0,169.0,166.0,222.0,171.25,164.625,4.787135538781662,3,1,11,1.0,6.123233995736766e-17,1,1.0
SKU026,2025-03-23,207,202.0,197.0,173.0,177.0,202.0,179.0,172.25,12.43650540411841,3,1,12,1.0,6.123233995736766e-17,1,1.0
SKU026,2025-03-30,202,179.0,207.0,197.0,169.0,179.0,186.5,177.5,18.430047929038775,3,1,13,1.0,6.123233995736766e-17,1,1.0
SKU026,2025-04-06,174,159.0,202.0,207.0,173.0,159.0,194.75,182.625,15.06375340566442,4,2,14,0.8660254037844387,-0.4999999999999998,0,1.0
SKU026,2025-04-13,195,196.0,174.0,202.0,197.0,196.0,195.0,183.125,14.583095236151562,4,2,15,0.8660254037844387,-0.4999999999999998,0,0.0
SKU026,2025-04-20,160,181.0,195.0,174.0,207.0,181.0,194.5,186.75,14.52583904633394,4,2,16,0.8660254037844387,-0.4999999999999998,0,0.0
SKU026,2025-04-27,189,186.0,160.0,195.0,202.0,186.0,182.75,184.625,19.276496915501355,4,2,17,0.8660254037844387,-0.4999999999999998,0,0.0
SKU026,2025-05-04,179,174.0,189.0,160.0,174.0,174.0,179.5,187.125,15.716233645501708,5,2,18,0.49999999999999994,-0.8660254037844387,0,0.0
SKU026,2025-05-11,177,190.0,179.0,189.0,195.0,190.0,180.75,187.875,15.326991442115004,5,2,19,0.49999999999999994,-0.8660254037844387,0,0.0
SKU026,2025-05-18,184,162.0,177.0,179.0,160.0,162.0,176.25,185.375,12.038133853162895,5,2,20,0.49999999999999994,-0.8660254037844387,0,0.0
SKU026,2025-05-25,177,180.0,184.0,177.0,189.0,180.0,182.25,182.5,5.37742193496722,5,2,21,0.49999999999999994,-0.8660254037844387,0,0.0
SKU026,2025-06-01,206,201.0,177.0,184.0,179.0,201.0,179.25,179.375,3.3040379335998247,6,2,22,1.2246467991473532e-16,-1.0,1,0.0
SKU026,2025-06-08,199,183.0,206.0,177.0,177.0,183.0,186.0,183.375,13.735598518691006,6,2,23,1.2246467991473532e-16,-1.0,1,1.0
SKU026,2025-06-15,201,175.0,199.0,206.0,184.0,175.0,191.5,183.875,13.329166015421466,6,2,24,1.2246467991473532e-16,-1.0,1,1.0
SKU026,2025-06-22,171,211.0,201.0,199.0,177.0,211.0,195.75,189.0,12.841988423397154,6,2,25,1.2246467991473532e-16,-1.0,1,1.0
SKU026,2025-06-29,161,182.0,171.0,201.0,206.0,182.0,194.25,186.75,15.777093099385151,6,2,26,1.2246467991473532e-16,-1.0,1,1.0
SKU026,2025-07-06,150,163.0,161.0,171.0,199.0,163.0,183.0,184.5,20.06655592438988,7,3,27,-0.4999999999999997,-0.8660254037844388,0,1.0
SKU026,2025-07-13,153,138.0,150.0,161.0,201.0,138.0,170.75,181.125,21.91460700081112,7,3,28,-0.4999999999999997,-0.8660254037844388,0,0.0
SKU026,2025-07-20,155,157.0,153.0,150.0,171.0,157.0,158.75,177.25,9.394147114027952,7,3,29,-0.4999999999999997,-0.8660254037844388,0,0.0
SKU026,2025-07-27,173,137.0,155.0,153.0,161.0,137.0,154.75,174.5,4.645786621588748,7,3,30,-0.4999999999999997,-0.8660254037844388,0,0.0
SKU026,2025-08-03,156,144.0,173.0,155.0,150.0,144.0,157.75,170.375,10.372238588334392,8,3,31,-0.8660254037844385,-0.5000000000000004,0,0.0
SKU026,2025-08-10,150,138.0,156.0,173.0,153.0,138.0,159.25,165.0,9.25112605758526,8,3,32,-0.8660254037844385,-0.5000000000000004,0,0.0
SKU026,2025-08-17,128,138.0,150.0,156.0,155.0,138.0,158.5,158.625,10.016652800877797,8,3,33,-0.8660254037844385,-0.5000000000000004,0,0.0
SKU026,2025-08-24,123,144.0,128.0,150.0,173.0,144.0,151.75,153.25,18.5898717944297,8,3,34,-0.8660254037844385,-0.5000000000000004,0,0.0
SKU026,2025-08-31,129,129.0,123.0,128.0,156.0,129.0,139.25,148.5,16.19413474070163,8,3,35,-0.8660254037844385,-0.5000000000000004,0,0.0
SKU026,2025-09-07,153,146.0,129.0,123.0,150.0,146.0,132.5,145.875,11.958260743101377,9,3,36,-1.0,-1.8369701987210297e-16,1,0.0
SKU026,2025-09-14,124,143.0,153.0,129.0,128.0,143.0,133.25,145.875,13.425721582097532,9,3,37,-1.0,-1.8369701987210297e-16,1,1.0
SKU026,2025-09-21,138,120.0,124.0,153.0,123.0,120.0,132.25,142.0,14.080127840328704,9,3,38,-1.0,-1.8369701987210297e-16,1,1.0
SKU026,2025-09-28,132,129.0,138.0,124.0,129.0,129.0,136.0,137.625,12.727922061357834,9,3,39,-1.0,-1.8369701987210297e-16,1,1.0
SKU026,2025-10-05,114,131.0,132.0,138.0,153.0,131.0,136.75,134.625,12.25765067213124,10,4,40,-0.8660254037844386,0.5000000000000001,0,1.0
SKU026,2025-10-12,135,145.0,114.0,132.0,124.0,145.0,127.0,130.125,10.39230484541324,10,4,41,-0.8660254037844386,0.5000000000000001,0,0.0
SKU026,2025-10-19,138,141.0,135.0,114.0,138.0,141.0,129.75,131.0,10.781929326423889,10,4,42,-0.8660254037844386,0.5000000000000001,0,0.0
SKU026,2025-10-26,124,137.0,138.0,135.0,132.0,137.0,129.75,132.875,10.781929326423889,10,4,43,-0.8660254037844386,0.5000000000000001,0,0.0
SKU026,2025-11-02,141,130.0,124.0,138.0,114.0,130.0,127.75,132.25,10.965856099730631,11,4,44,-0.5000000000000004,0.8660254037844384,1,0.0
SKU026,2025-11-09,127,127.0,141.0,124.0,135.0,127.0,134.5,130.75,7.416198487095626,11,4,45,-0.5000000000000004,0.8660254037844384,1,1.0
SKU026,2025-11-16,130,156.0,127.0,141.0,138.0,156.0,132.5,131.125,8.266397845091465,11,4,46,-0.5000000000000004,0.8660254037844384,1,1.0
SKU026,2025-11-23,128,124.0,130.0,127.0,124.0,124.0,130.5,130.125,7.416198487095626,11,4,47,-0.5000000000000004,0.8660254037844384,1,1.0
SKU026,2025-11-30,126,116.0,128.0,130.0,141.0,116.0,131.5,129.625,6.454972243678986,11,4,48,-0.5000000000000004,0.8660254037844384,1,1.0
SKU026,2025-12-07,157,162.0,126.0,128.0,127.0,162.0,127.75,131.125,1.7078251276597853,12,4,49,-2.4492935982947064e-16,1.0,0,1.0
SKU026,2025-12-14,128,148.0,157.0,126.0,130.0,148.0,135.25,133.875,14.591664287073842,12,4,50,-2.4492935982947064e-16,1.0,0,0.0
SKU026,2025-12-21,156,131.0,128.0,157.0,128.0,131.0,134.75,132.625,14.863265679744346,12,4,51,-2.4492935982947064e-16,1.0,0,0.0
SKU026,2025-12-28,135,145.0,156.0,128.0,126.0,145.0,141.75,136.625,17.056279391082516,12,4,52,-2.4492935982947064e-16,1.0,0,0.0
SKU027,2024-01-07,162,,,,,,,,,1,1,1,0.49999999999999994,0.8660254037844387,0,
SKU027,2024-01-14,170,,162.0,,,,,,,1,1,2,0.49999999999999994,0.8660254037844387,0,0.0
SKU027,2024-01-21,170,,170.0,162.0,,,,,,1,1,3,0.49999999999999994,0.8660254037844387,0,0.0
SKU027,2024-01-28,145,,170.0,170.0,,,,,,1,1,4,0.49999999999999994,0.8660254037844387,0,0.0
SKU027,2024-02-04,182,,145.0,170.0,162.0,,161.75,,11.786291472158098,2,1,5,0.8660254037844386,0.5000000000000001,0,0.0
SKU027,2024-02-11,188,,182.0,145.0,170.0,,166.75,,15.564382416273384,2,1,6,0.8660254037844386,0.5000000000000001,0,0.0
SKU027,2024-02-18,177,,188.0,182.0,170.0,,171.25,,19.032866310674287,2,1,7,0.8660254037844386,0.5000000000000001,0,0.0
SKU027,2024-02-25,158,,177.0,188.0,145.0,,173.0,,19.200694431886227,2,1,8,0.8660254037844386,0.5000000000000001,0,0.0
SKU027,2024-03-03,188,,158.0,177.0,182.0,,176.25,169.0,12.971121771072854,3,1,9,1.0,6.123233995736766e-17,1,0.0
SKU027,2024-03-10,212,,188.0,158.0,188.0,,177.75,172.25,14.150971698084911,3,1,10,1.0,6.123233995736766e-17,1,1.0
SKU027,2024-03-17,214,,212.0,188.0,177.0,,183.75,177.5,22.544400635190993,3,1,11,1.0,6.123233995736766e-17,1,1.0
SKU027,2024-03-24,195,,214.0,212.0,158.0,,193.0,183.0,26.153393661244042,3,1,12,1.0,6.123233995736766e-17,1,1.0
SKU027,2024-03-31,195,,195.0,214.0,188.0,,202.25,189.25,12.763881332363864,3,1,13,1.0,6.123233995736766e-17,1,1.0
SKU027,2024-04-07,200,,195.0,195.0,212.0,,204.0,190.875,10.424330514074597,4,2,14,0.8660254037844387,-0.4999999999999998,0,1.0
SKU027,2024-04-14,181,,200.0,195.0,214.0,,201.0,192.375,8.981462390204992,4,2,15,0.8660254037844387,-0.4999999999999998,0,0.0
SKU027,2024-04-21,185,,181.0,200.0,195.0,,192.75,192.875,8.180260794538686,4,2,16,0.8660254037844387,-0.4999999999999998,0,0.0
SKU027,2024-04-28,205,,185.0,181.0,195.0,,190.25,196.25,8.770214744615249,4,2,17,0.8660254037844387,-0.4999999999999998,0,0.0
SKU027,2024-05-05,188,,205.0,185.0,200.0,,192.75,198.375,11.557825631723876,5,2,18,0.49999999999999994,-0.8660254037844387,0,0.0
SKU027,2024-05-12,194,,188.0,205.0,181.0,,189.75,195.375,10.563301251660555,5,2,19,0.49999999999999994,-0.8660254037844387,0,0.0
SKU027,2024-05-19,196,,194.0,188.0,185.0,,193.0,192.875,8.831760866327855,5,2,20,0.49999999999999994,-0.8660254037844387,0,0.0
SKU027,2024-05-26,193,,196.0,194.0,205.0,,195.75,193.0,7.04154339142588,5,2,21,0.49999999999999994,-0.8660254037844387,0,0.0
SKU027,2024-06-02,210,,193.0,196.0,188.0,,192.75,192.75,3.4034296427770405,6,2,22,1.2246467991473532e-16,-1.0,1,0.0
SKU027,2024-06-09,179,,210.0,193.0,194.0,,198.25,194.0,7.9320026895272004,6,2,23,1.2246467991473532e-16,-1.0,1,1.0
SKU027,2024-06-16,219,,179.0,210.0,196.0,,194.5,193.75,12.714820748507103,6,2,24,1.2246467991473532e-16,-1.0,1,1.0
SKU027,2024-06-23,200,,219.0,179.0,193.0,,200.25,198.0,17.802153427792568,6,2,25,1.2246467991473532e-16,-1.0,1,1.0
SKU027,2024-06-30,178,,200.0,219.0,210.0,,202.0,197.375,17.185265006200325,6,2,26,1.2246467991473532e-16,-1.0,1,1.0
SKU027,2024-07-07,149,,178.0,200.0,179.0,,194.0,196.125,19.5106808355492,7,3,27,-0.4999999999999997,-0.8660254037844388,0,1.0
SKU027,2024-07-14,168,,149.0,178.0,219.0,,186.5,190.5,30.09429624807111,7,3,28,-0.4999999999999997,-0.8660254037844388,0,0.0
SKU027,2024-07-21,167,,168.0,149.0,200.0,,173.75,187.0,21.234798484249072,7,3,29,-0.4999999999999997,-0.8660254037844388,0,0.0
SKU027,2024-07-28,154,,167.0,168.0,178.0,,165.5,183.75,12.069244660154448,7,3,30,-0.4999999999999997,-0.8660254037844388,0,0.0
SKU027,2024-08-04,151,,154.0,167.0,149.0,,159.5,176.75,9.469248474227864,8,3,31,-0.8660254037844385,-0.5000000000000004,0,0.0
SKU027,2024-08-11,149,,151.0,154.0,168.0,,160.0,173.25,8.755950357709136,8,3,32,-0.8660254037844385,-0.5000000000000004,0,0.0
SKU027,2024-08-18,158,,149.0,151.0,167.0,,155.25,164.5,8.098353742170902,8,3,33,-0.8660254037844385,-0.5000000000000004,0,0.0
SKU027,2024-08-25,165,,158.0,149.0,154.0,,153.0,159.25,3.915780041490259,8,3,34,-0.8660254037844385,-0.5000000000000004,0,0.0
SKU027,2024-09-01,154,,165.0,158.0,151.0,,155.75,157.625,7.274384280931742,9,3,35,-1.0,-1.8369701987210297e-16,1,0.0
SKU027,2024-09-08,127,,154.0,165.0,149.0,,156.5,158.25,6.757711644237776,9,3,36,-1.0,-1.8369701987210297e-16,1,1.0
SKU027,2024-09-15,134,,127.0,154.0,158.0,,151.0,153.125,16.633299933166203,9,3,37,-1.0,-1.8369701987210297e-16,1,1.0
SKU027,2024-09-22,143,,134.0,127.0,165.0,,145.0,149.0,17.56891193747259,9,3,38,-1.0,-1.8369701987210297e-16,1,1.0
SKU027,2024-09-29,156,,143.0,134.0,154.0,,139.5,147.625,11.676186592091337,9,3,39,-1.0,-1.8369701987210297e-16,1,1.0
SKU027,2024-10-06,126,,156.0,143.0,127.0,,140.0,148.25,12.516655570345732,10,4,40,-0.8660254037844386,0.5000000000000001,0,1.0
SKU027,2024-10-13,126,,126.0,156.0,134.0,,139.75,145.375,12.867918764638418,10,4,41,-0.8660254037844386,0.5000000000000001,0,0.0
SKU027,2024-10-20,121,,126.0,126.0,143.0,,137.75,141.375,14.56880228433347,10,4,42,-0.8660254037844386,0.5000000000000001,0,0.0
SKU027,2024-10-27,151,,121.0,126.0,156.0,,132.25,135.875,16.00781059358213,10,4,43,-0.8660254037844386,0.5000000000000001,0,0.0
SKU027,2024-11-03,138,,151.0,121.0,126.0,,131.0,135.5,13.540064007726606,11,4,44,-0.5000000000000004,0.8660254037844384,1,0.0
SKU027,2024-11-10,143,,138.0,151.0,126.0,,134.0,136.875,13.391539617733784,11,4,45,-0.5000000000000004,0.8660254037844384,1,1.0
SKU027,2024-11-17,153,,143.0,138.0,121.0,,138.25,138.0,12.685293322058694,11,4,46,-0.5000000000000004,0.8660254037844384,1,1.0
SKU027,2024-11-24,163,,153.0,143.0,151.0,,146.25,139.25,6.994045086119112,11,4,47,-0.5000000000000004,0.8660254037844384,1,1.0
SKU027,2024-12-01,152,,163.0,153.0,138.0,,149.25,140.125,11.086778913041737,12,4,48,-2.4492935982947064e-16,1.0,1,1.0
SKU027,2024-12-08,153,,152.0,163.0,143.0,,152.75,143.375,8.1802607945387,12,4,49,-2.4492935982947064e-16,1.0,0,1.0
SKU027,2024-12-15,154,,153.0,152.0,153.0,,155.25,146.75,5.1881274720911525,12,4,50,-2.4492935982947064e-16,1.0,0,0.0
SKU027,2024-12-22,133,,154.0,153.0,163.0,,155.5,150.875,5.066228051190247,12,4,51,-2.4492935982947064e-16,1.0,0,0.0
SKU027,2024-12-29,172,,133.0,154.0,152.0,,148.0,148.625,10.033277962194953,12,4,52,-2.4492935982947064e-16,1.0,0,0.0
SKU027,2025-01-05,185,162.0,172.0,133.0,153.0,162.0,153.0,152.875,15.937377450509237,1,1,1,0.49999999999999994,0.8660254037844387,0,0.0
SKU027,2025-01-12,167,170.0,185.0,172.0,154.0,170.0,161.0,158.125,22.583179581272436,1,1,2,0.49999999999999994,0.8660254037844387,0,0.0
SKU027,2025-01-19,190,170.0,167.0,185.0,133.0,170.0,164.25,159.875,22.17167863138318,1,1,3,0.49999999999999994,0.8660254037844387,0,0.0
SKU027,2025-01-26,179,145.0,190.0,167.0,172.0,145.0,178.5,163.25,10.785793124908974,1,1,4,0.49999999999999994,0.8660254037844387,0,0.0
SKU027,2025-02-02,160,182.0,179.0,190.0,185.0,182.0,180.25,166.625,9.912113800799524,2,1,5,0.8660254037844386,0.5000000000000001,0,0.0
SKU027,2025-02-09,197,188.0,160.0,179.0,167.0,188.0,174.0,167.5,13.241349377360814,2,1,6,0.8660254037844386,0.5000000000000001,0,0.0
SKU027,2025-02-16,187,177.0,197.0,160.0,190.0,177.0,181.5,172.875,16.13484841370794,2,1,7,0.8660254037844386,0.5000000000000001,0,0.0
SKU027,2025-02-23,156,158.0,187.0,197.0,179.0,158.0,180.75,179.625,15.67109866388868,2,1,8,0.8660254037844386,0.5000000000000001,0,0.0
SKU027,2025-03-02,204,188.0,156.0,187.0,160.0,188.0,175.0,177.625,20.116328359486157,3,1,9,1.0,6.123233995736766e-17,1,0.0
SKU027,2025-03-09,206,212.0,204.0,156.0,197.0,212.0,186.0,180.0,21.181753153756347,3,1,10,1.0,6.123233995736766e-17,1,1.0
SKU027,2025-03-16,219,214.0,206.0,204.0,187.0,214.0,188.25,184.875,23.12826553519885,3,1,11,1.0,6.123233995736766e-17,1,1.0
SKU027,2025-03-23,216,195.0,219.0,206.0,156.0,195.0,196.25,188.5,27.64507189355818,3,1,12,1.0,6.123233995736766e-17,1,1.0
SKU027,2025-03-30,206,195.0,216.0,219.0,204.0,195.0,211.25,193.125,7.365459931328156,3,1,13,1.0,6.123233995736766e-17,1,1.0
SKU027,2025-04-06,188,200.0,206.0,216.0,206.0,200.0,211.75,198.875,6.751543033509741,4,2,14,0.8660254037844387,-0.4999999999999998,0,1.0
SKU027,2025-04-13,195,181.0,188.0,206.0,219.0,181.0,207.25,197.75,13.985111130532136,4,2,15,0.8660254037844387,-0.4999999999999998,0,0.0
SKU027,2025-04-20,228,185.0,195.0,188.0,216.0,185.0,201.25,198.75,12.31191834497508,4,2,16,0.8660254037844387,-0.4999999999999998,0,0.0
SKU027,2025-04-27,180,205.0,228.0,195.0,206.0,205.0,204.25,207.75,17.48094200360306,4,2,17,0.8660254037844387,-0.4999999999999998,0,0.0
SKU027,2025-05-04,188,188.0,180.0,228.0,188.0,188.0,197.75,204.75,21.077238908358,5,2,18,0.49999999999999994,-0.8660254037844387,0,0.0
SKU027,2025-05-11,180,194.0,188.0,180.0,195.0,194.0,197.75,202.5,21.077238908358,5,2,19,0.49999999999999994,-0.8660254037844387,0,0.0
SKU027,2025-05-18,209,196.0,180.0,188.0,228.0,196.0,194.0,197.625,22.978250586152125,5,2,20,0.49999999999999994,-0.8660254037844387,0,0.0
SKU027,2025-05-25,204,193.0,209.0,180.0,180.0,193.0,189.25,196.75,13.696106502701186,5,2,21,0.49999999999999994,-0.8660254037844387,0,0.0
SKU027,2025-06-01,195,210.0,204.0,209.0,188.0,210.0,195.25,196.5,13.54929272446845,6,2,22,1.2246467991473532e-16,-1.0,1,0.0
SKU027,2025-06-08,181,179.0,195.0,204.0,180.0,179.0,197.0,197.375,12.727922061357868,6,2,23,1.2246467991473532e-16,-1.0,1,1.0
SKU027,2025-06-15,165,219.0,181.0,195.0,209.0,219.0,197.25,195.625,12.284814474246936,6,2,24,1.2246467991473532e-16,-1.0,1,1.0
SKU027,2025-06-22,193,200.0,165.0,181.0,204.0,200.0,186.25,187.75,17.03672503740083,6,2,25,1.2246467991473532e-16,-1.0,1,1.0
SKU027,2025-06-29,183,178.0,193.0,165.0,195.0,178.0,183.5,189.375,13.796134724383268,6,2,26,1.2246467991473532e-16,-1.0,1,1.0
SKU027,2025-07-06,165,149.0,183.0,193.0,181.0,149.0,180.5,188.75,11.590225767142492,7,3,27,-0.4999999999999997,-0.8660254037844388,0,1.0
SKU027,2025-07-13,185,168.0,165.0,183.0,165.0,168.0,176.5,186.875,13.892443989449822,7,3,28,-0.4999999999999997,-0.8660254037844388,0,0.0
SKU027,2025-07-20,163,167.0,185.0,165.0,193.0,167.0,181.5,183.875,11.818065267490576,7,3,29,-0.4999999999999997,-0.8660254037844388,0,0.0
SKU027,2025-07-27,155,154.0,163.0,185.0,183.0,154.0,174.0,178.75,11.60459679035282,7,3,30,-0.4999999999999997,-0.8660254037844388,0,0.0
SKU027,2025-08-03,156,151.0,155.0,163.0,165.0,151.0,167.0,173.75,12.75408431313934,8,3,31,-0.8660254037844385,-0.5000000000000004,0,0.0
SKU027,2025-08-10,120,149.0,156.0,155.0,185.0,149.0,164.75,170.625,13.961255912942322,8,3,32,-0.8660254037844385,-0.5000000000000004,0,0.0
SKU027,2025-08-17,146,158.0,120.0,156.0,163.0,158.0,148.5,165.0,19.330459556530645,8,3,33,-0.8660254037844385,-0.5000000000000004,0,0.0
SKU027,2025-08-24,145,165.0,146.0,120.0,155.0,165.0,144.25,159.125,16.78044496827583,8,3,34,-0.8660254037844385,-0.5000000000000004,0,0.0
SKU027,2025-08-31,138,154.0,145.0,146.0,156.0,154.0,141.75,154.375,15.326991442115016,8,3,35,-0.8660254037844385,-0.5000000000000004,0,0.0
SKU027,2025-09-07,167,127.0,138.0,145.0,120.0,127.0,137.25,151.0,12.038133853162913,9,3,36,-1.0,-1.8369701987210297e-16,1,0.0
SKU027,2025-09-14,143,134.0,167.0,138.0,146.0,134.0,149.0,148.75,12.516655570345735,9,3,37,-1.0,-1.8369701987210297e-16,1,1.0
SKU027,2025-09-21,158,143.0,143.0,167.0,145.0,143.0,148.25,146.25,12.84198842339717,9,3,38,-1.0,-1.8369701987210297e-16,1,1.0
SKU027,2025-09-28,150,156.0,158.0,143.0,138.0,156.0,151.5,146.625,13.379088160259661,9,3,39,-1.0,-1.8369701987210297e-16,1,1.0
SKU027,2025-10-05,151,126.0,150.0,158.0,167.0,126.0,154.5,145.875,10.344080432788612,10,4,40,-0.8660254037844386,0.5000000000000001,0,1.0
SKU027,2025-10-12,149,126.0,151.0,150.0,143.0,126.0,150.5,149.75,6.137317546507345,10,4,41,-0.8660254037844386,0.5000000000000001,0,0.0
SKU027,2025-10-19,127,121.0,149.0,151.0,158.0,121.0,152.0,150.125,4.082482904638663,10,4,42,-0.8660254037844386,0.5000000000000001,0,0.0
SKU027,2025-10-26,130,151.0,127.0,149.0,150.0,151.0,144.25,147.875,11.52894907034752,10,4,43,-0.8660254037844386,0.5000000000000001,0,0.0
SKU027,2025-11-02,136,138.0,130.0,127.0,151.0,138.0,139.25,146.875,12.500000000000012,11,4,44,-0.5000000000000004,0.8660254037844384,1,0.0
SKU027,2025-11-09,147,143.0,136.0,130.0,149.0,143.0,135.5,143.0,9.746794344808983,11,4,45,-0.5000000000000004,0.8660254037844384,1,1.0
SKU027,2025-11-16,149,153.0,147.0,136.0,127.0,153.0,135.0,143.5,8.831760866327867,11,4,46,-0.5000000000000004,0.8660254037844384,1,1.0
SKU027,2025-11-23,163,163.0,149.0,147.0,130.0,163.0,140.5,142.375,9.036961141150663,11,4,47,-0.5000000000000004,0.8660254037844384,1,1.0
SKU027,2025-11-30,162,152.0,163.0,149.0,136.0,152.0,148.75,144.0,11.086778913041744,11,4,48,-0.5000000000000004,0.8660254037844384,1,1.0
SKU027,2025-12-07,153,153.0,162.0,163.0,147.0,153.0,155.25,145.375,8.421203397773212,12,4,49,-2.4492935982947064e-16,1.0,0,1.0
SKU027,2025-12-14,161,154.0,153.0,162.0,149.0,154.0,156.75,145.875,6.849574196011536,12,4,50,-2.4492935982947064e-16,1.0,0,0.0
SKU027,2025-12-21,182,133.0,161.0,153.0,163.0,133.0,159.75,150.125,4.57347424467079,12,4,51,-2.4492935982947064e-16,1.0,0,0.0
SKU027,2025-12-28,144,172.0,182.0,161.0,162.0,172.0,164.5,156.625,12.34233905438243,12,4,52,-2.4492935982947064e-16,1.0,0,0.0
SKU028,2024-01-07,32,,,,,,,,,1,1,1,0.49999999999999994,0.8660254037844387,0,
SKU028,2024-01-14,35,,32.0,,,,,,,1,1,2,0.49999999999999994,0.8660254037844387,0,0.0
SKU028,2024-01-21,39,,35.0,32.0,,,,,,1,1,3,0.49999999999999994,0.8660254037844387,0,0.0
SKU028,2024-01-28,34,,39.0,35.0,,,,,,1,1,4,0.49999999999999994,0.8660254037844387,0,0.0
SKU028,2024-02-04,40,,34.0,39.0,32.0,,35.0,,2.9439202887759484,2,1,5,0.8660254037844386,0.5000000000000001,0,0.0
SKU028,2024-02-11,37,,40.0,34.0,35.0,,37.0,,2.9439202887759484,2,1,6,0.8660254037844386,0.5000000000000001,0,0.0
SKU028,2024-02-18,43,,37.0,40.0,39.0,,37.5,,2.6457513110645903,2,1,7,0.8660254037844386,0.5000000000000001,0,0.0
SKU028,2024-02-25,34,,43.0,37.0,34.0,,38.5,,3.8729833462074166,2,1,8,0.8660254037844386,0.5000000000000001,0,0.0
SKU028,2024-03-03,44,,34.0,43.0,40.0,,38.5,36.75,3.8729833462074166,3,1,9,1.0,6.123233995736766e-17,1,0.0
SKU028,2024-03-10,54,,44.0,34.0,37.0,,39.5,38.25,4.795831523312719,3,1,10,1.0,6.123233995736766e-17,1,1.0
SKU028,2024-03-17,43,,54.0,44.0,43.0,,43.75,40.625,8.180260794538684,3,1,11,1.0,6.123233995736766e-17,1,1.0
SKU028,2024-03-24,47,,43.0,54.0,34.0,,43.75,41.125,8.180260794538684,3,1,12,1.0,6.123233995736766e-17,1,1.0
SKU028,2024-03-31,56,,47.0,43.0,44.0,,47.0,42.75,4.966554808583779,3,1,13,1.0,6.123233995736766e-17,1,1.0
SKU028,2024-04-07,47,,56.0,47.0,54.0,,50.0,44.75,6.055300708194983,4,2,14,0.8660254037844387,-0.4999999999999998,0,1.0
SKU028,2024-04-14,50,,47.0,56.0,43.0,,48.25,46.0,5.499999999999999,4,2,15,0.8660254037844387,-0.4999999999999998,0,0.0
SKU028,2024-04-21,56,,50.0,47.0,47.0,,50.0,46.875,4.242640687119284,4,2,16,0.8660254037844387,-0.4999999999999998,0,0.0
SKU028,2024-04-28,44,,56.0,50.0,56.0,,52.25,49.625,4.499999999999998,4,2,17,0.8660254037844387,-0.4999999999999998,0,0.0
SKU028,2024-05-05,40,,44.0,56.0,47.0,,49.25,49.625,5.123475382979798,5,2,18,0.49999999999999994,-0.8660254037844387,0,0.0
SKU028,2024-05-12,45,,40.0,44.0,50.0,,47.5,47.875,6.999999999999998,5,2,19,0.49999999999999994,-0.8660254037844387,0,0.0
SKU028,2024-05-19,53,,45.0,40.0,56.0,,46.25,48.125,6.849574196011504,5,2,20,0.49999999999999994,-0.8660254037844387,0,0.0
SKU028,2024-05-26,40,,53.0,45.0,44.0,,45.5,48.875,5.446711546122729,5,2,21,0.49999999999999994,-0.8660254037844387,0,0.0
SKU028,2024-06-02,52,,40.0,53.0,40.0,,44.5,46.875,6.1373175465073215,6,2,22,1.2246467991473532e-16,-1.0,1,0.0
SKU028,2024-06-09,32,,52.0,40.0,45.0,,47.5,47.5,6.1373175465073215,6,2,23,1.2246467991473532e-16,-1.0,1,1.0
SKU028,2024-06-16,48,,32.0,52.0,53.0,,44.25,45.25,10.07885575516057,6,2,24,1.2246467991473532e-16,-1.0,1,1.0
SKU028,2024-06-23,52,,48.0,32.0,40.0,,43.0,44.25,8.86942313043338,6,2,25,1.2246467991473532e-16,-1.0,1,1.0
SKU028,2024-06-30,52,,52.0,48.0,52.0,,46.0,45.25,9.521904571390467,6,2,26,1.2246467991473532e-16,-1.0,1,1.0
SKU028,2024-07-07,42,,52.0,52.0,32.0,,46.0,46.75,9.521904571390467,7,3,27,-0.4999999999999997,-0.8660254037844388,0,1.0
SKU028,2024-07-14,37,,42.0,52.0,48.0,,48.5,46.375,4.725815626252608,7,3,28,-0.4999999999999997,-0.8660254037844388,0,0.0
SKU028,2024-07-21,39,,37.0,42.0,52.0,,45.75,44.375,7.5,7,3,29,-0.4999999999999997,-0.8660254037844388,0,0.0
SKU028,2024-07-28,46,,39.0,37.0,52.0,,42.5,44.25,6.658328118479392,7,3,30,-0.4999999999999997,-0.8660254037844388,0,0.0
SKU028,2024-08-04,30,,46.0,39.0,42.0,,41.0,43.5,3.9157800414902426,8,3,31,-0.8660254037844385,-0.5000000000000004,0,0.0
SKU028,2024-08-11,28,,30.0,46.0,37.0,,38.0,43.25,6.582805886043832,8,3,32,-0.8660254037844385,-0.5000000000000004,0,0.0
SKU028,2024-08-18,31,,28.0,30.0,39.0,,35.75,40.75,8.341662504161464,8,3,33,-0.8660254037844385,-0.5000000000000004,0,0.0
SKU028,2024-08-25,37,,31.0,28.0,46.0,,33.75,38.125,8.26135582092915,8,3,34,-0.8660254037844385,-0.5000000000000004,0,0.0
SKU028,2024-09-01,31,,37.0,31.0,30.0,,31.5,36.25,3.872983346207414,9,3,35,-1.0,-1.8369701987210297e-16,1,0.0
SKU028,2024-09-08,41,,31.0,37.0,28.0,,31.75,34.875,3.774917217635372,9,3,36,-1.0,-1.8369701987210297e-16,1,1.0
SKU028,2024-09-15,26,,41.0,31.0,31.0,,35.0,35.375,4.898979485566354,9,3,37,-1.0,-1.8369701987210297e-16,1,1.0
SKU028,2024-09-22,44,,26.0,41.0,37.0,,33.75,33.75,6.601767440112785,9,3,38,-1.0,-1.8369701987210297e-16,1,1.0
SKU028,2024-09-29,25,,44.0,26.0,31.0,,35.5,33.5,8.426149773176357,9,3,39,-1.0,-1.8369701987210297e-16,1,1.0
SKU028,2024-10-06,36,,25.0,44.0,41.0,,34.0,32.875,9.899494936611665,10,4,40,-0.8660254037844386,0.5000000000000001,0,1.0
SKU028,2024-10-13,29,,36.0,25.0,26.0,,32.75,33.875,8.995369179009089,10,4,41,-0.8660254037844386,0.5000000000000001,0,0.0
SKU028,2024-10-20,34,,29.0,36.0,44.0,,33.5,33.625,8.346656017032608,10,4,42,-0.8660254037844386,0.5000000000000001,0,0.0
SKU028,2024-10-27,26,,34.0,29.0,25.0,,31.0,33.25,4.966554808583778,10,4,43,-0.8660254037844386,0.5000000000000001,0,0.0
SKU028,2024-11-03,40,,26.0,34.0,36.0,,31.25,32.625,4.573474244670746,11,4,44,-0.5000000000000004,0.8660254037844384,1,0.0
SKU028,2024-11-10,32,,40.0,26.0,29.0,,32.25,32.5,6.130524719249839,11,4,45,-0.5000000000000004,0.8660254037844384,1,1.0
SKU028,2024-11-17,33,,32.0,40.0,34.0,,33.0,33.25,5.773502691896256,11,4,46,-0.5000000000000004,0.8660254037844384,1,1.0
SKU028,2024-11-24,30,,33.0,32.0,26.0,,32.75,31.875,5.7373048260195,11,4,47,-0.5000000000000004,0.8660254037844384,1,1.0
SKU028,2024-12-01,41,,30.0,33.0,40.0,,33.75,32.5,4.349329450233293,12,4,48,-2.4492935982947064e-16,1.0,1,1.0
SKU028,2024-12-08,36,,41.0,30.0,32.0,,34.0,33.125,4.830458915396477,12,4,49,-2.4492935982947064e-16,1.0,0,1.0
SKU028,2024-12-15,48,,36.0,41.0,33.0,,35.0,34.0,4.690415759823428,12,4,50,-2.4492935982947064e-16,1.0,0,0.0
SKU028,2024-12-22,45,,48.0,36.0,30.0,,38.75,35.75,7.632168761236874,12,4,51,-2.4492935982947064e-16,1.0,0,0.0
SKU028,2024-12-29,37,,45.0,48.0,41.0,,42.5,38.125,5.196152422706632,12,4,52,-2.4492935982947064e-16,1.0,0,0.0
SKU028,2025-01-05,47,32.0,37.0,45.0,36.0,32.0,41.5,37.75,5.916079783099616,1,1,1,0.49999999999999994,0.8660254037844387,0,0.0
SKU028,2025-01-12,41,35.0,47.0,37.0,48.0,35.0,44.25,39.625,4.991659710623979,1,1,2,0.49999999999999994,0.8660254037844387,0,0.0
SKU028,2025-01-19,43,39.0,41.0,47.0,45.0,39.0,42.5,40.625,4.4347115652166895,1,1,3,0.49999999999999994,0.8660254037844387,0,0.0
SKU028,2025-01-26,42,34.0,43.0,41.0,37.0,34.0,42.0,42.25,4.163331998932264,1,1,4,0.49999999999999994,0.8660254037844387,0,0.0
SKU028,2025-02-02,38,40.0,42.0,43.0,47.0,40.0,43.25,42.375,2.629955639676582,2,1,5,0.8660254037844386,0.5000000000000001,0,0.0
SKU028,2025-02-09,44,37.0,38.0,42.0,41.0,37.0,41.0,42.625,2.1602468994692856,2,1,6,0.8660254037844386,0.5000000000000001,0,0.0
SKU028,2025-02-16,37,43.0,44.0,38.0,43.0,43.0,41.75,42.125,2.629955639676582,2,1,7,0.8660254037844386,0.5000000000000001,0,0.0
SKU028,2025-02-23,32,34.0,37.0,44.0,42.0,34.0,40.25,41.125,3.304037933599835,2,1,8,0.8660254037844386,0.5000000000000001,0,0.0
SKU028,2025-03-02,41,44.0,32.0,37.0,38.0,44.0,37.75,40.5,4.924428900898052,3,1,9,1.0,6.123233995736766e-17,1,0.0
SKU028,2025-03-09,52,54.0,41.0,32.0,44.0,54.0,38.5,39.75,5.196152422706632,3,1,10,1.0,6.123233995736766e-17,1,1.0
SKU028,2025-03-16,43,43.0,52.0,41.0,37.0,43.0,40.5,41.125,8.504900548115383,3,1,11,1.0,6.123233995736766e-17,1,1.0
SKU028,2025-03-23,50,47.0,43.0,52.0,32.0,47.0,42.0,41.125,8.205689083394116,3,1,12,1.0,6.123233995736766e-17,1,1.0
SKU028,2025-03-30,54,56.0,50.0,43.0,41.0,56.0,46.5,42.125,5.322906474223771,3,1,13,1.0,6.123233995736766e-17,1,1.0
SKU028,2025-04-06,36,47.0,54.0,50.0,52.0,47.0,49.75,44.125,4.7871355387816905,4,2,14,0.8660254037844387,-0.4999999999999998,0,1.0
SKU028,2025-04-13,42,50.0,36.0,54.0,43.0,50.0,45.75,43.125,7.932002689527196,4,2,15,0.8660254037844387,-0.4999999999999998,0,0.0
SKU028,2025-04-20,44,56.0,42.0,36.0,50.0,56.0,45.5,43.75,8.06225774829855,4,2,16,0.8660254037844387,-0.4999999999999998,0,0.0
SKU028,2025-04-27,49,44.0,44.0,42.0,54.0,44.0,44.0,45.25,7.483314773547883,4,2,17,0.8660254037844387,-0.4999999999999998,0,0.0
SKU028,2025-05-04,44,40.0,49.0,44.0,36.0,40.0,42.75,46.25,5.377421934967225,5,2,18,0.49999999999999994,-0.8660254037844387,0,0.0
SKU028,2025-05-11,49,45.0,44.0,49.0,42.0,45.0,44.75,45.25,2.986078811194818,5,2,19,0.49999999999999994,-0.8660254037844387,0,0.0
SKU028,2025-05-18,48,53.0,49.0,44.0,44.0,53.0,46.5,46.0,2.8867513459481278,5,2,20,0.49999999999999994,-0.8660254037844387,0,0.0
SKU028,2025-05-25,52,40.0,48.0,49.0,49.0,40.0,47.5,45.75,2.380476142847615,5,2,21,0.49999999999999994,-0.8660254037844387,0,0.0
SKU028,2025-06-01,40,52.0,52.0,48.0,44.0,52.0,48.25,45.5,3.3040379335998336,6,2,22,1.2246467991473532e-16,-1.0,1,0.0
SKU028,2025-06-08,49,32.0,40.0,52.0,49.0,32.0,47.25,46.0,5.123475382979798,6,2,23,1.2246467991473532e-16,-1.0,1,1.0
SKU028,2025-06-15,41,48.0,49.0,40.0,48.0,48.0,47.25,46.875,5.123475382979798,6,2,24,1.2246467991473532e-16,-1.0,1,1.0
SKU028,2025-06-22,41,52.0,41.0,49.0,52.0,52.0,45.5,46.5,5.916079783099615,6,2,25,1.2246467991473532e-16,-1.0,1,1.0
SKU028,2025-06-29,43,52.0,41.0,41.0,40.0,52.0,42.75,45.5,4.193248541803041,6,2,26,1.2246467991473532e-16,-1.0,1,1.0
SKU028,2025-07-06,32,42.0,43.0,41.0,49.0,42.0,43.5,45.375,3.7859388972001824,7,3,27,-0.4999999999999997,-0.8660254037844388,0,1.0
SKU028,2025-07-13,46,37.0,32.0,43.0,41.0,37.0,39.25,43.25,4.924428900898051,7,3,28,-0.4999999999999997,-0.8660254037844388,0,0.0
SKU028,2025-07-20,42,39.0,46.0,32.0,41.0,39.0,40.5,43.0,6.027713773341707,7,3,29,-0.4999999999999997,-0.8660254037844388,0,0.0
SKU028,2025-07-27,36,46.0,42.0,46.0,43.0,46.0,40.75,41.75,6.07590871118606,7,3,30,-0.4999999999999997,-0.8660254037844388,0,0.0
SKU028,2025-08-03,35,30.0,36.0,42.0,32.0,30.0,39.0,41.25,6.2182527020592095,8,3,31,-0.8660254037844385,-0.5000000000000004,0,0.0
SKU028,2025-08-10,40,28.0,35.0,36.0,46.0,28.0,39.75,39.5,5.188127472091126,8,3,32,-0.8660254037844385,-0.5000000000000004,0,0.0
SKU028,2025-08-17,31,31.0,40.0,35.0,42.0,31.0,38.25,39.375,3.3040379335998327,8,3,33,-0.8660254037844385,-0.5000000000000004,0,0.0
SKU028,2025-08-24,27,37.0,31.0,40.0,36.0,37.0,35.5,38.125,3.6968455021364703,8,3,34,-0.8660254037844385,-0.5000000000000004,0,0.0
SKU028,2025-08-31,45,31.0,27.0,31.0,35.0,31.0,33.25,36.125,5.560275772537425,8,3,35,-0.8660254037844385,-0.5000000000000004,0,0.0
SKU028,2025-09-07,35,41.0,45.0,27.0,40.0,41.0,35.75,37.75,8.220908303425682,9,3,36,-1.0,-1.8369701987210297e-16,1,0.0
SKU028,2025-09-14,36,26.0,35.0,45.0,31.0,26.0,34.5,36.375,7.724420150837646,9,3,37,-1.0,-1.8369701987210297e-16,1,1.0
SKU028,2025-09-21,34,44.0,36.0,35.0,27.0,44.0,35.75,35.625,7.365459931328119,9,3,38,-1.0,-1.8369701987210297e-16,1,1.0
SKU028,2025-09-28,30,25.0,34.0,36.0,45.0,25.0,37.5,35.375,5.066228051190223,9,3,39,-1.0,-1.8369701987210297e-16,1,1.0
SKU028,2025-10-05,18,36.0,30.0,34.0,35.0,36.0,33.75,34.75,2.629955639676588,10,4,40,-0.8660254037844386,0.5000000000000001,0,1.0
SKU028,2025-10-12,31,29.0,18.0,30.0,36.0,29.0,29.5,32.0,8.062257748298553,10,4,41,-0.8660254037844386,0.5000000000000001,0,0.0
SKU028,2025-10-19,32,34.0,31.0,18.0,34.0,34.0,28.25,32.0,7.041543391425872,10,4,42,-0.8660254037844386,0.5000000000000001,0,0.0
SKU028,2025-10-26,30,26.0,32.0,31.0,30.0,26.0,27.75,32.625,6.551081335677852,10,4,43,-0.8660254037844386,0.5000000000000001,0,0.0
SKU028,2025-11-02,31,40.0,30.0,32.0,18.0,40.0,27.75,30.75,6.551081335677852,11,4,44,-0.5000000000000004,0.8660254037844384,1,0.0
SKU028,2025-11-09,30,32.0,31.0,30.0,31.0,32.0,31.0,30.25,0.8164965809277492,11,4,45,-0.5000000000000004,0.8660254037844384,1,1.0
SKU028,2025-11-16,40,33.0,30.0,31.0,32.0,33.0,30.75,29.5,0.9574271077563579,11,4,46,-0.5000000000000004,0.8660254037844384,1,1.0
SKU028,2025-11-23,39,30.0,40.0,30.0,30.0,30.0,32.75,30.25,4.85626742811116,11,4,47,-0.5000000000000004,0.8660254037844384,1,1.0
SKU028,2025-11-30,34,41.0,39.0,40.0,31.0,41.0,35.0,31.375,5.228129047119379,11,4,48,-0.5000000000000004,0.8660254037844384,1,1.0
SKU028,2025-12-07,40,36.0,34.0,39.0,30.0,36.0,35.75,33.375,4.6457866215887895,12,4,49,-2.4492935982947064e-16,1.0,0,1.0
SKU028,2025-12-14,25,48.0,40.0,34.0,40.0,48.0,38.25,34.5,2.872281323269023,12,4,50,-2.4492935982947064e-16,1.0,0,0.0
SKU028,2025-12-21,22,45.0,25.0,40.0,39.0,45.0,34.5,33.625,6.8556546004010475,12,4,51,-2.4492935982947064e-16,1.0,0,0.0
SKU028,2025-12-28,31,37.0,22.0,25.0,34.0,37.0,30.25,32.625,8.261355820929156,12,4,52,-2.4492935982947064e-16,1.0,0,0.0
SKU029,2024-01-07,114,,,,,,,,,1,1,1,0.49999999999999994,0.8660254037844387,0,
SKU029,2024-01-14,120,,114.0,,,,,,,1,1,2,0.49999999999999994,0.8660254037844387,0,0.0
SKU029,2024-01-21,93,,120.0,114.0,,,,,,1,1,3,0.49999999999999994,0.8660254037844387,0,0.0
SKU029,2024-01-28,94,,93.0,120.0,,,,,,1,1,4,0.49999999999999994,0.8660254037844387,0,0.0
SKU029,2024-02-04,109,,94.0,93.0,114.0,,105.25,,13.793114224133722,2,1,5,0.8660254037844386,0.5000000000000001,0,0.0
SKU029,2024-02-11,102,,109.0,94.0,120.0,,104.0,,12.935738607954837,2,1,6,0.8660254037844386,0.5000000000000001,0,0.0
SKU029,2024-02-18,114,,102.0,109.0,93.0,,99.5,,7.505553499465136,2,1,7,0.8660254037844386,0.5000000000000001,0,0.0
SKU029,2024-02-25,112,,114.0,102.0,94.0,,104.75,,8.69386757049665,2,1,8,0.8660254037844386,0.5000000000000001,0,0.0
SKU029,2024-03-03,115,,112.0,114.0,109.0,,109.25,107.25,5.251983752196244,3,1,9,1.0,6.123233995736766e-17,1,0.0
SKU029,2024-03-10,131,,115.0,112.0,102.0,,110.75,107.375,5.965176722724428,3,1,10,1.0,6.123233995736766e-17,1,1.0
SKU029,2024-03-17,133,,131.0,115.0,114.0,,118.0,108.75,8.75595035770913,3,1,11,1.0,6.123233995736766e-17,1,1.0
SKU029,2024-03-24,142,,133.0,131.0,112.0,,122.75,113.75,10.781929326423912,3,1,12,1.0,6.123233995736766e-17,1,1.0
SKU029,2024-03-31,125,,142.0,133.0,115.0,,130.25,119.75,11.236102527122117,3,1,13,1.0,6.123233995736766e-17,1,1.0
SKU029,2024-04-07,117,,125.0,142.0,131.0,,132.75,121.75,7.04154339142587,4,2,14,0.8660254037844387,-0.4999999999999998,0,1.0
SKU029,2024-04-14,139,,117.0,125.0,133.0,,129.25,123.625,10.719919153924003,4,2,15,0.8660254037844387,-0.4999999999999998,0,0.0
SKU029,2024-04-21,126,,139.0,117.0,142.0,,130.75,126.75,11.786291472158098,4,2,16,0.8660254037844387,-0.4999999999999998,0,0.0
SKU029,2024-04-28,125,,126.0,139.0,125.0,,126.75,128.5,9.105858919765158,4,2,17,0.8660254037844387,-0.4999999999999998,0,0.0
SKU029,2024-05-05,117,,125.0,126.0,117.0,,126.75,129.75,9.105858919765158,5,2,18,0.49999999999999994,-0.8660254037844387,0,0.0
SKU029,2024-05-12,116,,117.0,125.0,139.0,,126.75,128.0,9.105858919765158,5,2,19,0.49999999999999994,-0.8660254037844387,0,0.0
SKU029,2024-05-19,117,,116.0,117.0,126.0,,121.0,125.875,5.22812904711938,5,2,20,0.49999999999999994,-0.8660254037844387,0,0.0
SKU029,2024-05-26,134,,117.0,116.0,125.0,,118.75,122.75,4.193248541803047,5,2,21,0.49999999999999994,-0.8660254037844387,0,0.0
SKU029,2024-06-02,132,,134.0,117.0,117.0,,121.0,123.875,8.679477710861027,6,2,22,1.2246467991473532e-16,-1.0,1,0.0
SKU029,2024-06-09,129,,132.0,134.0,116.0,,124.75,125.75,9.569918146637065,6,2,23,1.2246467991473532e-16,-1.0,1,1.0
SKU029,2024-06-16,142,,129.0,132.0,117.0,,128.0,124.5,7.61577310586391,6,2,24,1.2246467991473532e-16,-1.0,1,1.0
SKU029,2024-06-23,128,,142.0,129.0,134.0,,134.25,126.5,5.560275772537434,6,2,25,1.2246467991473532e-16,-1.0,1,1.0
SKU029,2024-06-30,127,,128.0,142.0,132.0,,132.75,126.875,6.3966136874651705,6,2,26,1.2246467991473532e-16,-1.0,1,1.0
SKU029,2024-07-07,118,,127.0,128.0,129.0,,131.5,128.125,7.047458170621999,7,3,27,-0.4999999999999997,-0.8660254037844388,0,1.0
SKU029,2024-07-14,101,,118.0,127.0,142.0,,128.75,128.375,9.912113800799512,7,3,28,-0.4999999999999997,-0.8660254037844388,0,0.0
SKU029,2024-07-21,86,,101.0,118.0,128.0,,118.5,126.375,12.503332889007371,7,3,29,-0.4999999999999997,-0.8660254037844388,0,0.0
SKU029,2024-07-28,134,,86.0,101.0,127.0,,108.0,120.375,18.202563921968064,7,3,30,-0.4999999999999997,-0.8660254037844388,0,0.0
SKU029,2024-08-04,100,,134.0,86.0,118.0,,109.75,120.625,20.79062288629179,8,3,31,-0.8660254037844385,-0.5000000000000004,0,0.0
SKU029,2024-08-11,98,,100.0,134.0,101.0,,105.25,117.0,20.35313243704762,8,3,32,-0.8660254037844385,-0.5000000000000004,0,0.0
SKU029,2024-08-18,107,,98.0,100.0,86.0,,104.5,111.5,20.615528128088304,8,3,33,-0.8660254037844385,-0.5000000000000004,0,0.0
SKU029,2024-08-25,106,,107.0,98.0,134.0,,109.75,108.875,16.62077013859466,8,3,34,-0.8660254037844385,-0.5000000000000004,0,0.0
SKU029,2024-09-01,99,,106.0,107.0,100.0,,102.75,106.25,4.4253060157839155,9,3,35,-1.0,-1.8369701987210297e-16,1,0.0
SKU029,2024-09-08,109,,99.0,106.0,98.0,,102.5,103.875,4.654746681256311,9,3,36,-1.0,-1.8369701987210297e-16,1,1.0
SKU029,2024-09-15,104,,109.0,99.0,107.0,,105.25,104.875,4.349329450233294,9,3,37,-1.0,-1.8369701987210297e-16,1,1.0
SKU029,2024-09-22,93,,104.0,109.0,106.0,,104.5,107.125,4.2031734043061615,9,3,38,-1.0,-1.8369701987210297e-16,1,1.0
SKU029,2024-09-29,93,,93.0,104.0,99.0,,101.25,102.0,6.849574196011504,9,3,39,-1.0,-1.8369701987210297e-16,1,1.0
SKU029,2024-10-06,98,,93.0,93.0,109.0,,99.75,101.125,8.057087976847878,10,4,40,-0.8660254037844386,0.5000000000000001,0,1.0
SKU029,2024-10-13,96,,98.0,93.0,104.0,,97.0,101.125,5.228129047119373,10,4,41,-0.8660254037844386,0.5000000000000001,0,0.0
SKU029,2024-10-20,90,,96.0,98.0,93.0,,95.0,99.75,2.449489742783179,10,4,42,-0.8660254037844386,0.5000000000000001,0,0.0
SKU029,2024-10-27,96,,90.0,96.0,93.0,,94.25,97.75,3.5000000000000013,10,4,43,-0.8660254037844386,0.5000000000000001,0,0.0
SKU029,2024-11-03,75,,96.0,90.0,98.0,,95.0,97.375,3.4641016151377553,11,4,44,-0.5000000000000004,0.8660254037844384,1,0.0
SKU029,2024-11-10,95,,75.0,96.0,96.0,,89.25,93.125,9.912113800799505,11,4,45,-0.5000000000000004,0.8660254037844384,1,1.0
SKU029,2024-11-17,110,,95.0,75.0,90.0,,89.0,92.0,9.695359714832659,11,4,46,-0.5000000000000004,0.8660254037844384,1,1.0
SKU029,2024-11-24,114,,110.0,95.0,96.0,,94.0,94.125,14.39907404430345,11,4,47,-0.5000000000000004,0.8660254037844384,1,1.0
SKU029,2024-12-01,83,,114.0,110.0,75.0,,98.5,96.75,17.67295485574875,12,4,48,-2.4492935982947064e-16,1.0,1,1.0
SKU029,2024-12-08,110,,83.0,114.0,95.0,,100.5,94.875,14.247806848775006,12,4,49,-2.4492935982947064e-16,1.0,0,1.0
SKU029,2024-12-15,95,,110.0,83.0,110.0,,104.25,96.625,14.291605927956454,12,4,50,-2.4492935982947064e-16,1.0,0,0.0
SKU029,2024-12-22,109,,95.0,110.0,114.0,,100.5,97.25,14.247806848775006,12,4,51,-2.4492935982947064e-16,1.0,0,0.0
SKU029,2024-12-29,96,,109.0,95.0,83.0,,99.25,98.875,12.816005617976296,12,4,52,-2.4492935982947064e-16,1.0,0,0.0
SKU029,2025-01-05,114,114.0,96.0,109.0,110.0,114.0,102.5,101.5,8.103497187428811,1,1,1,0.49999999999999994,0.8660254037844387,0,0.0
SKU029,2025-01-12,110,120.0,114.0,96.0,95.0,120.0,103.5,103.875,9.469248474227859,1,1,2,0.49999999999999994,0.8660254037844387,0,0.0
SKU029,2025-01-19,124,93.0,110.0,114.0,109.0,93.0,107.25,103.875,7.804912982645397,1,1,3,0.49999999999999994,0.8660254037844387,0,0.0
SKU029,2025-01-26,91,94.0,124.0,110.0,96.0,94.0,111.0,105.125,11.604596790352806,1,1,4,0.49999999999999994,0.8660254037844387,0,0.0
SKU029,2025-02-02,111,109.0,91.0,124.0,114.0,109.0,109.75,106.125,13.81725973797506,2,1,5,0.8660254037844386,0.5000000000000001,0,0.0
SKU029,2025-02-09,105,102.0,111.0,91.0,110.0,102.0,109.0,106.25,13.589211407093005,2,1,6,0.8660254037844386,0.5000000000000001,0,0.0
SKU029,2025-02-16,127,114.0,105.0,111.0,124.0,114.0,107.75,107.5,13.696106502701172,2,1,7,0.8660254037844386,0.5000000000000001,0,0.0
SKU029,2025-02-23,118,112.0,127.0,105.0,91.0,112.0,108.5,109.75,14.910846164230028,2,1,8,0.8660254037844386,0.5000000000000001,0,0.0
SKU029,2025-03-02,116,115.0,118.0,127.0,111.0,115.0,115.25,112.5,9.464847243000458,3,1,9,1.0,6.123233995736766e-17,1,0.0
SKU029,2025-03-09,127,131.0,116.0,118.0,105.0,131.0,116.5,112.75,9.036961141150641,3,1,10,1.0,6.123233995736766e-17,1,1.0
SKU029,2025-03-16,106,133.0,127.0,116.0,127.0,133.0,122.0,114.875,5.830951894845306,3,1,11,1.0,6.123233995736766e-17,1,1.0
SKU029,2025-03-23,147,142.0,106.0,127.0,118.0,142.0,116.75,112.625,8.616843969807045,3,1,12,1.0,6.123233995736766e-17,1,1.0
SKU029,2025-03-30,132,125.0,147.0,106.0,116.0,125.0,124.0,119.625,17.568911937472585,3,1,13,1.0,6.123233995736766e-17,1,1.0
SKU029,2025-04-06,136,117.0,132.0,147.0,127.0,117.0,128.0,122.25,16.950909513454828,4,2,14,0.8660254037844387,-0.4999999999999998,0,1.0
SKU029,2025-04-13,120,139.0,136.0,132.0,106.0,139.0,130.25,126.125,17.36615482291153,4,2,15,0.8660254037844387,-0.4999999999999998,0,0.0
SKU029,2025-04-20,131,126.0,120.0,136.0,147.0,126.0,133.75,125.25,11.146748404803978,4,2,16,0.8660254037844387,-0.4999999999999998,0,0.0
SKU029,2025-04-27,120,125.0,131.0,120.0,132.0,125.0,129.75,126.875,6.849574196011509,4,2,17,0.8660254037844387,-0.4999999999999998,0,0.0
SKU029,2025-05-04,116,117.0,120.0,131.0,136.0,117.0,126.75,127.375,8.057087976847882,5,2,18,0.49999999999999994,-0.8660254037844387,0,0.0
SKU029,2025-05-11,127,116.0,116.0,120.0,120.0,116.0,121.75,126.0,6.448514040717706,5,2,19,0.49999999999999994,-0.8660254037844387,0,0.0
SKU029,2025-05-18,142,117.0,127.0,116.0,131.0,117.0,123.5,128.625,6.757711644237769,5,2,20,0.49999999999999994,-0.8660254037844387,0,0.0
SKU029,2025-05-25,130,134.0,142.0,127.0,120.0,134.0,126.25,128.0,11.441882129556603,5,2,21,0.49999999999999994,-0.8660254037844387,0,0.0
SKU029,2025-06-01,133,132.0,130.0,142.0,116.0,132.0,128.75,127.75,10.688779163215978,6,2,22,1.2246467991473532e-16,-1.0,1,0.0
SKU029,2025-06-08,117,129.0,133.0,130.0,127.0,129.0,133.0,127.375,6.480740698407865,6,2,23,1.2246467991473532e-16,-1.0,1,1.0
SKU029,2025-06-15,121,142.0,117.0,133.0,142.0,142.0,130.5,127.0,10.344080432788603,6,2,24,1.2246467991473532e-16,-1.0,1,1.0
SKU029,2025-06-22,122,128.0,121.0,117.0,130.0,128.0,125.25,125.75,7.500000000000005,6,2,25,1.2246467991473532e-16,-1.0,1,1.0
SKU029,2025-06-29,114,127.0,122.0,121.0,133.0,127.0,123.25,126.0,6.8495741960115115,6,2,26,1.2246467991473532e-16,-1.0,1,1.0
SKU029,2025-07-06,102,118.0,114.0,122.0,117.0,118.0,118.5,125.75,3.6968455021364837,7,3,27,-0.4999999999999997,-0.8660254037844388,0,1.0
SKU029,2025-07-13,107,101.0,102.0,114.0,121.0,101.0,114.75,122.625,9.215023964519396,7,3,28,-0.4999999999999997,-0.8660254037844388,0,0.0
SKU029,2025-07-20,112,86.0,107.0,102.0,122.0,86.0,111.25,118.25,8.693867570496657,7,3,29,-0.4999999999999997,-0.8660254037844388,0,0.0
SKU029,2025-07-27,120,134.0,112.0,107.0,114.0,134.0,108.75,116.0,5.377421934967237,7,3,30,-0.4999999999999997,-0.8660254037844388,0,0.0
SKU029,2025-08-03,97,100.0,120.0,112.0,102.0,100.0,110.25,114.375,7.6757192931129765,8,3,31,-0.8660254037844385,-0.5000000000000004,0,0.0
SKU029,2025-08-10,93,98.0,97.0,120.0,107.0,98.0,109.0,111.875,9.626352718795774,8,3,32,-0.8660254037844385,-0.5000000000000004,0,0.0
SKU029,2025-08-17,113,107.0,93.0,97.0,112.0,107.0,105.5,108.375,12.662279942148391,8,3,33,-0.8660254037844385,-0.5000000000000004,0,0.0
SKU029,2025-08-24,114,106.0,113.0,93.0,120.0,106.0,105.75,107.25,12.841988423397163,8,3,34,-0.8660254037844385,-0.5000000000000004,0,0.0
SKU029,2025-08-31,103,99.0,114.0,113.0,97.0,99.0,104.25,107.25,10.812801055539069,8,3,35,-0.8660254037844385,-0.5000000000000004,0,0.0
SKU029,2025-09-07,90,109.0,103.0,114.0,93.0,109.0,105.75,107.375,9.844626283748244,9,3,36,-1.0,-1.8369701987210297e-16,1,0.0
SKU029,2025-09-14,89,104.0,90.0,103.0,113.0,104.0,105.0,105.25,11.165422816296156,9,3,37,-1.0,-1.8369701987210297e-16,1,1.0
SKU029,2025-09-21,105,93.0,89.0,90.0,114.0,93.0,99.0,102.375,11.860297916438133,9,3,38,-1.0,-1.8369701987210297e-16,1,1.0
SKU029,2025-09-28,86,93.0,105.0,89.0,103.0,93.0,96.75,100.5,8.42120339777319,9,3,39,-1.0,-1.8369701987210297e-16,1,1.0
SKU029,2025-10-05,78,98.0,86.0,105.0,90.0,98.0,92.5,99.125,8.504900548115389,10,4,40,-0.8660254037844386,0.5000000000000001,0,1.0
SKU029,2025-10-12,92,96.0,78.0,86.0,89.0,96.0,89.5,97.25,11.328430311977622,10,4,41,-0.8660254037844386,0.5000000000000001,0,0.0
SKU029,2025-10-19,85,90.0,92.0,78.0,105.0,90.0,90.25,94.625,11.383467544352794,10,4,42,-0.8660254037844386,0.5000000000000001,0,0.0
SKU029,2025-10-26,98,96.0,85.0,92.0,86.0,96.0,85.25,91.0,5.737304826019505,10,4,43,-0.8660254037844386,0.5000000000000001,0,0.0
SKU029,2025-11-02,104,75.0,98.0,85.0,78.0,75.0,88.25,90.375,8.655441448399191,11,4,44,-0.5000000000000004,0.8660254037844384,1,0.0
SKU029,2025-11-09,88,95.0,104.0,98.0,92.0,95.0,94.75,92.125,8.139410298049855,11,4,45,-0.5000000000000004,0.8660254037844384,1,1.0
SKU029,2025-11-16,98,110.0,88.0,104.0,85.0,110.0,93.75,92.0,8.808140174482542,11,4,46,-0.5000000000000004,0.8660254037844384,1,1.0
SKU029,2025-11-23,97,114.0,98.0,88.0,98.0,114.0,97.0,91.125,6.6332495807108,11,4,47,-0.5000000000000004,0.8660254037844384,1,1.0
SKU029,2025-11-30,96,83.0,97.0,98.0,104.0,83.0,96.75,92.5,6.601767440112787,11,4,48,-0.5000000000000004,0.8660254037844384,1,1.0
SKU029,2025-12-07,87,110.0,96.0,97.0,88.0,110.0,94.75,94.75,4.573474244670748,12,4,49,-2.4492935982947064e-16,1.0,0,1.0
SKU029,2025-12-14,115,95.0,87.0,96.0,98.0,95.0,94.5,94.125,5.066228051190222,12,4,50,-2.4492935982947064e-16,1.0,0,0.0
SKU029,2025-12-21,104,109.0,115.0,87.0,97.0,109.0,98.75,97.875,11.729592206608606,12,4,51,-2.4492935982947064e-16,1.0,0,0.0
SKU029,2025-12-28,97,96.0,104.0,115.0,96.0,96.0,100.5,98.625,11.902380714238085,12,4,52,-2.4492935982947064e-16,1.0,0,0.0
SKU030,2024-01-07,39,,,,,,,,,1,1,1,0.49999999999999994,0.8660254037844387,0,
SKU030,2024-01-14,41,,39.0,,,,,,,1,1,2,0.49999999999999994,0.8660254037844387,0,0.0
SKU030,2024-01-21,23,,41.0,39.0,,,,,,1,1,3,0.49999999999999994,0.8660254037844387,0,0.0
SKU030,2024-01-28,28,,23.0,41.0,,,,,,1,1,4,0.49999999999999994,0.8660254037844387,0,0.0
SKU030,2024-02-04,29,,28.0,23.0,39.0,,32.75,,8.655441448399191,2,1,5,0.8660254037844386,0.5000000000000001,0,0.0
SKU030,2024-02-11,30,,29.0,28.0,41.0,,30.25,,7.632168761236876,2,1,6,0.8660254037844386,0.5000000000000001,0,0.0
SKU030,2024-02-18,36,,30.0,29.0,23.0,,27.5,,3.1091263510296105,2,1,7,0.8660254037844386,0.5000000000000001,0,0.0
SKU030,2024-02-25,42,,36.0,30.0,28.0,,30.75,,3.5939764421413085,2,1,8,0.8660254037844386,0.5000000000000001,0,0.0
SKU030,2024-03-03,43,,42.0,36.0,29.0,,34.25,33.5,6.02079728939615,3,1,9,1.0,6.123233995736766e-17,1,0.0
SKU030,2024-03-10,22,,43.0,42.0,30.0,,37.75,34.0,6.02079728939615,3,1,10,1.0,6.123233995736766e-17,1,1.0
SKU030,2024-03-17,38,,22.0,43.0,36.0,,35.75,31.625,9.673847907287636,3,1,11,1.0,6.123233995736766e-17,1,1.0
SKU030,2024-03-24,43,,38.0,22.0,42.0,,36.25,33.5,9.74251849711699,3,1,12,1.0,6.123233995736766e-17,1,1.0
SKU030,2024-03-31,36,,43.0,38.0,43.0,,36.5,35.375,9.949874371066201,3,1,13,1.0,6.123233995736766e-17,1,1.0
SKU030,2024-04-07,45,,36.0,43.0,22.0,,34.75,36.25,8.995369179009092,4,2,14,0.8660254037844387,-0.4999999999999998,0,1.0
SKU030,2024-04-14,40,,45.0,36.0,38.0,,40.5,38.125,4.2031734043061695,4,2,15,0.8660254037844387,-0.4999999999999998,0,0.0
SKU030,2024-04-21,38,,40.0,45.0,43.0,,41.0,38.625,3.9157800414902493,4,2,16,0.8660254037844387,-0.4999999999999998,0,0.0
SKU030,2024-04-28,36,,38.0,40.0,36.0,,39.75,38.125,3.8622100754188287,4,2,17,0.8660254037844387,-0.4999999999999998,0,0.0
SKU030,2024-05-05,35,,36.0,38.0,45.0,,39.75,37.25,3.8622100754188287,5,2,18,0.49999999999999994,-0.8660254037844387,0,0.0
SKU030,2024-05-12,41,,35.0,36.0,40.0,,37.25,38.875,2.217355782608356,5,2,19,0.49999999999999994,-0.8660254037844387,0,0.0
SKU030,2024-05-19,42,,41.0,35.0,38.0,,37.5,39.25,2.6457513110645996,5,2,20,0.49999999999999994,-0.8660254037844387,0,0.0
SKU030,2024-05-26,47,,42.0,41.0,36.0,,38.5,39.125,3.5118845842842528,5,2,21,0.49999999999999994,-0.8660254037844387,0,0.0
SKU030,2024-06-02,40,,47.0,42.0,35.0,,41.25,40.5,4.924428900898056,6,2,22,1.2246467991473532e-16,-1.0,1,0.0
SKU030,2024-06-09,29,,40.0,47.0,41.0,,42.5,39.875,3.1091263510296105,6,2,23,1.2246467991473532e-16,-1.0,1,1.0
SKU030,2024-06-16,47,,29.0,40.0,42.0,,39.5,38.5,7.593857166596347,6,2,24,1.2246467991473532e-16,-1.0,1,1.0
SKU030,2024-06-23,28,,47.0,29.0,47.0,,40.75,39.625,8.500000000000002,6,2,25,1.2246467991473532e-16,-1.0,1,1.0
SKU030,2024-06-30,30,,28.0,47.0,40.0,,36.0,38.625,9.12870929175277,6,2,26,1.2246467991473532e-16,-1.0,1,1.0
SKU030,2024-07-07,36,,30.0,28.0,29.0,,33.5,38.0,9.036961141150641,7,3,27,-0.4999999999999997,-0.8660254037844388,0,1.0
SKU030,2024-07-14,27,,36.0,30.0,47.0,,35.25,37.375,8.539125638299666,7,3,28,-0.4999999999999997,-0.8660254037844388,0,0.0
SKU030,2024-07-21,27,,27.0,36.0,28.0,,30.25,35.5,4.031128874149276,7,3,29,-0.4999999999999997,-0.8660254037844388,0,0.0
SKU030,2024-07-28,32,,27.0,27.0,30.0,,30.0,33.0,4.2426406871192865,7,3,30,-0.4999999999999997,-0.8660254037844388,0,0.0
SKU030,2024-08-04,38,,32.0,27.0,36.0,,30.5,32.0,4.358898943540675,8,3,31,-0.8660254037844385,-0.5000000000000004,0,0.0
SKU030,2024-08-11,45,,38.0,32.0,27.0,,31.0,33.125,5.228129047119375,8,3,32,-0.8660254037844385,-0.5000000000000004,0,0.0
SKU030,2024-08-18,25,,45.0,38.0,27.0,,35.5,32.875,7.767453465154029,8,3,33,-0.8660254037844385,-0.5000000000000004,0,0.0
SKU030,2024-08-25,30,,25.0,45.0,32.0,,35.0,32.5,8.524474568362947,8,3,34,-0.8660254037844385,-0.5000000000000004,0,0.0
SKU030,2024-09-01,39,,30.0,25.0,38.0,,34.5,32.5,8.812869377601524,9,3,35,-1.0,-1.8369701987210297e-16,1,0.0
SKU030,2024-09-08,26,,39.0,30.0,45.0,,34.75,32.875,8.958236433584458,9,3,36,-1.0,-1.8369701987210297e-16,1,1.0
SKU030,2024-09-15,30,,26.0,39.0,25.0,,30.0,32.75,6.377042156569663,9,3,37,-1.0,-1.8369701987210297e-16,1,1.0
SKU030,2024-09-22,32,,30.0,26.0,30.0,,31.25,33.125,5.499999999999999,9,3,38,-1.0,-1.8369701987210297e-16,1,1.0
SKU030,2024-09-29,37,,32.0,30.0,39.0,,31.75,33.125,5.439056290693572,9,3,39,-1.0,-1.8369701987210297e-16,1,1.0
SKU030,2024-10-06,22,,37.0,32.0,26.0,,31.25,33.0,4.573474244670747,10,4,40,-0.8660254037844386,0.5000000000000001,0,1.0
SKU030,2024-10-13,18,,22.0,37.0,30.0,,30.25,30.125,6.238322424070966,10,4,41,-0.8660254037844386,0.5000000000000001,0,0.0
SKU030,2024-10-20,31,,18.0,22.0,32.0,,27.25,29.25,8.770214744615245,10,4,42,-0.8660254037844386,0.5000000000000001,0,0.0
SKU030,2024-10-27,26,,31.0,18.0,37.0,,27.0,29.375,8.602325267042627,10,4,43,-0.8660254037844386,0.5000000000000001,0,0.0
SKU030,2024-11-03,27,,26.0,31.0,22.0,,24.25,27.75,5.560275772537425,11,4,44,-0.5000000000000004,0.8660254037844384,1,0.0
SKU030,2024-11-10,28,,27.0,26.0,18.0,,25.5,27.875,5.44671154612273,11,4,45,-0.5000000000000004,0.8660254037844384,1,1.0
SKU030,2024-11-17,30,,28.0,27.0,31.0,,28.0,27.625,2.1602468994692834,11,4,46,-0.5000000000000004,0.8660254037844384,1,1.0
SKU030,2024-11-24,30,,30.0,28.0,26.0,,27.75,27.375,1.7078251276599288,11,4,47,-0.5000000000000004,0.8660254037844384,1,1.0
SKU030,2024-12-01,32,,30.0,30.0,27.0,,28.75,26.5,1.4999999999999958,12,4,48,-2.4492935982947064e-16,1.0,1,1.0
SKU030,2024-12-08,30,,32.0,30.0,28.0,,30.0,27.75,1.6329931618554485,12,4,49,-2.4492935982947064e-16,1.0,0,1.0
SKU030,2024-12-15,38,,30.0,32.0,30.0,,30.5,29.25,0.9999999999999939,12,4,50,-2.4492935982947064e-16,1.0,0,0.0
SKU030,2024-12-22,32,,38.0,30.0,30.0,,32.5,30.125,3.7859388972001806,12,4,51,-2.4492935982947064e-16,1.0,0,0.0
SKU030,2024-12-29,27,,32.0,38.0,32.0,,33.0,30.875,3.464101615137752,12,4,52,-2.4492935982947064e-16,1.0,0,0.0
SKU030,2025-01-05,21,39.0,27.0,32.0,30.0,39.0,31.75,30.875,4.645786621588783,1,1,1,0.49999999999999994,0.8660254037844387,0,0.0
SKU030,2025-01-12,31,41.0,21.0,27.0,38.0,41.0,29.5,30.0,7.234178138070234,1,1,2,0.49999999999999994,0.8660254037844387,0,0.0
SKU030,2025-01-19,34,23.0,31.0,21.0,32.0,23.0,27.75,30.125,4.991659710623978,1,1,3,0.49999999999999994,0.8660254037844387,0,0.0
SKU030,2025-01-26,36,28.0,34.0,31.0,27.0,28.0,28.25,30.625,5.619905100029121,1,1,4,0.49999999999999994,0.8660254037844387,0,0.0
SKU030,2025-02-02,26,29.0,36.0,34.0,21.0,29.0,30.5,31.125,6.658328118479392,2,1,5,0.8660254037844386,0.5000000000000001,0,0.0
SKU030,2025-02-09,41,30.0,26.0,36.0,31.0,30.0,31.75,30.625,4.349329450233295,2,1,6,0.8660254037844386,0.5000000000000001,0,0.0
SKU030,2025-02-16,31,36.0,41.0,26.0,34.0,36.0,34.25,31.0,6.238322424070966,2,1,7,0.8660254037844386,0.5000000000000001,0,0.0
SKU030,2025-02-23,39,42.0,31.0,41.0,36.0,42.0,33.5,30.875,6.454972243679028,2,1,8,0.8660254037844386,0.5000000000000001,0,0.0
SKU030,2025-03-02,47,43.0,39.0,31.0,26.0,43.0,34.25,32.375,6.994045086119096,3,1,9,1.0,6.123233995736766e-17,1,0.0
SKU030,2025-03-09,39,22.0,47.0,39.0,41.0,22.0,39.5,35.625,6.60807586719967,3,1,10,1.0,6.123233995736766e-17,1,1.0
SKU030,2025-03-16,32,38.0,39.0,47.0,31.0,38.0,39.0,36.625,6.531972647421808,3,1,11,1.0,6.123233995736766e-17,1,1.0
SKU030,2025-03-23,44,43.0,32.0,39.0,39.0,43.0,39.25,36.375,6.13052471924984,3,1,12,1.0,6.123233995736766e-17,1,1.0
SKU030,2025-03-30,40,36.0,44.0,32.0,47.0,36.0,40.5,37.375,6.557438524302,3,1,13,1.0,6.123233995736766e-17,1,1.0
SKU030,2025-04-06,30,45.0,40.0,44.0,39.0,45.0,38.75,39.125,4.9916597106239795,4,2,14,0.8660254037844387,-0.4999999999999998,0,1.0
SKU030,2025-04-13,35,40.0,30.0,40.0,32.0,40.0,36.5,37.75,6.60807586719967,4,2,15,0.8660254037844387,-0.4999999999999998,0,0.0
SKU030,2025-04-20,31,38.0,35.0,30.0,44.0,38.0,37.25,38.25,6.075908711186061,4,2,16,0.8660254037844387,-0.4999999999999998,0,0.0
SKU030,2025-04-27,40,36.0,31.0,35.0,40.0,36.0,34.0,37.25,4.546060565661952,4,2,17,0.8660254037844387,-0.4999999999999998,0,0.0
SKU030,2025-05-04,44,35.0,40.0,31.0,30.0,35.0,34.0,36.375,4.546060565661952,5,2,18,0.49999999999999994,-0.8660254037844387,0,0.0
SKU030,2025-05-11,30,41.0,44.0,40.0,35.0,41.0,37.5,37.0,5.686240703077326,5,2,19,0.49999999999999994,-0.8660254037844387,0,0.0
SKU030,2025-05-18,37,42.0,30.0,44.0,31.0,42.0,36.25,36.75,6.849574196011505,5,2,20,0.49999999999999994,-0.8660254037844387,0,0.0
SKU030,2025-05-25,38,47.0,37.0,30.0,40.0,47.0,37.75,35.875,5.909032633745278,5,2,21,0.49999999999999994,-0.8660254037844387,0,0.0
SKU030,2025-06-01,39,40.0,38.0,37.0,44.0,40.0,37.25,35.625,5.737304826019501,6,2,22,1.2246467991473532e-16,-1.0,1,0.0
SKU030,2025-06-08,38,29.0,39.0,38.0,30.0,29.0,36.0,36.75,4.082482904638629,6,2,23,1.2246467991473532e-16,-1.0,1,1.0
SKU030,2025-06-15,51,47.0,38.0,39.0,37.0,47.0,38.0,37.125,0.8164965809277203,6,2,24,1.2246467991473532e-16,-1.0,1,1.0
SKU030,2025-06-22,31,28.0,51.0,38.0,38.0,28.0,41.5,39.625,6.350852961085882,6,2,25,1.2246467991473532e-16,-1.0,1,1.0
SKU030,2025-06-29,47,30.0,31.0,51.0,39.0,30.0,39.75,38.5,8.301606270274846,6,2,26,1.2246467991473532e-16,-1.0,1,1.0
SKU030,2025-07-06,27,36.0,47.0,31.0,38.0,36.0,41.75,38.875,8.995369179009089,7,3,27,-0.4999999999999997,-0.8660254037844388,0,1.0
SKU030,2025-07-13,29,27.0,27.0,47.0,51.0,27.0,39.0,38.5,11.775681155103795,7,3,28,-0.4999999999999997,-0.8660254037844388,0,0.0
SKU030,2025-07-20,36,27.0,29.0,27.0,31.0,27.0,33.5,37.5,9.146948489341494,7,3,29,-0.4999999999999997,-0.8660254037844388,0,0.0
SKU030,2025-07-27,29,32.0,36.0,29.0,47.0,32.0,34.75,37.25,9.032349269892817,7,3,30,-0.4999999999999997,-0.8660254037844388,0,0.0
SKU030,2025-08-03,33,38.0,29.0,36.0,27.0,38.0,30.25,36.0,3.947573094109002,8,3,31,-0.8660254037844385,-0.5000000000000004,0,0.0
SKU030,2025-08-10,30,45.0,33.0,29.0,29.0,45.0,31.75,35.375,3.4034296427770214,8,3,32,-0.8660254037844385,-0.5000000000000004,0,0.0
SKU030,2025-08-17,28,25.0,30.0,33.0,36.0,25.0,32.0,32.75,3.1622776601683777,8,3,33,-0.8660254037844385,-0.5000000000000004,0,0.0
SKU030,2025-08-24,36,30.0,28.0,30.0,29.0,30.0,30.0,32.375,2.160246899469285,8,3,34,-0.8660254037844385,-0.5000000000000004,0,0.0
SKU030,2025-08-31,32,39.0,36.0,28.0,33.0,39.0,31.75,31.0,3.499999999999999,8,3,35,-0.8660254037844385,-0.5000000000000004,0,0.0
SKU030,2025-09-07,26,26.0,32.0,36.0,30.0,26.0,31.5,31.625,3.4156502553198655,9,3,36,-1.0,-1.8369701987210297e-16,1,0.0
SKU030,2025-09-14,34,30.0,26.0,32.0,28.0,30.0,30.5,31.25,4.4347115652166895,9,3,37,-1.0,-1.8369701987210297e-16,1,1.0
SKU030,2025-09-21,32,32.0,34.0,26.0,36.0,32.0,32.0,31.0,4.320493798938573,9,3,38,-1.0,-1.8369701987210297e-16,1,1.0
SKU030,2025-09-28,41,37.0,32.0,34.0,32.0,37.0,31.0,31.375,3.4641016151377544,9,3,39,-1.0,-1.8369701987210297e-16,1,1.0
SKU030,2025-10-05,27,22.0,41.0,32.0,26.0,22.0,33.25,32.375,6.18465843842649,10,4,40,-0.8660254037844386,0.5000000000000001,0,1.0
SKU030,2025-10-12,25,18.0,27.0,41.0,34.0,18.0,33.5,32.0,5.802298395176403,10,4,41,-0.8660254037844386,0.5000000000000001,0,0.0
SKU030,2025-10-19,32,31.0,25.0,27.0,32.0,31.0,31.25,31.625,7.135591542869216,10,4,42,-0.8660254037844386,0.5000000000000001,0,0.0
SKU030,2025-10-26,27,26.0,32.0,25.0,41.0,26.0,31.25,31.125,7.135591542869216,10,4,43,-0.8660254037844386,0.5000000000000001,0,0.0
SKU030,2025-11-02,28,27.0,27.0,32.0,27.0,27.0,27.75,30.5,2.986078811194821,11,4,44,-0.5000000000000004,0.8660254037844384,1,0.0
SKU030,2025-11-09,25,28.0,28.0,27.0,25.0,28.0,28.0,30.75,2.9439202887759506,11,4,45,-0.5000000000000004,0.8660254037844384,1,1.0
SKU030,2025-11-16,34,30.0,25.0,28.0,32.0,30.0,28.0,29.625,2.9439202887759506,11,4,46,-0.5000000000000004,0.8660254037844384,1,1.0
SKU030,2025-11-23,33,30.0,34.0,25.0,27.0,30.0,28.5,29.875,3.872983346207418,11,4,47,-0.5000000000000004,0.8660254037844384,1,1.0
SKU030,2025-11-30,26,32.0,33.0,34.0,28.0,32.0,30.0,28.875,4.2426406871192865,11,4,48,-0.5000000000000004,0.8660254037844384,1,1.0
SKU030,2025-12-07,25,30.0,26.0,33.0,25.0,30.0,29.5,28.75,4.654746681256315,12,4,49,-2.4492935982947064e-16,1.0,0,1.0
SKU030,2025-12-14,35,38.0,25.0,26.0,34.0,38.0,29.5,28.75,4.654746681256315,12,4,50,-2.4492935982947064e-16,1.0,0,0.0
SKU030,2025-12-21,26,32.0,35.0,25.0,33.0,32.0,29.75,29.125,4.9916597106239795,12,4,51,-2.4492935982947064e-16,1.0,0,0.0
SKU030,2025-12-28,28,27.0,26.0,35.0,26.0,27.0,28.0,29.0,4.690415759823431,12,4,52,-2.4492935982947064e-16,1.0,0,0.0
SKU031,2024-01-07,143,,,,,,,,,1,1,1,0.49999999999999994,0.8660254037844387,0,
SKU031,2024-01-14,107,,143.0,,,,,,,1,1,2,0.49999999999999994,0.8660254037844387,0,0.0
SKU031,2024-01-21,132,,107.0,143.0,,,,,,1,1,3,0.49999999999999994,0.8660254037844387,0,0.0
SKU031,2024-01-28,144,,132.0,107.0,,,,,,1,1,4,0.49999999999999994,0.8660254037844387,0,0.0
SKU031,2024-02-04,138,,144.0,132.0,143.0,,131.5,,17.214335111567145,2,1,5,0.8660254037844386,0.5000000000000001,0,0.0
SKU031,2024-02-11,137,,138.0,144.0,107.0,,130.25,,16.25576820700886,2,1,6,0.8660254037844386,0.5000000000000001,0,0.0
SKU031,2024-02-18,137,,137.0,138.0,132.0,,137.75,,4.924428900898056,2,1,7,0.8660254037844386,0.5000000000000001,0,0.0
SKU031,2024-02-25,150,,137.0,137.0,144.0,,139.0,,3.3665016461207,2,1,8,0.8660254037844386,0.5000000000000001,0,0.0
SKU031,2024-03-03,136,,150.0,137.0,138.0,,140.5,136.0,6.350852961085886,3,1,9,1.0,6.123233995736766e-17,1,0.0
SKU031,2024-03-10,163,,136.0,150.0,137.0,,140.0,135.125,6.683312551921143,3,1,10,1.0,6.123233995736766e-17,1,1.0
SKU031,2024-03-17,167,,163.0,136.0,137.0,,146.5,142.125,12.714820748507103,3,1,11,1.0,6.123233995736766e-17,1,1.0
SKU031,2024-03-24,166,,167.0,163.0,150.0,,154.0,146.5,14.02378931197509,3,1,12,1.0,6.123233995736766e-17,1,1.0
SKU031,2024-03-31,150,,166.0,167.0,136.0,,158.0,149.25,14.764823060233404,3,1,13,1.0,6.123233995736766e-17,1,1.0
SKU031,2024-04-07,158,,150.0,166.0,163.0,,161.5,150.75,7.852812659593168,4,2,14,0.8660254037844387,-0.4999999999999998,0,1.0
SKU031,2024-04-14,130,,158.0,150.0,167.0,,160.25,153.375,7.9320026895272,4,2,15,0.8660254037844387,-0.4999999999999998,0,0.0
SKU031,2024-04-21,165,,130.0,158.0,166.0,,151.0,152.5,15.448840301675293,4,2,16,0.8660254037844387,-0.4999999999999998,0,0.0
SKU031,2024-04-28,121,,165.0,130.0,150.0,,150.75,154.375,15.12999228904849,4,2,17,0.8660254037844387,-0.4999999999999998,0,0.0
SKU031,2024-05-05,159,,121.0,165.0,158.0,,143.5,152.5,21.299452262127932,5,2,18,0.49999999999999994,-0.8660254037844387,0,0.0
SKU031,2024-05-12,152,,159.0,121.0,130.0,,143.75,152.0,21.530985424112234,5,2,19,0.49999999999999994,-0.8660254037844387,0,0.0
SKU031,2024-05-19,143,,152.0,159.0,165.0,,149.25,150.125,19.56825660774783,5,2,20,0.49999999999999994,-0.8660254037844387,0,0.0
SKU031,2024-05-26,150,,143.0,152.0,121.0,,143.75,147.25,16.520189667999176,5,2,21,0.49999999999999994,-0.8660254037844387,0,0.0
SKU031,2024-06-02,160,,150.0,143.0,159.0,,151.0,147.25,6.582805886043826,6,2,22,1.2246467991473532e-16,-1.0,1,0.0
SKU031,2024-06-09,151,,160.0,150.0,152.0,,151.25,147.5,6.9940450861190895,6,2,23,1.2246467991473532e-16,-1.0,1,1.0
SKU031,2024-06-16,150,,151.0,160.0,143.0,,151.0,150.125,6.976149845485444,6,2,24,1.2246467991473532e-16,-1.0,1,1.0
SKU031,2024-06-23,152,,150.0,151.0,150.0,,152.75,148.25,4.856267428111148,6,2,25,1.2246467991473532e-16,-1.0,1,1.0
SKU031,2024-06-30,164,,152.0,150.0,160.0,,153.25,152.125,4.573474244670741,6,2,26,1.2246467991473532e-16,-1.0,1,1.0
SKU031,2024-07-07,133,,164.0,152.0,151.0,,154.25,152.75,6.551081335677845,7,3,27,-0.4999999999999997,-0.8660254037844388,0,1.0
SKU031,2024-07-14,120,,133.0,164.0,150.0,,149.75,150.375,12.76388133236386,7,3,28,-0.4999999999999997,-0.8660254037844388,0,0.0
SKU031,2024-07-21,126,,120.0,133.0,152.0,,142.25,147.5,19.56825660774783,7,3,29,-0.4999999999999997,-0.8660254037844388,0,0.0
SKU031,2024-07-28,122,,126.0,120.0,164.0,,135.75,144.5,19.56825660774783,7,3,30,-0.4999999999999997,-0.8660254037844388,0,0.0
SKU031,2024-08-04,98,,122.0,126.0,133.0,,125.25,139.75,5.73730482601949,8,3,31,-0.8660254037844385,-0.5000000000000004,0,0.0
SKU031,2024-08-11,145,,98.0,122.0,120.0,,116.5,133.125,12.583057392117912,8,3,32,-0.8660254037844385,-0.5000000000000004,0,0.0
SKU031,2024-08-18,120,,145.0,98.0,126.0,,122.75,132.5,19.31105037709411,8,3,33,-0.8660254037844385,-0.5000000000000004,0,0.0
SKU031,2024-08-25,104,,120.0,145.0,122.0,,121.25,128.5,19.207203509794613,8,3,34,-0.8660254037844385,-0.5000000000000004,0,0.0
SKU031,2024-09-01,124,,104.0,120.0,98.0,,116.75,121.0,20.998015779274635,9,3,35,-1.0,-1.8369701987210297e-16,1,0.0
SKU031,2024-09-08,110,,124.0,104.0,145.0,,123.25,119.875,16.8794747153656,9,3,36,-1.0,-1.8369701987210297e-16,1,1.0
SKU031,2024-09-15,135,,110.0,124.0,120.0,,114.5,118.625,9.146948489341492,9,3,37,-1.0,-1.8369701987210297e-16,1,1.0
SKU031,2024-09-22,123,,135.0,110.0,104.0,,118.25,119.75,13.96125591294231,9,3,38,-1.0,-1.8369701987210297e-16,1,1.0
SKU031,2024-09-29,116,,123.0,135.0,124.0,,123.0,119.875,10.230672835481867,9,3,39,-1.0,-1.8369701987210297e-16,1,1.0
SKU031,2024-10-06,105,,116.0,123.0,110.0,,121.0,122.125,10.739335795724672,10,4,40,-0.8660254037844386,0.5000000000000001,0,1.0
SKU031,2024-10-13,109,,105.0,116.0,135.0,,119.75,117.125,12.579745625409123,10,4,41,-0.8660254037844386,0.5000000000000001,0,0.0
SKU031,2024-10-20,109,,109.0,105.0,123.0,,113.25,115.75,7.932002689527195,10,4,42,-0.8660254037844386,0.5000000000000001,0,0.0
SKU031,2024-10-27,112,,109.0,109.0,116.0,,109.75,116.375,4.573474244670747,10,4,43,-0.8660254037844386,0.5000000000000001,0,0.0
SKU031,2024-11-03,129,,112.0,109.0,105.0,,108.75,114.875,2.872281323269014,11,4,44,-0.5000000000000004,0.8660254037844384,1,0.0
SKU031,2024-11-10,113,,129.0,112.0,109.0,,114.75,117.25,9.604686356149273,11,4,45,-0.5000000000000004,0.8660254037844384,1,1.0
SKU031,2024-11-17,105,,113.0,129.0,109.0,,115.75,114.5,8.995369179009089,11,4,46,-0.5000000000000004,0.8660254037844384,1,1.0
SKU031,2024-11-24,113,,105.0,113.0,112.0,,114.75,112.25,10.1447851956888,11,4,47,-0.5000000000000004,0.8660254037844384,1,1.0
SKU031,2024-12-01,103,,113.0,105.0,129.0,,115.0,111.875,10.066445913694333,12,4,48,-2.4492935982947064e-16,1.0,1,1.0
SKU031,2024-12-08,114,,103.0,113.0,113.0,,108.5,111.625,5.259911279353164,12,4,49,-2.4492935982947064e-16,1.0,0,1.0
SKU031,2024-12-15,107,,114.0,103.0,105.0,,108.75,112.25,5.560275772537424,12,4,50,-2.4492935982947064e-16,1.0,0,0.0
SKU031,2024-12-22,106,,107.0,114.0,113.0,,109.25,112.0,5.188127472091125,12,4,51,-2.4492935982947064e-16,1.0,0,0.0
SKU031,2024-12-29,108,,106.0,107.0,103.0,,107.5,111.25,4.654746681256311,12,4,52,-2.4492935982947064e-16,1.0,0,0.0
SKU031,2025-01-05,138,143.0,108.0,106.0,114.0,143.0,108.75,108.625,3.5939764421413014,1,1,1,0.49999999999999994,0.8660254037844387,0,0.0
SKU031,2025-01-12,145,107.0,138.0,108.0,107.0,107.0,114.75,111.75,15.521490478258416,1,1,2,0.49999999999999994,0.8660254037844387,0,0.0
SKU031,2025-01-19,132,132.0,145.0,138.0,106.0,132.0,124.25,116.75,20.13909961575575,1,1,3,0.49999999999999994,0.8660254037844387,0,0.0
SKU031,2025-01-26,140,144.0,132.0,145.0,108.0,144.0,130.75,119.125,16.0701586799882,1,1,4,0.49999999999999994,0.8660254037844387,0,0.0
SKU031,2025-02-02,131,138.0,140.0,132.0,138.0,138.0,138.75,123.75,5.377421934967221,2,1,5,0.8660254037844386,0.5000000000000001,0,0.0
SKU031,2025-02-09,152,137.0,131.0,140.0,145.0,137.0,137.0,125.875,6.683312551921136,2,1,6,0.8660254037844386,0.5000000000000001,0,0.0
SKU031,2025-02-16,163,137.0,152.0,131.0,132.0,137.0,138.75,131.5,9.708243919473796,2,1,7,0.8660254037844386,0.5000000000000001,0,0.0
SKU031,2025-02-23,130,150.0,163.0,152.0,140.0,150.0,146.5,138.625,13.964240043768939,2,1,8,0.8660254037844386,0.5000000000000001,0,0.0
SKU031,2025-03-02,137,136.0,130.0,163.0,131.0,136.0,144.0,141.375,16.227548592850777,3,1,9,1.0,6.123233995736766e-17,1,0.0
SKU031,2025-03-09,170,163.0,137.0,130.0,152.0,163.0,145.5,141.25,14.843629385474875,3,1,10,1.0,6.123233995736766e-17,1,1.0
SKU031,2025-03-16,133,167.0,170.0,137.0,163.0,167.0,150.0,144.375,19.47648154398872,3,1,11,1.0,6.123233995736766e-17,1,1.0
SKU031,2025-03-23,145,166.0,133.0,170.0,130.0,166.0,142.5,144.5,18.556220879622366,3,1,12,1.0,6.123233995736766e-17,1,1.0
SKU031,2025-03-30,173,150.0,145.0,133.0,137.0,150.0,146.25,145.125,16.600702796367784,3,1,13,1.0,6.123233995736766e-17,1,1.0
SKU031,2025-04-06,131,158.0,173.0,145.0,170.0,158.0,155.25,150.375,19.43150363027352,4,2,14,0.8660254037844387,-0.4999999999999998,0,1.0
SKU031,2025-04-13,160,130.0,131.0,173.0,133.0,130.0,145.5,147.75,19.34769581457526,4,2,15,0.8660254037844387,-0.4999999999999998,0,0.0
SKU031,2025-04-20,132,165.0,160.0,131.0,145.0,165.0,152.25,147.375,18.209429791548477,4,2,16,0.8660254037844387,-0.4999999999999998,0,0.0
SKU031,2025-04-27,130,121.0,132.0,160.0,173.0,121.0,149.0,147.625,20.8965706915433,4,2,17,0.8660254037844387,-0.4999999999999998,0,0.0
SKU031,2025-05-04,153,159.0,130.0,132.0,131.0,159.0,138.25,146.75,14.52297031142963,5,2,18,0.49999999999999994,-0.8660254037844387,0,0.0
SKU031,2025-05-11,156,152.0,153.0,130.0,160.0,152.0,143.75,144.625,15.019431857874425,5,2,19,0.49999999999999994,-0.8660254037844387,0,0.0
SKU031,2025-05-18,145,143.0,156.0,153.0,132.0,143.0,142.75,147.5,13.647344063956176,5,2,20,0.49999999999999994,-0.8660254037844387,0,0.0
SKU031,2025-05-25,158,150.0,145.0,156.0,130.0,150.0,146.0,147.5,11.633285577743424,5,2,21,0.49999999999999994,-0.8660254037844387,0,0.0
SKU031,2025-06-01,153,160.0,158.0,145.0,153.0,160.0,153.0,145.625,5.71547606649406,6,2,22,1.2246467991473532e-16,-1.0,1,0.0
SKU031,2025-06-08,156,151.0,153.0,158.0,156.0,151.0,153.0,148.375,5.71547606649406,6,2,23,1.2246467991473532e-16,-1.0,1,1.0
SKU031,2025-06-15,162,150.0,156.0,153.0,145.0,150.0,153.0,147.875,5.71547606649406,6,2,24,1.2246467991473532e-16,-1.0,1,1.0
SKU031,2025-06-22,144,152.0,162.0,156.0,158.0,152.0,157.25,151.625,3.7749172176353465,6,2,25,1.2246467991473532e-16,-1.0,1,1.0
SKU031,2025-06-29,136,164.0,144.0,162.0,153.0,164.0,153.75,153.375,7.499999999999985,6,2,26,1.2246467991473532e-16,-1.0,1,1.0
SKU031,2025-07-06,124,133.0,136.0,144.0,156.0,133.0,149.5,151.25,11.704699910719615,7,3,27,-0.4999999999999997,-0.8660254037844388,0,1.0
SKU031,2025-07-13,111,120.0,124.0,136.0,162.0,120.0,141.5,147.25,15.94783161854091,7,3,28,-0.4999999999999997,-0.8660254037844388,0,0.0
SKU031,2025-07-20,131,126.0,111.0,124.0,144.0,126.0,128.75,143.0,14.407752542757425,7,3,29,-0.4999999999999997,-0.8660254037844388,0,0.0
SKU031,2025-07-27,127,122.0,131.0,111.0,136.0,122.0,125.5,139.625,10.847426730181976,7,3,30,-0.4999999999999997,-0.8660254037844388,0,0.0
SKU031,2025-08-03,121,98.0,127.0,131.0,124.0,98.0,123.25,136.375,8.655441448399175,8,3,31,-0.8660254037844385,-0.5000000000000004,0,0.0
SKU031,2025-08-10,129,145.0,121.0,127.0,111.0,145.0,122.5,132.0,8.698658900466578,8,3,32,-0.8660254037844385,-0.5000000000000004,0,0.0
SKU031,2025-08-17,136,120.0,129.0,121.0,131.0,120.0,127.0,127.875,4.320493798938547,8,3,33,-0.8660254037844385,-0.5000000000000004,0,0.0
SKU031,2025-08-24,111,104.0,136.0,129.0,127.0,104.0,128.25,126.875,6.184658438426472,8,3,34,-0.8660254037844385,-0.5000000000000004,0,0.0
SKU031,2025-08-31,123,124.0,111.0,136.0,121.0,124.0,124.25,123.75,10.75096894858008,8,3,35,-0.8660254037844385,-0.5000000000000004,0,0.0
SKU031,2025-09-07,118,110.0,123.0,111.0,129.0,110.0,124.75,123.625,10.594810050208533,9,3,36,-1.0,-1.8369701987210297e-16,1,0.0
SKU031,2025-09-14,125,135.0,118.0,123.0,136.0,135.0,122.0,124.5,10.551461194229596,9,3,37,-1.0,-1.8369701987210297e-16,1,1.0
SKU031,2025-09-21,118,123.0,125.0,118.0,111.0,123.0,119.25,123.75,6.238322424070944,9,3,38,-1.0,-1.8369701987210297e-16,1,1.0
SKU031,2025-09-28,112,116.0,118.0,125.0,123.0,116.0,121.0,122.625,3.5590260840103967,9,3,39,-1.0,-1.8369701987210297e-16,1,1.0
SKU031,2025-10-05,107,105.0,112.0,118.0,118.0,105.0,118.25,121.5,5.315072906367297,10,4,40,-0.8660254037844386,0.5000000000000001,0,1.0
SKU031,2025-10-12,109,109.0,107.0,112.0,125.0,109.0,115.5,118.75,7.767453465154008,10,4,41,-0.8660254037844386,0.5000000000000001,0,0.0
SKU031,2025-10-19,120,109.0,109.0,107.0,118.0,109.0,111.5,115.375,4.795831523312684,10,4,42,-0.8660254037844386,0.5000000000000001,0,0.0
SKU031,2025-10-26,114,112.0,120.0,109.0,112.0,112.0,112.0,116.5,5.715476066494052,10,4,43,-0.8660254037844386,0.5000000000000001,0,0.0
SKU031,2025-11-02,110,129.0,114.0,120.0,107.0,129.0,112.5,115.375,5.802298395176374,11,4,44,-0.5000000000000004,0.8660254037844384,1,0.0
SKU031,2025-11-09,109,113.0,110.0,114.0,109.0,113.0,113.25,114.375,4.991659710623946,11,4,45,-0.5000000000000004,0.8660254037844384,1,1.0
SKU031,2025-11-16,131,105.0,109.0,110.0,120.0,105.0,113.25,112.375,4.991659710623946,11,4,46,-0.5000000000000004,0.8660254037844384,1,1.0
SKU031,2025-11-23,113,113.0,131.0,109.0,114.0,113.0,116.0,114.0,10.230672835481855,11,4,47,-0.5000000000000004,0.8660254037844384,1,1.0
SKU031,2025-11-30,104,103.0,113.0,131.0,110.0,103.0,115.75,114.125,10.307764064044134,11,4,48,-0.5000000000000004,0.8660254037844384,1,1.0
SKU031,2025-12-07,96,114.0,104.0,113.0,109.0,114.0,114.25,113.75,11.757976016304832,12,4,49,-2.4492935982947064e-16,1.0,0,1.0
SKU031,2025-12-14,104,107.0,96.0,104.0,131.0,107.0,111.0,112.125,15.033296378372897,12,4,50,-2.4492935982947064e-16,1.0,0,0.0
SKU031,2025-12-21,132,106.0,104.0,96.0,113.0,106.0,104.25,110.125,6.9462219947248744,12,4,51,-2.4492935982947064e-16,1.0,0,0.0
SKU031,2025-12-28,97,108.0,132.0,104.0,104.0,108.0,109.0,112.375,15.790292376436005,12,4,52,-2.4492935982947064e-16,1.0,0,0.0
SKU032,2024-01-07,53,,,,,,,,,1,1,1,0.49999999999999994,0.8660254037844387,0,
SKU032,2024-01-14,66,,53.0,,,,,,,1,1,2,0.49999999999999994,0.8660254037844387,0,0.0
SKU032,2024-01-21,72,,66.0,53.0,,,,,,1,1,3,0.49999999999999994,0.8660254037844387,0,0.0
SKU032,2024-01-28,70,,72.0,66.0,,,,,,1,1,4,0.49999999999999994,0.8660254037844387,0,0.0
SKU032,2024-02-04,64,,70.0,72.0,53.0,,65.25,,8.539125638299666,2,1,5,0.8660254037844386,0.5000000000000001,0,0.0
SKU032,2024-02-11,89,,64.0,70.0,66.0,,68.0,,3.65148371670111,2,1,6,0.8660254037844386,0.5000000000000001,0,0.0
SKU032,2024-02-18,69,,89.0,64.0,72.0,,73.75,,10.719919153924002,2,1,7,0.8660254037844386,0.5000000000000001,0,0.0
SKU032,2024-02-25,77,,69.0,89.0,70.0,,73.0,,10.98483803552272,2,1,8,0.8660254037844386,0.5000000000000001,0,0.0
SKU032,2024-03-03,93,,77.0,69.0,64.0,,74.75,70.0,10.90489186863706,3,1,9,1.0,6.123233995736766e-17,1,0.0
SKU032,2024-03-10,68,,93.0,77.0,89.0,,82.0,75.0,11.015141094572206,3,1,10,1.0,6.123233995736766e-17,1,1.0
SKU032,2024-03-17,78,,68.0,93.0,69.0,,76.75,75.25,11.557825631723876,3,1,11,1.0,6.123233995736766e-17,1,1.0
SKU032,2024-03-24,85,,78.0,68.0,77.0,,79.0,76.0,10.360180178613371,3,1,12,1.0,6.123233995736766e-17,1,1.0
SKU032,2024-03-31,71,,85.0,78.0,93.0,,81.0,77.875,10.614455552060441,3,1,13,1.0,6.123233995736766e-17,1,1.0
SKU032,2024-04-07,75,,71.0,85.0,68.0,,75.5,78.75,7.593857166596348,4,2,14,0.8660254037844387,-0.4999999999999998,0,1.0
SKU032,2024-04-14,74,,75.0,71.0,78.0,,77.25,77.0,5.909032633745284,4,2,15,0.8660254037844387,-0.4999999999999998,0,0.0
SKU032,2024-04-21,68,,74.0,75.0,85.0,,76.25,77.625,6.075908711186066,4,2,16,0.8660254037844387,-0.4999999999999998,0,0.0
SKU032,2024-04-28,78,,68.0,74.0,71.0,,72.0,76.5,3.1622776601683853,4,2,17,0.8660254037844387,-0.4999999999999998,0,0.0
SKU032,2024-05-05,73,,78.0,68.0,75.0,,73.75,74.625,4.193248541803047,5,2,18,0.49999999999999994,-0.8660254037844387,0,0.0
SKU032,2024-05-12,57,,73.0,78.0,74.0,,73.25,75.25,4.112987559751027,5,2,19,0.49999999999999994,-0.8660254037844387,0,0.0
SKU032,2024-05-19,101,,57.0,73.0,68.0,,69.0,72.625,8.981462390204989,5,2,20,0.49999999999999994,-0.8660254037844387,0,0.0
SKU032,2024-05-26,72,,101.0,57.0,78.0,,77.25,74.625,18.191115047370428,5,2,21,0.49999999999999994,-0.8660254037844387,0,0.0
SKU032,2024-06-02,84,,72.0,101.0,73.0,,75.75,74.75,18.355289882392672,6,2,22,1.2246467991473532e-16,-1.0,1,0.0
SKU032,2024-06-09,83,,84.0,72.0,57.0,,78.5,75.875,18.62793601019716,6,2,23,1.2246467991473532e-16,-1.0,1,1.0
SKU032,2024-06-16,65,,83.0,84.0,101.0,,85.0,77.0,11.97218999737865,6,2,24,1.2246467991473532e-16,-1.0,1,1.0
SKU032,2024-06-23,74,,65.0,83.0,72.0,,76.0,76.625,9.128709291752774,6,2,25,1.2246467991473532e-16,-1.0,1,1.0
SKU032,2024-06-30,71,,74.0,65.0,84.0,,76.5,76.125,8.888194417315592,6,2,26,1.2246467991473532e-16,-1.0,1,1.0
SKU032,2024-07-07,66,,71.0,74.0,83.0,,73.25,75.875,7.500000000000005,7,3,27,-0.4999999999999997,-0.8660254037844388,0,1.0
SKU032,2024-07-14,69,,66.0,71.0,65.0,,69.0,77.0,4.242640687119294,7,3,28,-0.4999999999999997,-0.8660254037844388,0,0.0
SKU032,2024-07-21,75,,69.0,66.0,74.0,,70.0,73.0,3.3665016461207045,7,3,29,-0.4999999999999997,-0.8660254037844388,0,0.0
SKU032,2024-07-28,53,,75.0,69.0,71.0,,70.25,73.375,3.7749172176353856,7,3,30,-0.4999999999999997,-0.8660254037844388,0,0.0
SKU032,2024-08-04,46,,53.0,75.0,66.0,,65.75,69.5,9.287087810503358,8,3,31,-0.8660254037844385,-0.5000000000000004,0,0.0
SKU032,2024-08-11,61,,46.0,53.0,69.0,,60.75,64.875,13.524668819112236,8,3,32,-0.8660254037844385,-0.5000000000000004,0,0.0
SKU032,2024-08-18,54,,61.0,46.0,75.0,,58.75,64.375,12.446552400832399,8,3,33,-0.8660254037844385,-0.5000000000000004,0,0.0
SKU032,2024-08-25,42,,54.0,61.0,53.0,,53.5,61.875,6.137317546507333,8,3,34,-0.8660254037844385,-0.5000000000000004,0,0.0
SKU032,2024-09-01,50,,42.0,54.0,46.0,,50.75,58.25,8.460693430998043,9,3,35,-1.0,-1.8369701987210297e-16,1,0.0
SKU032,2024-09-08,58,,50.0,42.0,61.0,,51.75,56.25,7.932002689527203,9,3,36,-1.0,-1.8369701987210297e-16,1,1.0
SKU032,2024-09-15,60,,58.0,50.0,54.0,,51.0,54.875,6.83130051063974,9,3,37,-1.0,-1.8369701987210297e-16,1,1.0
SKU032,2024-09-22,69,,60.0,58.0,42.0,,52.5,53.0,8.225975119502051,9,3,38,-1.0,-1.8369701987210297e-16,1,1.0
SKU032,2024-09-29,43,,69.0,60.0,50.0,,59.25,55.0,7.804912982645404,9,3,39,-1.0,-1.8369701987210297e-16,1,1.0
SKU032,2024-10-06,50,,43.0,69.0,58.0,,57.5,54.625,10.785793124908963,10,4,40,-0.8660254037844386,0.5000000000000001,0,1.0
SKU032,2024-10-13,56,,50.0,43.0,60.0,,55.5,53.25,11.38712723502582,10,4,41,-0.8660254037844386,0.5000000000000001,0,0.0
SKU032,2024-10-20,49,,56.0,50.0,69.0,,54.5,53.5,11.03026140518287,10,4,42,-0.8660254037844386,0.5000000000000001,0,0.0
SKU032,2024-10-27,48,,49.0,56.0,43.0,,49.5,54.375,5.32290647422378,10,4,43,-0.8660254037844386,0.5000000000000001,0,0.0
SKU032,2024-11-03,51,,48.0,49.0,50.0,,50.75,54.125,3.5939764421413187,11,4,44,-0.5000000000000004,0.8660254037844384,1,0.0
SKU032,2024-11-10,68,,51.0,48.0,56.0,,51.0,53.25,3.5590260840104517,11,4,45,-0.5000000000000004,0.8660254037844384,1,1.0
SKU032,2024-11-17,53,,68.0,51.0,49.0,,54.0,54.25,9.416297927883694,11,4,46,-0.5000000000000004,0.8660254037844384,1,1.0
SKU032,2024-11-24,41,,53.0,68.0,48.0,,55.0,52.25,8.906926143924931,11,4,47,-0.5000000000000004,0.8660254037844384,1,1.0
SKU032,2024-12-01,50,,41.0,53.0,51.0,,53.25,52.0,11.146748404803981,12,4,48,-2.4492935982947064e-16,1.0,1,1.0
SKU032,2024-12-08,54,,50.0,41.0,68.0,,53.0,52.0,11.22497216032183,12,4,49,-2.4492935982947064e-16,1.0,0,1.0
SKU032,2024-12-15,58,,54.0,50.0,53.0,,49.5,51.75,5.916079783099626,12,4,50,-2.4492935982947064e-16,1.0,0,0.0
SKU032,2024-12-22,59,,58.0,54.0,41.0,,50.75,52.875,7.27438428093174,12,4,51,-2.4492935982947064e-16,1.0,0,0.0
SKU032,2024-12-29,64,,59.0,58.0,50.0,,55.25,54.25,4.112987559751036,12,4,52,-2.4492935982947064e-16,1.0,0,0.0
SKU032,2025-01-05,57,53.0,64.0,59.0,54.0,53.0,58.75,55.875,4.112987559751036,1,1,1,0.49999999999999994,0.8660254037844387,0,0.0
SKU032,2025-01-12,54,66.0,57.0,64.0,58.0,66.0,59.5,54.5,3.109126351029623,1,1,2,0.49999999999999994,0.8660254037844387,0,0.0
SKU032,2025-01-19,67,72.0,54.0,57.0,59.0,72.0,58.5,54.625,4.2031734043061775,1,1,3,0.49999999999999994,0.8660254037844387,0,0.0
SKU032,2025-01-26,64,70.0,67.0,54.0,64.0,70.0,60.5,57.875,6.027713773341717,1,1,4,0.49999999999999994,0.8660254037844387,0,0.0
SKU032,2025-02-02,63,64.0,64.0,67.0,57.0,64.0,60.5,59.625,6.027713773341717,2,1,5,0.8660254037844386,0.5000000000000001,0,0.0
SKU032,2025-02-09,74,89.0,63.0,64.0,54.0,89.0,62.0,60.75,5.597618541248899,2,1,6,0.8660254037844386,0.5000000000000001,0,0.0
SKU032,2025-02-16,63,69.0,74.0,63.0,67.0,69.0,67.0,62.75,4.966554808583789,2,1,7,0.8660254037844386,0.5000000000000001,0,0.0
SKU032,2025-02-23,80,77.0,63.0,74.0,64.0,77.0,66.0,63.25,5.354126134736346,2,1,8,0.8660254037844386,0.5000000000000001,0,0.0
SKU032,2025-03-02,73,93.0,80.0,63.0,63.0,93.0,70.0,65.25,8.44590630621329,3,1,9,1.0,6.123233995736766e-17,1,0.0
SKU032,2025-03-09,58,68.0,73.0,80.0,74.0,68.0,72.5,67.25,7.047458170621997,3,1,10,1.0,6.123233995736766e-17,1,1.0
SKU032,2025-03-16,98,78.0,58.0,73.0,63.0,78.0,68.5,67.75,9.882644720249067,3,1,11,1.0,6.123233995736766e-17,1,1.0
SKU032,2025-03-23,83,85.0,98.0,58.0,80.0,85.0,77.25,71.625,16.600702796367795,3,1,12,1.0,6.123233995736766e-17,1,1.0
SKU032,2025-03-30,74,71.0,83.0,98.0,73.0,71.0,78.0,74.0,16.83250823060347,3,1,13,1.0,6.123233995736766e-17,1,1.0
SKU032,2025-04-06,68,75.0,74.0,83.0,58.0,75.0,78.25,75.375,16.74066904278321,4,2,14,0.8660254037844387,-0.4999999999999998,0,1.0
SKU032,2025-04-13,78,74.0,68.0,74.0,98.0,74.0,80.75,74.625,13.047988350699894,4,2,15,0.8660254037844387,-0.4999999999999998,0,0.0
SKU032,2025-04-20,92,68.0,78.0,68.0,83.0,68.0,75.75,76.5,6.344288770224772,4,2,16,0.8660254037844387,-0.4999999999999998,0,0.0
SKU032,2025-04-27,71,78.0,92.0,78.0,74.0,78.0,78.0,78.0,10.198039027185578,4,2,17,0.8660254037844387,-0.4999999999999998,0,0.0
SKU032,2025-05-04,89,73.0,71.0,92.0,68.0,73.0,77.25,77.75,10.688779163215983,5,2,18,0.49999999999999994,-0.8660254037844387,0,0.0
SKU032,2025-05-11,94,57.0,89.0,71.0,78.0,57.0,82.5,81.625,9.746794344808972,5,2,19,0.49999999999999994,-0.8660254037844387,0,0.0
SKU032,2025-05-18,73,101.0,94.0,89.0,92.0,101.0,86.5,81.125,10.535653752852747,5,2,20,0.49999999999999994,-0.8660254037844387,0,0.0
SKU032,2025-05-25,69,72.0,73.0,94.0,71.0,72.0,81.75,79.875,11.470977871713183,5,2,21,0.49999999999999994,-0.8660254037844387,0,0.0
SKU032,2025-06-01,79,84.0,69.0,73.0,89.0,84.0,81.25,79.25,12.120918557051146,6,2,22,1.2246467991473532e-16,-1.0,1,0.0
SKU032,2025-06-08,77,83.0,79.0,69.0,94.0,83.0,78.75,80.625,10.965856099730663,6,2,23,1.2246467991473532e-16,-1.0,1,1.0
SKU032,2025-06-15,78,65.0,77.0,79.0,73.0,65.0,74.5,80.5,4.434711565216714,6,2,24,1.2246467991473532e-16,-1.0,1,1.0
SKU032,2025-06-22,74,74.0,78.0,77.0,69.0,74.0,75.75,78.75,4.573474244670771,6,2,25,1.2246467991473532e-16,-1.0,1,1.0
SKU032,2025-06-29,55,71.0,74.0,78.0,79.0,71.0,77.0,79.125,2.1602468994693353,6,2,26,1.2246467991473532e-16,-1.0,1,1.0
SKU032,2025-07-06,70,66.0,55.0,74.0,77.0,66.0,71.0,74.875,10.801234497346442,7,3,27,-0.4999999999999997,-0.8660254037844388,0,1.0
SKU032,2025-07-13,63,69.0,70.0,55.0,78.0,69.0,69.25,71.875,10.045728777279768,7,3,28,-0.4999999999999997,-0.8660254037844388,0,0.0
SKU032,2025-07-20,54,75.0,63.0,70.0,74.0,75.0,65.5,70.625,8.34665601703262,7,3,29,-0.4999999999999997,-0.8660254037844388,0,0.0
SKU032,2025-07-27,52,53.0,54.0,63.0,55.0,53.0,60.5,68.75,7.505553499465145,7,3,30,-0.4999999999999997,-0.8660254037844388,0,0.0
SKU032,2025-08-03,80,46.0,52.0,54.0,70.0,46.0,59.75,65.375,8.341662504161475,8,3,31,-0.8660254037844385,-0.5000000000000004,0,0.0
SKU032,2025-08-10,51,61.0,80.0,52.0,63.0,61.0,62.25,65.75,12.763881332363868,8,3,32,-0.8660254037844385,-0.5000000000000004,0,0.0
SKU032,2025-08-17,65,54.0,51.0,80.0,54.0,54.0,59.25,62.375,13.889444433333784,8,3,33,-0.8660254037844385,-0.5000000000000004,0,0.0
SKU032,2025-08-24,51,42.0,65.0,51.0,52.0,42.0,62.0,61.25,13.589211407093012,8,3,34,-0.8660254037844385,-0.5000000000000004,0,0.0
SKU032,2025-08-31,55,50.0,51.0,65.0,80.0,50.0,61.75,60.75,13.841363131329713,8,3,35,-0.8660254037844385,-0.5000000000000004,0,0.0
SKU032,2025-09-07,48,58.0,55.0,51.0,51.0,58.0,55.5,58.875,6.60807586719968,9,3,36,-1.0,-1.8369701987210297e-16,1,0.0
SKU032,2025-09-14,76,60.0,48.0,55.0,65.0,60.0,54.75,57.0,7.410578025138579,9,3,37,-1.0,-1.8369701987210297e-16,1,1.0
SKU032,2025-09-21,57,69.0,76.0,48.0,51.0,69.0,57.5,59.75,12.662279942148391,9,3,38,-1.0,-1.8369701987210297e-16,1,1.0
SKU032,2025-09-28,60,43.0,57.0,76.0,55.0,43.0,59.0,60.375,11.972189997378653,9,3,39,-1.0,-1.8369701987210297e-16,1,1.0
SKU032,2025-10-05,44,50.0,60.0,57.0,48.0,50.0,60.25,57.875,11.672617529928758,10,4,40,-0.8660254037844386,0.5000000000000001,0,1.0
SKU032,2025-10-12,50,56.0,44.0,60.0,76.0,56.0,59.25,57.0,13.14977819838292,10,4,41,-0.8660254037844386,0.5000000000000001,0,0.0
SKU032,2025-10-19,48,49.0,50.0,44.0,57.0,49.0,52.75,55.125,7.182153808805087,10,4,42,-0.8660254037844386,0.5000000000000001,0,0.0
SKU032,2025-10-26,52,48.0,48.0,50.0,60.0,48.0,50.5,54.75,6.8068592855540535,10,4,43,-0.8660254037844386,0.5000000000000001,0,0.0
SKU032,2025-11-02,67,51.0,52.0,48.0,44.0,51.0,48.5,54.375,3.415650255319882,11,4,44,-0.5000000000000004,0.8660254037844384,1,0.0
SKU032,2025-11-09,61,68.0,67.0,52.0,50.0,68.0,54.25,56.75,8.655441448399197,11,4,45,-0.5000000000000004,0.8660254037844384,1,1.0
SKU032,2025-11-16,54,53.0,61.0,67.0,48.0,53.0,57.0,54.875,8.602325267042634,11,4,46,-0.5000000000000004,0.8660254037844384,1,1.0
SKU032,2025-11-23,70,41.0,54.0,61.0,52.0,41.0,58.5,54.5,6.855654600401053,11,4,47,-0.5000000000000004,0.8660254037844384,1,1.0
SKU032,2025-11-30,50,50.0,70.0,54.0,67.0,50.0,63.0,55.75,7.071067811865484,11,4,48,-0.5000000000000004,0.8660254037844384,1,1.0
SKU032,2025-12-07,60,54.0,50.0,70.0,61.0,54.0,58.75,56.5,8.770214744615252,12,4,49,-2.4492935982947064e-16,1.0,0,1.0
SKU032,2025-12-14,56,58.0,60.0,50.0,54.0,58.0,58.5,57.75,8.698658900466599,12,4,50,-2.4492935982947064e-16,1.0,0,0.0
SKU032,2025-12-21,68,59.0,56.0,60.0,70.0,59.0,59.0,58.75,8.406346808612335,12,4,51,-2.4492935982947064e-16,1.0,0,0.0
SKU032,2025-12-28,51,64.0,68.0,56.0,50.0,64.0,58.5,60.75,7.549834435270758,12,4,52,-2.4492935982947064e-16,1.0,0,0.0
SKU033,2024-01-07,114,,,,,,,,,1,1,1,0.49999999999999994,0.8660254037844387,0,
SKU033,2024-01-14,133,,114.0,,,,,,,1,1,2,0.49999999999999994,0.8660254037844387,0,0.0
SKU033,2024-01-21,132,,133.0,114.0,,,,,,1,1,3,0.49999999999999994,0.8660254037844387,0,0.0
SKU033,2024-01-28,127,,132.0,133.0,,,,,,1,1,4,0.49999999999999994,0.8660254037844387,0,0.0
SKU033,2024-02-04,123,,127.0,132.0,114.0,,126.5,,8.736894948054106,2,1,5,0.8660254037844386,0.5000000000000001,0,0.0
SKU033,2024-02-11,144,,123.0,127.0,133.0,,128.75,,4.6457866215887895,2,1,6,0.8660254037844386,0.5000000000000001,0,0.0
SKU033,2024-02-18,105,,144.0,123.0,132.0,,131.5,,9.110433579144303,2,1,7,0.8660254037844386,0.5000000000000001,0,0.0
SKU033,2024-02-25,125,,105.0,144.0,127.0,,124.75,,16.007810593582125,2,1,8,0.8660254037844386,0.5000000000000001,0,0.0
SKU033,2024-03-03,125,,125.0,105.0,123.0,,124.25,125.375,15.945218719101979,3,1,9,1.0,6.123233995736766e-17,1,0.0
SKU033,2024-03-10,149,,125.0,125.0,144.0,,124.75,126.75,15.92430008927656,3,1,10,1.0,6.123233995736766e-17,1,1.0
SKU033,2024-03-17,160,,149.0,125.0,105.0,,126.0,128.75,18.000000000000004,3,1,11,1.0,6.123233995736766e-17,1,1.0
SKU033,2024-03-24,151,,160.0,149.0,125.0,,139.75,132.25,17.613914953808543,3,1,12,1.0,6.123233995736766e-17,1,1.0
SKU033,2024-03-31,162,,151.0,160.0,125.0,,146.25,135.25,14.952703211571261,3,1,13,1.0,6.123233995736766e-17,1,1.0
SKU033,2024-04-07,164,,162.0,151.0,149.0,,155.5,140.125,6.4549722436790375,4,2,14,0.8660254037844387,-0.4999999999999998,0,1.0
SKU033,2024-04-14,178,,164.0,162.0,160.0,,159.25,142.625,5.737304826019515,4,2,15,0.8660254037844387,-0.4999999999999998,0,0.0
SKU033,2024-04-21,148,,178.0,164.0,151.0,,163.75,151.75,11.086778913041732,4,2,16,0.8660254037844387,-0.4999999999999998,0,0.0
SKU033,2024-04-28,119,,148.0,178.0,162.0,,163.0,154.625,12.274635093014652,4,2,17,0.8660254037844387,-0.4999999999999998,0,0.0
SKU033,2024-05-05,138,,119.0,148.0,164.0,,152.25,153.875,25.329495323305075,5,2,18,0.49999999999999994,-0.8660254037844387,0,0.0
SKU033,2024-05-12,155,,138.0,119.0,178.0,,145.75,152.5,24.635678733630765,5,2,19,0.49999999999999994,-0.8660254037844387,0,0.0
SKU033,2024-05-19,150,,155.0,138.0,148.0,,140.0,151.875,15.641824275533434,5,2,20,0.49999999999999994,-0.8660254037844387,0,0.0
SKU033,2024-05-26,120,,150.0,155.0,119.0,,140.5,151.75,16.01041327803045,5,2,21,0.49999999999999994,-0.8660254037844387,0,0.0
SKU033,2024-06-02,145,,120.0,150.0,138.0,,140.75,146.5,15.564382416273393,6,2,22,1.2246467991473532e-16,-1.0,1,0.0
SKU033,2024-06-09,146,,145.0,120.0,155.0,,142.5,144.125,15.545631755148039,6,2,23,1.2246467991473532e-16,-1.0,1,1.0
SKU033,2024-06-16,152,,146.0,145.0,150.0,,140.25,140.125,13.671747023210571,6,2,24,1.2246467991473532e-16,-1.0,1,1.0
SKU033,2024-06-23,158,,152.0,146.0,120.0,,140.75,140.625,14.174507634012093,6,2,25,1.2246467991473532e-16,-1.0,1,1.0
SKU033,2024-06-30,146,,158.0,152.0,145.0,,150.25,145.5,6.020797289396192,6,2,26,1.2246467991473532e-16,-1.0,1,1.0
SKU033,2024-07-07,134,,146.0,158.0,146.0,,150.5,146.5,5.744562646538076,7,3,27,-0.4999999999999997,-0.8660254037844388,0,1.0
SKU033,2024-07-14,136,,134.0,146.0,152.0,,147.5,143.875,10.246950765959625,7,3,28,-0.4999999999999997,-0.8660254037844388,0,0.0
SKU033,2024-07-21,122,,136.0,134.0,158.0,,143.5,142.125,11.000000000000023,7,3,29,-0.4999999999999997,-0.8660254037844388,0,0.0
SKU033,2024-07-28,125,,122.0,136.0,146.0,,134.5,142.375,9.848857801796127,7,3,30,-0.4999999999999997,-0.8660254037844388,0,0.0
SKU033,2024-08-04,112,,125.0,122.0,134.0,,129.25,139.875,6.80073525436775,8,3,31,-0.8660254037844385,-0.5000000000000004,0,0.0
SKU033,2024-08-11,107,,112.0,125.0,136.0,,123.75,135.625,9.878427675158317,8,3,32,-0.8660254037844385,-0.5000000000000004,0,0.0
SKU033,2024-08-18,103,,107.0,112.0,122.0,,116.5,130.0,8.426149773176384,8,3,33,-0.8660254037844385,-0.5000000000000004,0,0.0
SKU033,2024-08-25,109,,103.0,107.0,125.0,,111.75,123.125,9.569918146637086,8,3,34,-0.8660254037844385,-0.5000000000000004,0,0.0
SKU033,2024-09-01,107,,109.0,103.0,112.0,,107.75,118.5,3.7749172176354326,9,3,35,-1.0,-1.8369701987210297e-16,1,0.0
SKU033,2024-09-08,109,,107.0,109.0,107.0,,106.5,115.125,2.5166114784236684,9,3,36,-1.0,-1.8369701987210297e-16,1,1.0
SKU033,2024-09-15,107,,109.0,107.0,103.0,,107.0,111.75,2.8284271247462662,9,3,37,-1.0,-1.8369701987210297e-16,1,1.0
SKU033,2024-09-22,88,,107.0,109.0,109.0,,108.0,109.875,1.1547005383794406,9,3,38,-1.0,-1.8369701987210297e-16,1,1.0
SKU033,2024-09-29,106,,88.0,107.0,107.0,,102.75,105.25,9.87842767515832,9,3,39,-1.0,-1.8369701987210297e-16,1,1.0
SKU033,2024-10-06,94,,106.0,88.0,109.0,,102.5,104.5,9.746794344808988,10,4,40,-0.8660254037844386,0.5000000000000001,0,1.0
SKU033,2024-10-13,95,,94.0,106.0,107.0,,98.75,102.875,9.28708781050338,10,4,41,-0.8660254037844386,0.5000000000000001,0,0.0
SKU033,2024-10-20,104,,95.0,94.0,88.0,,95.75,101.875,7.50000000000003,10,4,42,-0.8660254037844386,0.5000000000000001,0,0.0
SKU033,2024-10-27,114,,104.0,95.0,106.0,,99.75,101.25,6.130524719249879,10,4,43,-0.8660254037844386,0.5000000000000001,0,0.0
SKU033,2024-11-03,118,,114.0,104.0,94.0,,101.75,102.125,9.322910847298022,11,4,44,-0.5000000000000004,0.8660254037844384,1,0.0
SKU033,2024-11-10,123,,118.0,114.0,95.0,,107.75,103.25,10.340051579497423,11,4,45,-0.5000000000000004,0.8660254037844384,1,1.0
SKU033,2024-11-17,103,,123.0,118.0,104.0,,114.75,105.25,8.05708797684791,11,4,46,-0.5000000000000004,0.8660254037844384,1,1.0
SKU033,2024-11-24,109,,103.0,123.0,114.0,,114.5,107.125,8.504900548115412,11,4,47,-0.5000000000000004,0.8660254037844384,1,1.0
SKU033,2024-12-01,86,,109.0,103.0,118.0,,113.25,107.5,8.958236433584487,12,4,48,-2.4492935982947064e-16,1.0,1,1.0
SKU033,2024-12-08,107,,86.0,109.0,123.0,,105.25,106.5,15.326991442115025,12,4,49,-2.4492935982947064e-16,1.0,0,1.0
SKU033,2024-12-15,127,,107.0,86.0,103.0,,101.25,108.0,10.468205831628161,12,4,50,-2.4492935982947064e-16,1.0,0,0.0
SKU033,2024-12-22,120,,127.0,107.0,109.0,,107.25,110.875,16.780444968275837,12,4,51,-2.4492935982947064e-16,1.0,0,0.0
SKU033,2024-12-29,108,,120.0,127.0,86.0,,110.0,111.625,18.01850900231945,12,4,52,-2.4492935982947064e-16,1.0,0,0.0
SKU033,2025-01-05,103,114.0,108.0,120.0,107.0,114.0,115.5,110.375,9.678154093972008,1,1,1,0.49999999999999994,0.8660254037844387,0,0.0
SKU033,2025-01-12,123,133.0,103.0,108.0,127.0,133.0,114.5,107.875,10.96965511460291,1,1,2,0.49999999999999994,0.8660254037844387,0,0.0
SKU033,2025-01-19,138,132.0,123.0,103.0,120.0,132.0,113.5,110.375,9.539392014169481,1,1,3,0.49999999999999994,0.8660254037844387,0,0.0
SKU033,2025-01-26,129,127.0,138.0,123.0,108.0,127.0,118.0,114.0,15.811388300841912,1,1,4,0.49999999999999994,0.8660254037844387,0,0.0
SKU033,2025-02-02,139,123.0,129.0,138.0,103.0,123.0,123.25,119.375,14.84082207965585,2,1,5,0.8660254037844386,0.5000000000000001,0,0.0
SKU033,2025-02-09,146,144.0,139.0,129.0,123.0,144.0,132.25,123.375,7.632168761236909,2,1,6,0.8660254037844386,0.5000000000000001,0,0.0
SKU033,2025-02-16,127,105.0,146.0,139.0,138.0,105.0,138.0,125.75,6.976149845485484,2,1,7,0.8660254037844386,0.5000000000000001,0,0.0
SKU033,2025-02-23,129,125.0,127.0,146.0,129.0,125.0,135.25,126.625,8.883505314157647,2,1,8,0.8660254037844386,0.5000000000000001,0,0.0
SKU033,2025-03-02,138,125.0,129.0,127.0,139.0,125.0,135.25,129.25,8.883505314157647,3,1,9,1.0,6.123233995736766e-17,1,0.0
SKU033,2025-03-09,154,149.0,138.0,129.0,146.0,149.0,135.0,133.625,8.755950357709159,3,1,10,1.0,6.123233995736766e-17,1,1.0
SKU033,2025-03-16,160,160.0,154.0,138.0,127.0,160.0,137.0,137.5,12.301761391497308,3,1,11,1.0,6.123233995736766e-17,1,1.0
SKU033,2025-03-23,149,151.0,160.0,154.0,129.0,151.0,145.25,140.25,14.268263150549673,3,1,12,1.0,6.123233995736766e-17,1,1.0
SKU033,2025-03-30,179,162.0,149.0,160.0,138.0,162.0,150.25,142.75,9.32291084729802,3,1,13,1.0,6.123233995736766e-17,1,1.0
SKU033,2025-04-06,156,164.0,179.0,149.0,154.0,164.0,160.5,147.75,13.127579111676821,4,2,14,0.8660254037844387,-0.4999999999999998,0,1.0
SKU033,2025-04-13,159,178.0,156.0,179.0,160.0,178.0,161.0,149.0,12.83225103661345,4,2,15,0.8660254037844387,-0.4999999999999998,0,0.0
SKU033,2025-04-20,130,148.0,159.0,156.0,149.0,148.0,160.75,153.0,12.867918764638423,4,2,16,0.8660254037844387,-0.4999999999999998,0,0.0
SKU033,2025-04-27,159,119.0,130.0,159.0,179.0,119.0,156.0,153.125,20.116328359486154,4,2,17,0.8660254037844387,-0.4999999999999998,0,0.0
SKU033,2025-05-04,152,138.0,159.0,130.0,156.0,138.0,151.0,155.75,14.071247279470297,5,2,18,0.49999999999999994,-0.8660254037844387,0,0.0
SKU033,2025-05-11,154,155.0,152.0,159.0,159.0,155.0,150.0,155.5,13.73559851869102,5,2,19,0.49999999999999994,-0.8660254037844387,0,0.0
SKU033,2025-05-18,140,150.0,154.0,152.0,130.0,150.0,148.75,154.75,12.841988423397172,5,2,20,0.49999999999999994,-0.8660254037844387,0,0.0
SKU033,2025-05-25,132,120.0,140.0,154.0,159.0,120.0,151.25,153.625,8.0570879768479,5,2,21,0.49999999999999994,-0.8660254037844387,0,0.0
SKU033,2025-06-01,155,145.0,132.0,140.0,152.0,145.0,144.5,147.75,10.376254944182264,6,2,22,1.2246467991473532e-16,-1.0,1,0.0
SKU033,2025-06-08,132,146.0,155.0,132.0,154.0,146.0,145.25,147.625,11.176612486199335,6,2,23,1.2246467991473532e-16,-1.0,1,1.0
SKU033,2025-06-15,154,152.0,132.0,155.0,140.0,152.0,139.75,144.25,10.843584893075427,6,2,24,1.2246467991473532e-16,-1.0,1,1.0
SKU033,2025-06-22,165,158.0,154.0,132.0,132.0,158.0,143.25,147.25,12.996794476587947,6,2,25,1.2246467991473532e-16,-1.0,1,1.0
SKU033,2025-06-29,145,146.0,165.0,154.0,155.0,146.0,151.5,148.0,13.91641716343208,6,2,26,1.2246467991473532e-16,-1.0,1,1.0
SKU033,2025-07-06,137,134.0,145.0,165.0,132.0,134.0,149.0,147.125,13.976170195491099,7,3,27,-0.4999999999999997,-0.8660254037844388,0,1.0
SKU033,2025-07-13,118,136.0,137.0,145.0,154.0,136.0,150.25,145.0,12.038133853162917,7,3,28,-0.4999999999999997,-0.8660254037844388,0,0.0
SKU033,2025-07-20,121,122.0,118.0,137.0,165.0,122.0,141.25,142.25,19.465781943365826,7,3,29,-0.4999999999999997,-0.8660254037844388,0,0.0
SKU033,2025-07-27,119,125.0,121.0,118.0,145.0,125.0,130.25,140.875,12.893796958227645,7,3,30,-0.4999999999999997,-0.8660254037844388,0,0.0
SKU033,2025-08-03,112,112.0,119.0,121.0,137.0,112.0,123.75,136.375,8.920949127381782,8,3,31,-0.8660254037844385,-0.5000000000000004,0,0.0
SKU033,2025-08-10,110,107.0,112.0,119.0,118.0,107.0,117.5,133.875,3.872983346207469,8,3,32,-0.8660254037844385,-0.5000000000000004,0,0.0
SKU033,2025-08-17,96,103.0,110.0,112.0,121.0,103.0,115.5,128.375,5.322906474223808,8,3,33,-0.8660254037844385,-0.5000000000000004,0,0.0
SKU033,2025-08-24,113,109.0,96.0,110.0,119.0,109.0,109.25,119.75,9.639329160614192,8,3,34,-0.8660254037844385,-0.5000000000000004,0,0.0
SKU033,2025-08-31,115,107.0,113.0,96.0,112.0,107.0,107.75,115.75,7.9320026895272235,8,3,35,-0.8660254037844385,-0.5000000000000004,0,0.0
SKU033,2025-09-07,97,109.0,115.0,113.0,110.0,109.0,108.5,113.0,8.582928793055848,9,3,36,-1.0,-1.8369701987210297e-16,1,0.0
SKU033,2025-09-14,126,107.0,97.0,115.0,96.0,107.0,105.25,110.375,10.144785195688824,9,3,37,-1.0,-1.8369701987210297e-16,1,1.0
SKU033,2025-09-21,110,88.0,126.0,97.0,113.0,88.0,112.75,111.0,11.954775893619553,9,3,38,-1.0,-1.8369701987210297e-16,1,1.0
SKU033,2025-09-28,125,106.0,110.0,126.0,115.0,106.0,112.0,109.875,12.027745701779164,9,3,39,-1.0,-1.8369701987210297e-16,1,1.0
SKU033,2025-10-05,102,94.0,125.0,110.0,97.0,94.0,114.5,111.5,13.771952173409083,10,4,40,-0.8660254037844386,0.5000000000000001,0,1.0
SKU033,2025-10-12,88,95.0,102.0,125.0,126.0,95.0,115.75,110.5,11.729592206608626,10,4,41,-0.8660254037844386,0.5000000000000001,0,0.0
SKU033,2025-10-19,100,104.0,88.0,102.0,110.0,104.0,106.25,109.5,15.456929406148788,10,4,42,-0.8660254037844386,0.5000000000000001,0,0.0
SKU033,2025-10-26,95,114.0,100.0,88.0,125.0,114.0,103.75,107.875,15.456929406148788,10,4,43,-0.8660254037844386,0.5000000000000001,0,0.0
SKU033,2025-11-02,95,118.0,95.0,100.0,102.0,118.0,96.25,105.375,6.238322424071006,11,4,44,-0.5000000000000004,0.8660254037844384,1,0.0
SKU033,2025-11-09,119,123.0,95.0,95.0,88.0,123.0,94.5,105.125,4.932882862316296,11,4,45,-0.5000000000000004,0.8660254037844384,1,1.0
SKU033,2025-11-16,116,103.0,119.0,95.0,100.0,103.0,102.25,104.25,11.412712210513346,11,4,46,-0.5000000000000004,0.8660254037844384,1,1.0
SKU033,2025-11-23,120,109.0,116.0,119.0,95.0,109.0,106.25,105.0,13.047988350699905,11,4,47,-0.5000000000000004,0.8660254037844384,1,1.0
SKU033,2025-11-30,121,86.0,120.0,116.0,95.0,86.0,112.5,104.375,11.789826122551615,11,4,48,-0.5000000000000004,0.8660254037844384,1,1.0
SKU033,2025-12-07,117,107.0,121.0,120.0,119.0,107.0,119.0,106.75,2.160246899469394,12,4,49,-2.4492935982947064e-16,1.0,0,1.0
SKU033,2025-12-14,109,127.0,117.0,121.0,116.0,127.0,118.5,110.375,2.380476142847714,12,4,50,-2.4492935982947064e-16,1.0,0,0.0
SKU033,2025-12-21,116,120.0,109.0,117.0,120.0,120.0,116.75,111.5,5.439056290693615,12,4,51,-2.4492935982947064e-16,1.0,0,0.0
SKU033,2025-12-28,96,108.0,116.0,109.0,121.0,108.0,115.75,114.125,4.991659710624025,12,4,52,-2.4492935982947064e-16,1.0,0,0.0
SKU034,2024-01-07,131,,,,,,,,,1,1,1,0.49999999999999994,0.8660254037844387,0,
SKU034,2024-01-14,146,,131.0,,,,,,,1,1,2,0.49999999999999994,0.8660254037844387,0,0.0
SKU034,2024-01-21,137,,146.0,131.0,,,,,,1,1,3,0.49999999999999994,0.8660254037844387,0,0.0
SKU034,2024-01-28,126,,137.0,146.0,,,,,,1,1,4,0.49999999999999994,0.8660254037844387,0,0.0
SKU034,2024-02-04,153,,126.0,137.0,131.0,,135.0,,8.602325267042627,2,1,5,0.8660254037844386,0.5000000000000001,0,0.0
SKU034,2024-02-11,160,,153.0,126.0,146.0,,140.5,,11.676186592091327,2,1,6,0.8660254037844386,0.5000000000000001,0,0.0
SKU034,2024-02-18,142,,160.0,153.0,137.0,,144.0,,15.383974345619102,2,1,7,0.8660254037844386,0.5000000000000001,0,0.0
SKU034,2024-02-25,132,,142.0,160.0,126.0,,145.25,,14.818344486930156,2,1,8,0.8660254037844386,0.5000000000000001,0,0.0
SKU034,2024-03-03,155,,132.0,142.0,153.0,,146.75,140.875,12.311918344975057,3,1,9,1.0,6.123233995736766e-17,1,0.0
SKU034,2024-03-10,163,,155.0,132.0,160.0,,147.25,143.875,12.685293322058687,3,1,10,1.0,6.123233995736766e-17,1,1.0
SKU034,2024-03-17,161,,163.0,155.0,142.0,,148.0,146.0,13.735598518691011,3,1,11,1.0,6.123233995736766e-17,1,1.0
SKU034,2024-03-24,171,,161.0,163.0,132.0,,152.75,149.0,14.2448821218944,3,1,12,1.0,6.123233995736766e-17,1,1.0
SKU034,2024-03-31,167,,171.0,161.0,155.0,,162.5,154.625,6.6080758671996795,3,1,13,1.0,6.123233995736766e-17,1,1.0
SKU034,2024-04-07,179,,167.0,171.0,163.0,,165.5,156.375,4.4347115652167055,4,2,14,0.8660254037844387,-0.4999999999999998,0,1.0
SKU034,2024-04-14,174,,179.0,167.0,161.0,,169.5,158.75,7.549834435270756,4,2,15,0.8660254037844387,-0.4999999999999998,0,0.0
SKU034,2024-04-21,162,,174.0,179.0,171.0,,172.75,162.75,5.057996968497846,4,2,16,0.8660254037844387,-0.4999999999999998,0,0.0
SKU034,2024-04-28,160,,162.0,174.0,167.0,,170.5,166.5,7.505553499465141,4,2,17,0.8660254037844387,-0.4999999999999998,0,0.0
SKU034,2024-05-05,170,,160.0,162.0,179.0,,168.75,167.125,9.215023964519395,5,2,18,0.49999999999999994,-0.8660254037844387,0,0.0
SKU034,2024-05-12,153,,170.0,160.0,174.0,,166.5,168.0,6.608075867199677,5,2,19,0.49999999999999994,-0.8660254037844387,0,0.0
SKU034,2024-05-19,163,,153.0,170.0,162.0,,161.25,167.0,6.994045086119103,5,2,20,0.49999999999999994,-0.8660254037844387,0,0.0
SKU034,2024-05-26,147,,163.0,153.0,160.0,,161.5,166.0,7.047458170621998,5,2,21,0.49999999999999994,-0.8660254037844387,0,0.0
SKU034,2024-06-02,170,,147.0,163.0,170.0,,158.25,163.5,10.24288370853964,6,2,22,1.2246467991473532e-16,-1.0,1,0.0
SKU034,2024-06-09,171,,170.0,147.0,153.0,,158.25,162.375,10.24288370853964,6,2,23,1.2246467991473532e-16,-1.0,1,1.0
SKU034,2024-06-16,165,,171.0,170.0,163.0,,162.75,162.0,11.08677891304173,6,2,24,1.2246467991473532e-16,-1.0,1,1.0
SKU034,2024-06-23,170,,165.0,171.0,147.0,,163.25,162.375,11.146748404803981,6,2,25,1.2246467991473532e-16,-1.0,1,1.0
SKU034,2024-06-30,181,,170.0,165.0,170.0,,169.0,163.625,2.7080128015453497,6,2,26,1.2246467991473532e-16,-1.0,1,1.0
SKU034,2024-07-07,148,,181.0,170.0,171.0,,171.75,165.0,6.701989754294381,7,3,27,-0.4999999999999997,-0.8660254037844388,0,1.0
SKU034,2024-07-14,120,,148.0,181.0,165.0,,166.0,164.375,13.735598518691017,7,3,28,-0.4999999999999997,-0.8660254037844388,0,0.0
SKU034,2024-07-21,127,,120.0,148.0,170.0,,154.75,159.0,26.92427653005122,7,3,29,-0.4999999999999997,-0.8660254037844388,0,0.0
SKU034,2024-07-28,132,,127.0,120.0,181.0,,144.0,156.5,27.386127875258307,7,3,30,-0.4999999999999997,-0.8660254037844388,0,0.0
SKU034,2024-08-04,117,,132.0,127.0,148.0,,131.75,151.75,11.89887949906769,8,3,31,-0.8660254037844385,-0.5000000000000004,0,0.0
SKU034,2024-08-11,129,,117.0,132.0,120.0,,124.0,145.0,6.782329983125266,8,3,32,-0.8660254037844385,-0.5000000000000004,0,0.0
SKU034,2024-08-18,120,,129.0,117.0,127.0,,126.25,140.5,6.499999999999999,8,3,33,-0.8660254037844385,-0.5000000000000004,0,0.0
SKU034,2024-08-25,95,,120.0,129.0,132.0,,124.5,134.25,7.1414284285428495,8,3,34,-0.8660254037844385,-0.5000000000000004,0,0.0
SKU034,2024-09-01,115,,95.0,120.0,117.0,,115.25,123.5,14.430869689661812,9,3,35,-1.0,-1.8369701987210297e-16,1,0.0
SKU034,2024-09-08,110,,115.0,95.0,129.0,,114.75,119.375,14.38459824488215,9,3,36,-1.0,-1.8369701987210297e-16,1,1.0
SKU034,2024-09-15,150,,110.0,115.0,120.0,,110.0,118.125,10.801234497346433,9,3,37,-1.0,-1.8369701987210297e-16,1,1.0
SKU034,2024-09-22,153,,150.0,110.0,95.0,,117.5,121.0,23.27373340628157,9,3,38,-1.0,-1.8369701987210297e-16,1,1.0
SKU034,2024-09-29,111,,153.0,150.0,115.0,,132.0,123.625,22.642143596988927,9,3,39,-1.0,-1.8369701987210297e-16,1,1.0
SKU034,2024-10-06,118,,111.0,153.0,110.0,,131.0,122.875,23.706539182259394,10,4,40,-0.8660254037844386,0.5000000000000001,0,1.0
SKU034,2024-10-13,99,,118.0,111.0,150.0,,133.0,121.5,21.587033144922902,10,4,41,-0.8660254037844386,0.5000000000000001,0,0.0
SKU034,2024-10-20,116,,99.0,118.0,153.0,,120.25,118.875,23.20021551624036,10,4,42,-0.8660254037844386,0.5000000000000001,0,0.0
SKU034,2024-10-27,111,,116.0,99.0,111.0,,111.0,121.5,8.524474568362942,10,4,43,-0.8660254037844386,0.5000000000000001,0,0.0
SKU034,2024-11-03,137,,111.0,116.0,118.0,,111.0,121.0,8.524474568362942,11,4,44,-0.5000000000000004,0.8660254037844384,1,0.0
SKU034,2024-11-10,122,,137.0,111.0,99.0,,115.75,124.375,15.861378670636837,11,4,45,-0.5000000000000004,0.8660254037844384,1,1.0
SKU034,2024-11-17,131,,122.0,137.0,116.0,,121.5,120.875,11.269427669584639,11,4,46,-0.5000000000000004,0.8660254037844384,1,1.0
SKU034,2024-11-24,121,,131.0,122.0,111.0,,125.25,118.125,11.32475165290612,11,4,47,-0.5000000000000004,0.8660254037844384,1,1.0
SKU034,2024-12-01,142,,121.0,131.0,137.0,,127.75,119.375,7.6321687612368665,12,4,48,-2.4492935982947064e-16,1.0,1,1.0
SKU034,2024-12-08,128,,142.0,121.0,122.0,,129.0,122.375,9.763879010584533,12,4,49,-2.4492935982947064e-16,1.0,0,1.0
SKU034,2024-12-15,137,,128.0,142.0,131.0,,130.5,126.0,8.736894948054097,12,4,50,-2.4492935982947064e-16,1.0,0,0.0
SKU034,2024-12-22,114,,137.0,128.0,121.0,,132.0,128.625,9.345230512584116,12,4,51,-2.4492935982947064e-16,1.0,0,0.0
SKU034,2024-12-29,127,,114.0,137.0,142.0,,130.25,129.0,12.284814474246915,12,4,52,-2.4492935982947064e-16,1.0,0,0.0
SKU034,2025-01-05,129,131.0,127.0,114.0,128.0,131.0,126.5,127.75,9.469248474227852,1,1,1,0.49999999999999994,0.8660254037844387,0,0.0
SKU034,2025-01-12,128,146.0,129.0,127.0,137.0,146.0,126.75,128.625,9.535023160258527,1,1,2,0.49999999999999994,0.8660254037844387,0,0.0
SKU034,2025-01-19,134,137.0,128.0,129.0,114.0,137.0,124.5,128.25,7.0474581706219785,1,1,3,0.49999999999999994,0.8660254037844387,0,0.0
SKU034,2025-01-26,148,126.0,134.0,128.0,127.0,126.0,129.5,129.875,3.109126351029576,1,1,4,0.49999999999999994,0.8660254037844387,0,0.0
SKU034,2025-02-02,142,153.0,148.0,134.0,129.0,153.0,134.75,130.625,9.215023964519379,2,1,5,0.8660254037844386,0.5000000000000001,0,0.0
SKU034,2025-02-09,145,160.0,142.0,148.0,128.0,160.0,138.0,132.375,8.793937305515268,2,1,6,0.8660254037844386,0.5000000000000001,0,0.0
SKU034,2025-02-16,160,142.0,145.0,142.0,134.0,142.0,142.25,133.375,6.020797289396128,2,1,7,0.8660254037844386,0.5000000000000001,0,0.0
SKU034,2025-02-23,163,132.0,160.0,145.0,148.0,132.0,148.75,139.125,7.8898669190297355,2,1,8,0.8660254037844386,0.5000000000000001,0,0.0
SKU034,2025-03-02,153,155.0,163.0,160.0,142.0,155.0,152.5,143.625,10.535653752852728,3,1,9,1.0,6.123233995736766e-17,1,0.0
SKU034,2025-03-09,176,163.0,153.0,163.0,145.0,163.0,155.25,146.625,8.015609770940685,3,1,10,1.0,6.123233995736766e-17,1,1.0
SKU034,2025-03-16,197,161.0,176.0,153.0,160.0,161.0,163.0,152.625,9.62635271879576,3,1,11,1.0,6.123233995736766e-17,1,1.0
SKU034,2025-03-23,170,171.0,197.0,176.0,163.0,171.0,172.25,160.5,18.997806890972086,3,1,12,1.0,6.123233995736766e-17,1,1.0
SKU034,2025-03-30,176,167.0,170.0,197.0,153.0,167.0,174.0,163.25,18.165902124584946,3,1,13,1.0,6.123233995736766e-17,1,1.0
SKU034,2025-04-06,159,179.0,176.0,170.0,176.0,179.0,179.75,167.5,11.842719282327003,4,2,14,0.8660254037844387,-0.4999999999999998,0,1.0
SKU034,2025-04-13,150,174.0,159.0,176.0,197.0,174.0,175.5,169.25,15.968719422671306,4,2,15,0.8660254037844387,-0.4999999999999998,0,0.0
SKU034,2025-04-20,156,162.0,150.0,159.0,170.0,162.0,163.75,168.0,11.557825631723869,4,2,16,0.8660254037844387,-0.4999999999999998,0,0.0
SKU034,2025-04-27,170,160.0,156.0,150.0,176.0,160.0,160.25,167.125,11.146748404803972,4,2,17,0.8660254037844387,-0.4999999999999998,0,0.0
SKU034,2025-05-04,150,170.0,170.0,156.0,159.0,170.0,158.75,169.25,8.381527307120098,5,2,18,0.49999999999999994,-0.8660254037844387,0,0.0
SKU034,2025-05-11,127,153.0,150.0,170.0,150.0,153.0,156.5,166.0,9.433981132056598,5,2,19,0.49999999999999994,-0.8660254037844387,0,0.0
SKU034,2025-05-18,171,163.0,127.0,150.0,156.0,163.0,150.75,157.25,17.91414710966354,5,2,20,0.49999999999999994,-0.8660254037844387,0,0.0
SKU034,2025-05-25,162,147.0,171.0,127.0,170.0,147.0,154.5,157.375,20.72840241472233,5,2,21,0.49999999999999994,-0.8660254037844387,0,0.0
SKU034,2025-06-01,180,170.0,162.0,171.0,150.0,170.0,152.5,155.625,19.052558883257646,6,2,22,1.2246467991473532e-16,-1.0,1,0.0
SKU034,2025-06-08,163,171.0,180.0,162.0,127.0,171.0,160.0,158.25,23.194827009486403,6,2,23,1.2246467991473532e-16,-1.0,1,1.0
SKU034,2025-06-15,162,165.0,163.0,180.0,171.0,165.0,169.0,159.875,8.366600265340747,6,2,24,1.2246467991473532e-16,-1.0,1,1.0
SKU034,2025-06-22,163,170.0,162.0,163.0,162.0,170.0,166.75,160.625,8.845903006477059,6,2,25,1.2246467991473532e-16,-1.0,1,1.0
SKU034,2025-06-29,172,181.0,163.0,162.0,180.0,181.0,167.0,159.75,8.679477710861017,6,2,26,1.2246467991473532e-16,-1.0,1,1.0
SKU034,2025-07-06,134,148.0,172.0,163.0,163.0,148.0,165.0,162.5,4.690415759823413,7,3,27,-0.4999999999999997,-0.8660254037844388,0,1.0
SKU034,2025-07-13,118,120.0,134.0,172.0,162.0,120.0,157.75,163.375,16.45954636879967,7,3,28,-0.4999999999999997,-0.8660254037844388,0,0.0
SKU034,2025-07-20,147,127.0,118.0,134.0,163.0,127.0,146.75,156.75,25.104780421266383,7,3,29,-0.4999999999999997,-0.8660254037844388,0,0.0
SKU034,2025-07-27,152,132.0,147.0,118.0,172.0,132.0,142.75,154.875,22.82359889821644,7,3,30,-0.4999999999999997,-0.8660254037844388,0,0.0
SKU034,2025-08-03,124,117.0,152.0,147.0,134.0,117.0,137.75,151.375,15.195942440884231,8,3,31,-0.8660254037844385,-0.5000000000000004,0,0.0
SKU034,2025-08-10,111,129.0,124.0,152.0,118.0,129.0,135.25,146.5,16.7605688049859,8,3,32,-0.8660254037844385,-0.5000000000000004,0,0.0
SKU034,2025-08-17,135,120.0,111.0,124.0,147.0,120.0,133.5,140.125,19.330459556530634,8,3,33,-0.8660254037844385,-0.5000000000000004,0,0.0
SKU034,2025-08-24,103,95.0,135.0,111.0,152.0,95.0,130.5,136.625,17.3685539601507,8,3,34,-0.8660254037844385,-0.5000000000000004,0,0.0
SKU034,2025-08-31,138,115.0,103.0,135.0,124.0,115.0,118.25,128.0,14.12739655185389,8,3,35,-0.8660254037844385,-0.5000000000000004,0,0.0
SKU034,2025-09-07,150,110.0,138.0,103.0,111.0,110.0,121.75,128.5,17.385338650713706,9,3,36,-1.0,-1.8369701987210297e-16,1,0.0
SKU034,2025-09-14,115,150.0,150.0,138.0,135.0,150.0,131.5,132.5,20.07485989988473,9,3,37,-1.0,-1.8369701987210297e-16,1,1.0
SKU034,2025-09-21,110,153.0,115.0,150.0,103.0,153.0,126.5,128.5,21.361959960016154,9,3,38,-1.0,-1.8369701987210297e-16,1,1.0
SKU034,2025-09-28,148,111.0,110.0,115.0,138.0,111.0,128.25,123.25,18.945096111307187,9,3,39,-1.0,-1.8369701987210297e-16,1,1.0
SKU034,2025-10-05,106,118.0,148.0,110.0,150.0,118.0,130.75,126.25,21.187653637594387,10,4,40,-0.8660254037844386,0.5000000000000001,0,1.0
SKU034,2025-10-12,97,99.0,106.0,148.0,115.0,99.0,119.75,125.625,19.189841062395487,10,4,41,-0.8660254037844386,0.5000000000000001,0,0.0
SKU034,2025-10-19,115,116.0,97.0,106.0,110.0,116.0,115.25,120.875,22.5,10,4,42,-0.8660254037844386,0.5000000000000001,0,0.0
SKU034,2025-10-26,101,111.0,115.0,97.0,148.0,111.0,116.5,122.375,22.24859546128699,10,4,43,-0.8660254037844386,0.5000000000000001,0,0.0
SKU034,2025-11-02,122,137.0,101.0,115.0,106.0,137.0,104.75,117.75,7.762087348130007,11,4,44,-0.5000000000000004,0.8660254037844384,1,0.0
SKU034,2025-11-09,129,122.0,122.0,101.0,97.0,122.0,108.75,114.25,11.729592206608604,11,4,45,-0.5000000000000004,0.8660254037844384,1,1.0
SKU034,2025-11-16,118,131.0,129.0,122.0,115.0,131.0,116.75,116.0,11.954775893619528,11,4,46,-0.5000000000000004,0.8660254037844384,1,1.0
SKU034,2025-11-23,133,121.0,118.0,129.0,101.0,121.0,117.5,117.0,11.90238071423808,11,4,47,-0.5000000000000004,0.8660254037844384,1,1.0
SKU034,2025-11-30,130,142.0,133.0,118.0,122.0,142.0,125.5,115.125,6.757711644237757,11,4,48,-0.5000000000000004,0.8660254037844384,1,1.0
SKU034,2025-12-07,147,128.0,130.0,133.0,129.0,128.0,127.5,118.125,6.557438524301992,12,4,49,-2.4492935982947064e-16,1.0,0,1.0
SKU034,2025-12-14,118,137.0,147.0,130.0,118.0,137.0,132.0,124.375,11.916375287812981,12,4,50,-2.4492935982947064e-16,1.0,0,0.0
SKU034,2025-12-21,119,114.0,118.0,147.0,133.0,114.0,132.0,124.75,11.916375287812981,12,4,51,-2.4492935982947064e-16,1.0,0,0.0
SKU034,2025-12-28,124,127.0,119.0,118.0,130.0,127.0,128.5,127.0,13.478377746103813,12,4,52,-2.4492935982947064e-16,1.0,0,0.0
SKU035,2024-01-07,146,,,,,,,,,1,1,1,0.49999999999999994,0.8660254037844387,0,
SKU035,2024-01-14,159,,146.0,,,,,,,1,1,2,0.49999999999999994,0.8660254037844387,0,0.0
SKU035,2024-01-21,154,,159.0,146.0,,,,,,1,1,3,0.49999999999999994,0.8660254037844387,0,0.0
SKU035,2024-01-28,139,,154.0,159.0,,,,,,1,1,4,0.49999999999999994,0.8660254037844387,0,0.0
SKU035,2024-02-04,154,,139.0,154.0,146.0,,149.5,,8.812869377601524,2,1,5,0.8660254037844386,0.5000000000000001,0,0.0
SKU035,2024-02-11,153,,154.0,139.0,159.0,,151.5,,8.660254037844387,2,1,6,0.8660254037844386,0.5000000000000001,0,0.0
SKU035,2024-02-18,165,,153.0,154.0,154.0,,150.0,,7.348469228349535,2,1,7,0.8660254037844386,0.5000000000000001,0,0.0
SKU035,2024-02-25,163,,165.0,153.0,139.0,,152.75,,10.657548185832113,2,1,8,0.8660254037844386,0.5000000000000001,0,0.0
SKU035,2024-03-03,173,,163.0,165.0,154.0,,158.75,154.125,6.130524719249839,3,1,9,1.0,6.123233995736766e-17,1,0.0
SKU035,2024-03-10,177,,173.0,163.0,153.0,,163.5,157.5,8.22597511950204,3,1,10,1.0,6.123233995736766e-17,1,1.0
SKU035,2024-03-17,177,,177.0,173.0,165.0,,169.5,159.75,6.608075867199665,3,1,11,1.0,6.123233995736766e-17,1,1.0
SKU035,2024-03-24,185,,177.0,177.0,163.0,,172.5,162.625,6.608075867199665,3,1,12,1.0,6.123233995736766e-17,1,1.0
SKU035,2024-03-31,176,,185.0,177.0,173.0,,178.0,168.375,5.033222956847166,3,1,13,1.0,6.123233995736766e-17,1,1.0
SKU035,2024-04-07,165,,176.0,185.0,177.0,,178.75,171.125,4.193248541803042,4,2,14,0.8660254037844387,-0.4999999999999998,0,1.0
SKU035,2024-04-14,187,,165.0,176.0,177.0,,175.75,172.625,8.220908303425684,4,2,15,0.8660254037844387,-0.4999999999999998,0,0.0
SKU035,2024-04-21,159,,187.0,165.0,185.0,,178.25,175.375,10.04572877727976,4,2,16,0.8660254037844387,-0.4999999999999998,0,0.0
SKU035,2024-04-28,201,,159.0,187.0,176.0,,171.75,174.875,12.365947867699695,4,2,17,0.8660254037844387,-0.4999999999999998,0,0.0
SKU035,2024-05-05,169,,201.0,159.0,165.0,,178.0,178.375,19.493588689617926,5,2,18,0.49999999999999994,-0.8660254037844387,0,0.0
SKU035,2024-05-12,159,,169.0,201.0,187.0,,179.0,177.375,18.690461025168247,5,2,19,0.49999999999999994,-0.8660254037844387,0,0.0
SKU035,2024-05-19,158,,159.0,169.0,159.0,,172.0,175.125,19.8997487421324,5,2,20,0.49999999999999994,-0.8660254037844387,0,0.0
SKU035,2024-05-26,174,,158.0,159.0,201.0,,171.75,171.75,20.12254125767088,5,2,21,0.49999999999999994,-0.8660254037844387,0,0.0
SKU035,2024-06-02,176,,174.0,158.0,169.0,,165.0,171.5,7.788880963698615,6,2,22,1.2246467991473532e-16,-1.0,1,0.0
SKU035,2024-06-09,166,,176.0,174.0,159.0,,166.75,172.875,9.569918146637063,6,2,23,1.2246467991473532e-16,-1.0,1,1.0
SKU035,2024-06-16,195,,166.0,176.0,158.0,,168.5,170.25,8.225975119502044,6,2,24,1.2246467991473532e-16,-1.0,1,1.0
SKU035,2024-06-23,159,,195.0,166.0,174.0,,177.75,174.75,12.284814474246922,6,2,25,1.2246467991473532e-16,-1.0,1,1.0
SKU035,2024-06-30,177,,159.0,195.0,176.0,,174.0,169.5,15.641824275533422,6,2,26,1.2246467991473532e-16,-1.0,1,1.0
SKU035,2024-07-07,143,,177.0,159.0,166.0,,174.25,170.5,15.692354826475215,7,3,27,-0.4999999999999997,-0.8660254037844388,0,1.0
SKU035,2024-07-14,159,,143.0,177.0,195.0,,168.5,168.5,22.47220505424423,7,3,28,-0.4999999999999997,-0.8660254037844388,0,0.0
SKU035,2024-07-21,132,,159.0,143.0,159.0,,159.5,168.625,13.892443989449802,7,3,29,-0.4999999999999997,-0.8660254037844388,0,0.0
SKU035,2024-07-28,159,,132.0,159.0,177.0,,152.75,163.375,19.602295783912655,7,3,30,-0.4999999999999997,-0.8660254037844388,0,0.0
SKU035,2024-08-04,144,,159.0,132.0,143.0,,148.25,161.25,13.200378782444076,8,3,31,-0.8660254037844385,-0.5000000000000004,0,0.0
SKU035,2024-08-11,137,,144.0,159.0,159.0,,148.5,158.5,13.076696830622012,8,3,32,-0.8660254037844385,-0.5000000000000004,0,0.0
SKU035,2024-08-18,137,,137.0,144.0,132.0,,143.0,151.25,11.747340124470721,8,3,33,-0.8660254037844385,-0.5000000000000004,0,0.0
SKU035,2024-08-25,125,,137.0,137.0,159.0,,144.25,148.5,10.372238588334396,8,3,34,-0.8660254037844385,-0.5000000000000004,0,0.0
SKU035,2024-09-01,135,,125.0,137.0,144.0,,135.75,142.0,7.889866919029741,9,3,35,-1.0,-1.8369701987210297e-16,1,0.0
SKU035,2024-09-08,120,,135.0,125.0,137.0,,133.5,141.0,5.744562646538015,9,3,36,-1.0,-1.8369701987210297e-16,1,1.0
SKU035,2024-09-15,134,,120.0,135.0,137.0,,129.25,136.125,8.098353742170888,9,3,37,-1.0,-1.8369701987210297e-16,1,1.0
SKU035,2024-09-22,133,,134.0,120.0,125.0,,128.5,136.375,7.234178138070227,9,3,38,-1.0,-1.8369701987210297e-16,1,1.0
SKU035,2024-09-29,130,,133.0,134.0,135.0,,130.5,133.125,7.047458170621985,9,3,39,-1.0,-1.8369701987210297e-16,1,1.0
SKU035,2024-10-06,114,,130.0,133.0,120.0,,129.25,131.375,6.396613687465155,10,4,40,-0.8660254037844386,0.5000000000000001,0,1.0
SKU035,2024-10-13,102,,114.0,130.0,134.0,,127.75,128.5,9.322910847297994,10,4,41,-0.8660254037844386,0.5000000000000001,0,0.0
SKU035,2024-10-20,126,,102.0,114.0,133.0,,119.75,124.125,14.476993242152643,10,4,42,-0.8660254037844386,0.5000000000000001,0,0.0
SKU035,2024-10-27,102,,126.0,102.0,130.0,,118.0,124.25,12.649110640673516,10,4,43,-0.8660254037844386,0.5000000000000001,0,0.0
SKU035,2024-11-03,119,,102.0,126.0,114.0,,111.0,120.125,11.489125293076055,11,4,44,-0.5000000000000004,0.8660254037844384,1,0.0
SKU035,2024-11-10,124,,119.0,102.0,102.0,,112.25,120.0,12.17579566188592,11,4,45,-0.5000000000000004,0.8660254037844384,1,1.0
SKU035,2024-11-17,117,,124.0,119.0,126.0,,117.75,118.75,10.904891868637057,11,4,46,-0.5000000000000004,0.8660254037844384,1,1.0
SKU035,2024-11-24,135,,117.0,124.0,102.0,,115.5,116.75,9.469248474227857,11,4,47,-0.5000000000000004,0.8660254037844384,1,1.0
SKU035,2024-12-01,132,,135.0,117.0,119.0,,123.75,117.375,8.057087976847876,12,4,48,-2.4492935982947064e-16,1.0,1,1.0
SKU035,2024-12-08,135,,132.0,135.0,124.0,,127.0,119.625,8.124038404635957,12,4,49,-2.4492935982947064e-16,1.0,0,1.0
SKU035,2024-12-15,133,,135.0,132.0,117.0,,129.75,123.75,8.616843969807041,12,4,50,-2.4492935982947064e-16,1.0,0,0.0
SKU035,2024-12-22,134,,133.0,135.0,135.0,,133.75,124.625,1.4999999999999873,12,4,51,-2.4492935982947064e-16,1.0,0,0.0
SKU035,2024-12-29,126,,134.0,133.0,132.0,,133.5,128.625,1.2909944487357918,12,4,52,-2.4492935982947064e-16,1.0,0,0.0
SKU035,2025-01-05,139,146.0,126.0,134.0,135.0,146.0,132.0,129.5,4.082482904638626,1,1,1,0.49999999999999994,0.8660254037844387,0,0.0
SKU035,2025-01-12,149,159.0,139.0,126.0,133.0,159.0,133.0,131.375,5.354126134736333,1,1,2,0.49999999999999994,0.8660254037844387,0,0.0
SKU035,2025-01-19,122,154.0,149.0,139.0,134.0,154.0,137.0,135.375,9.626352718795765,1,1,3,0.49999999999999994,0.8660254037844387,0,0.0
SKU035,2025-01-26,148,139.0,122.0,149.0,126.0,139.0,134.0,133.75,12.35583532856709,1,1,4,0.49999999999999994,0.8660254037844387,0,0.0
SKU035,2025-02-02,140,154.0,148.0,122.0,139.0,154.0,139.5,135.75,12.503332889007368,2,1,5,0.8660254037844386,0.5000000000000001,0,0.0
SKU035,2025-02-09,179,153.0,140.0,148.0,149.0,153.0,139.75,136.375,12.500000000000002,2,1,6,0.8660254037844386,0.5000000000000001,0,0.0
SKU035,2025-02-16,184,165.0,179.0,140.0,122.0,165.0,147.25,142.125,23.79600806858159,2,1,7,0.8660254037844386,0.5000000000000001,0,0.0
SKU035,2025-02-23,165,163.0,184.0,179.0,148.0,163.0,162.75,148.375,21.990528264080734,2,1,8,0.8660254037844386,0.5000000000000001,0,0.0
SKU035,2025-03-02,189,173.0,165.0,184.0,140.0,173.0,167.0,153.25,19.714630776828333,3,1,9,1.0,6.123233995736766e-17,1,0.0
SKU035,2025-03-09,175,177.0,189.0,165.0,179.0,177.0,179.25,159.5,10.340051579497414,3,1,10,1.0,6.123233995736766e-17,1,1.0
SKU035,2025-03-16,162,177.0,175.0,189.0,184.0,177.0,178.25,162.75,10.563301251660565,3,1,11,1.0,6.123233995736766e-17,1,1.0
SKU035,2025-03-23,176,185.0,162.0,175.0,165.0,185.0,172.75,167.75,12.175795661885935,3,1,12,1.0,6.123233995736766e-17,1,1.0
SKU035,2025-03-30,181,176.0,176.0,162.0,189.0,176.0,175.5,171.25,11.03026140518288,3,1,13,1.0,6.123233995736766e-17,1,1.0
SKU035,2025-04-06,164,165.0,181.0,176.0,175.0,165.0,173.5,176.375,8.103497187428834,4,2,14,0.8660254037844387,-0.4999999999999998,0,1.0
SKU035,2025-04-13,187,187.0,164.0,181.0,162.0,187.0,170.75,174.5,9.21502396451941,4,2,15,0.8660254037844387,-0.4999999999999998,0,0.0
SKU035,2025-04-20,173,159.0,187.0,164.0,176.0,159.0,177.0,174.875,9.763879010584562,4,2,16,0.8660254037844387,-0.4999999999999998,0,0.0
SKU035,2025-04-27,160,201.0,173.0,187.0,181.0,201.0,176.25,175.875,9.97914491994849,4,2,17,0.8660254037844387,-0.4999999999999998,0,0.0
SKU035,2025-05-04,176,169.0,160.0,173.0,164.0,169.0,171.0,172.25,11.972189997378663,5,2,18,0.49999999999999994,-0.8660254037844387,0,0.0
SKU035,2025-05-11,180,159.0,176.0,160.0,187.0,159.0,174.0,172.375,11.105554165971805,5,2,19,0.49999999999999994,-0.8660254037844387,0,0.0
SKU035,2025-05-18,181,158.0,180.0,176.0,173.0,158.0,172.25,174.625,8.655441448399209,5,2,20,0.49999999999999994,-0.8660254037844387,0,0.0
SKU035,2025-05-25,169,174.0,181.0,180.0,160.0,174.0,174.25,175.25,9.742518497117006,5,2,21,0.49999999999999994,-0.8660254037844387,0,0.0
SKU035,2025-06-01,183,176.0,169.0,181.0,176.0,176.0,176.5,173.75,5.446711546122762,6,2,22,1.2246467991473532e-16,-1.0,1,0.0
SKU035,2025-06-08,190,166.0,183.0,169.0,180.0,166.0,178.25,176.125,6.291528696058987,6,2,23,1.2246467991473532e-16,-1.0,1,1.0
SKU035,2025-06-15,163,195.0,190.0,183.0,181.0,195.0,180.75,176.5,8.732124598286513,6,2,24,1.2246467991473532e-16,-1.0,1,1.0
SKU035,2025-06-22,152,159.0,163.0,190.0,169.0,159.0,176.25,175.25,12.419742348374234,6,2,25,1.2246467991473532e-16,-1.0,1,1.0
SKU035,2025-06-29,177,177.0,152.0,163.0,183.0,177.0,172.0,174.25,17.568911937472592,6,2,26,1.2246467991473532e-16,-1.0,1,1.0
SKU035,2025-07-06,148,143.0,177.0,152.0,190.0,143.0,170.5,174.375,16.542873591570086,7,3,27,-0.4999999999999997,-0.8660254037844388,0,1.0
SKU035,2025-07-13,123,159.0,148.0,177.0,163.0,159.0,160.0,170.375,12.98717315918545,7,3,28,-0.4999999999999997,-0.8660254037844388,0,0.0
SKU035,2025-07-20,132,132.0,123.0,148.0,152.0,132.0,150.0,163.125,22.105806175452344,7,3,29,-0.4999999999999997,-0.8660254037844388,0,0.0
SKU035,2025-07-27,154,159.0,132.0,123.0,177.0,159.0,145.0,158.5,23.7065391822594,7,3,30,-0.4999999999999997,-0.8660254037844388,0,0.0
SKU035,2025-08-03,137,144.0,154.0,132.0,148.0,144.0,139.25,154.875,14.268263150549677,8,3,31,-0.8660254037844385,-0.5000000000000004,0,0.0
SKU035,2025-08-10,134,137.0,137.0,154.0,123.0,137.0,136.5,148.25,13.025615788386634,8,3,32,-0.8660254037844385,-0.5000000000000004,0,0.0
SKU035,2025-08-17,146,137.0,134.0,137.0,132.0,137.0,139.25,144.625,10.045728777279782,8,3,33,-0.8660254037844385,-0.5000000000000004,0,0.0
SKU035,2025-08-24,117,125.0,146.0,134.0,154.0,125.0,142.75,143.875,9.069178573608555,8,3,34,-0.8660254037844385,-0.5000000000000004,0,0.0
SKU035,2025-08-31,132,135.0,117.0,146.0,137.0,135.0,133.5,136.375,12.124355652982162,8,3,35,-0.8660254037844385,-0.5000000000000004,0,0.0
SKU035,2025-09-07,147,120.0,132.0,117.0,134.0,120.0,132.25,134.375,11.89887949906771,9,3,36,-1.0,-1.8369701987210297e-16,1,0.0
SKU035,2025-09-14,119,134.0,147.0,132.0,146.0,134.0,135.5,137.375,14.106735979665904,9,3,37,-1.0,-1.8369701987210297e-16,1,1.0
SKU035,2025-09-21,138,133.0,119.0,147.0,117.0,133.0,128.75,135.75,13.865424623862067,9,3,38,-1.0,-1.8369701987210297e-16,1,1.0
SKU035,2025-09-28,123,130.0,138.0,119.0,132.0,130.0,134.0,133.75,11.747340124470755,9,3,39,-1.0,-1.8369701987210297e-16,1,1.0
SKU035,2025-10-05,134,114.0,123.0,138.0,147.0,114.0,131.75,132.0,13.04798835069991,10,4,40,-0.8660254037844386,0.5000000000000001,0,1.0
SKU035,2025-10-12,108,102.0,134.0,123.0,119.0,102.0,128.5,132.0,8.962886439832532,10,4,41,-0.8660254037844386,0.5000000000000001,0,0.0
SKU035,2025-10-19,129,126.0,108.0,134.0,138.0,126.0,125.75,127.25,13.425721582097573,10,4,42,-0.8660254037844386,0.5000000000000001,0,0.0
SKU035,2025-10-26,135,102.0,129.0,108.0,123.0,102.0,123.5,128.75,11.269427669584669,10,4,43,-0.8660254037844386,0.5000000000000001,0,0.0
SKU035,2025-11-02,117,119.0,135.0,129.0,134.0,119.0,126.5,129.125,12.609520212918513,11,4,44,-0.5000000000000004,0.8660254037844384,1,0.0
SKU035,2025-11-09,113,124.0,117.0,135.0,108.0,124.0,122.25,125.375,12.093386622447847,11,4,45,-0.5000000000000004,0.8660254037844384,1,1.0
SKU035,2025-11-16,124,117.0,113.0,117.0,129.0,117.0,123.5,124.625,10.246950765959625,11,4,46,-0.5000000000000004,0.8660254037844384,1,1.0
SKU035,2025-11-23,133,135.0,124.0,113.0,135.0,135.0,122.25,122.875,9.639329160614198,11,4,47,-0.5000000000000004,0.8660254037844384,1,1.0
SKU035,2025-11-30,131,132.0,133.0,124.0,117.0,132.0,121.75,124.125,8.770214744615277,11,4,48,-0.5000000000000004,0.8660254037844384,1,1.0
SKU035,2025-12-07,128,135.0,131.0,133.0,113.0,135.0,125.25,123.75,9.03234926989285,12,4,49,-2.4492935982947064e-16,1.0,0,1.0
SKU035,2025-12-14,128,133.0,128.0,131.0,124.0,133.0,129.0,126.25,3.915780041490309,12,4,50,-2.4492935982947064e-16,1.0,0,0.0
SKU035,2025-12-21,127,134.0,128.0,128.0,133.0,134.0,130.0,126.125,2.4494897427832845,12,4,51,-2.4492935982947064e-16,1.0,0,0.0
SKU035,2025-12-28,148,126.0,127.0,128.0,131.0,126.0,128.5,125.125,1.7320508075690277,12,4,52,-2.4492935982947064e-16,1.0,0,0.0
SKU036,2024-01-07,25,,,,,,,,,1,1,1,0.49999999999999994,0.8660254037844387,0,
SKU036,2024-01-14,28,,25.0,,,,,,,1,1,2,0.49999999999999994,0.8660254037844387,0,0.0
SKU036,2024-01-21,40,,28.0,25.0,,,,,,1,1,3,0.49999999999999994,0.8660254037844387,0,0.0
SKU036,2024-01-28,39,,40.0,28.0,,,,,,1,1,4,0.49999999999999994,0.8660254037844387,0,0.0
SKU036,2024-02-04,46,,39.0,40.0,25.0,,33.0,,7.615773105863909,2,1,5,0.8660254037844386,0.5000000000000001,0,0.0
SKU036,2024-02-11,29,,46.0,39.0,28.0,,38.25,,7.500000000000002,2,1,6,0.8660254037844386,0.5000000000000001,0,0.0
SKU036,2024-02-18,41,,29.0,46.0,40.0,,38.5,,7.047458170621993,2,1,7,0.8660254037844386,0.5000000000000001,0,0.0
SKU036,2024-02-25,33,,41.0,29.0,39.0,,38.75,,7.135591542869217,2,1,8,0.8660254037844386,0.5000000000000001,0,0.0
SKU036,2024-03-03,47,,33.0,41.0,46.0,,37.25,35.125,7.67571929311297,3,1,9,1.0,6.123233995736766e-17,1,0.0
SKU036,2024-03-10,53,,47.0,33.0,29.0,,37.5,37.875,8.062257748298551,3,1,10,1.0,6.123233995736766e-17,1,1.0
SKU036,2024-03-17,33,,53.0,47.0,41.0,,43.5,41.0,8.54400374531753,3,1,11,1.0,6.123233995736766e-17,1,1.0
SKU036,2024-03-24,49,,33.0,53.0,33.0,,41.5,40.125,10.115993936995679,3,1,12,1.0,6.123233995736766e-17,1,1.0
SKU036,2024-03-31,41,,49.0,33.0,47.0,,45.5,41.375,8.69865890046659,3,1,13,1.0,6.123233995736766e-17,1,1.0
SKU036,2024-04-07,49,,41.0,49.0,53.0,,44.0,40.75,8.869423130433379,4,2,14,0.8660254037844387,-0.4999999999999998,0,1.0
SKU036,2024-04-14,44,,49.0,41.0,33.0,,43.0,43.25,7.659416862050704,4,2,15,0.8660254037844387,-0.4999999999999998,0,0.0
SKU036,2024-04-21,44,,44.0,49.0,49.0,,45.75,43.625,3.947573094109,4,2,16,0.8660254037844387,-0.4999999999999998,0,0.0
SKU036,2024-04-28,33,,44.0,44.0,41.0,,44.5,45.0,3.316624790355395,4,2,17,0.8660254037844387,-0.4999999999999998,0,0.0
SKU036,2024-05-05,28,,33.0,44.0,49.0,,42.5,43.25,6.757711644237761,5,2,18,0.49999999999999994,-0.8660254037844387,0,0.0
SKU036,2024-05-12,24,,28.0,33.0,44.0,,37.25,40.125,8.057087976847878,5,2,19,0.49999999999999994,-0.8660254037844387,0,0.0
SKU036,2024-05-19,39,,24.0,28.0,44.0,,32.25,39.0,8.655441448399188,5,2,20,0.49999999999999994,-0.8660254037844387,0,0.0
SKU036,2024-05-26,30,,39.0,24.0,33.0,,31.0,37.75,6.480740698407859,5,2,21,0.49999999999999994,-0.8660254037844387,0,0.0
SKU036,2024-06-02,45,,30.0,39.0,28.0,,30.25,36.375,6.344288770224758,6,2,22,1.2246467991473532e-16,-1.0,1,0.0
SKU036,2024-06-09,43,,45.0,30.0,24.0,,34.5,35.875,9.327379053088814,6,2,23,1.2246467991473532e-16,-1.0,1,1.0
SKU036,2024-06-16,41,,43.0,45.0,39.0,,39.25,35.75,6.652067347825033,6,2,24,1.2246467991473532e-16,-1.0,1,1.0
SKU036,2024-06-23,27,,41.0,43.0,30.0,,39.75,35.375,6.701989754294366,6,2,25,1.2246467991473532e-16,-1.0,1,1.0
SKU036,2024-06-30,39,,27.0,41.0,45.0,,39.0,34.625,8.164965809277259,6,2,26,1.2246467991473532e-16,-1.0,1,1.0
SKU036,2024-07-07,21,,39.0,27.0,43.0,,37.5,36.0,7.187952884282607,7,3,27,-0.4999999999999997,-0.8660254037844388,0,1.0
SKU036,2024-07-14,21,,21.0,39.0,41.0,,32.0,35.625,9.591663046625436,7,3,28,-0.4999999999999997,-0.8660254037844388,0,0.0
SKU036,2024-07-21,49,,21.0,21.0,27.0,,27.0,33.375,8.485281374238568,7,3,29,-0.4999999999999997,-0.8660254037844388,0,0.0
SKU036,2024-07-28,31,,49.0,21.0,39.0,,32.5,35.75,13.892443989449804,7,3,30,-0.4999999999999997,-0.8660254037844388,0,0.0
SKU036,2024-08-04,25,,31.0,49.0,21.0,,30.5,34.0,13.203534880225572,8,3,31,-0.8660254037844385,-0.5000000000000004,0,0.0
SKU036,2024-08-11,21,,25.0,31.0,21.0,,31.5,31.75,12.36931687685298,8,3,32,-0.8660254037844385,-0.5000000000000004,0,0.0
SKU036,2024-08-18,24,,21.0,25.0,49.0,,31.5,29.25,12.36931687685298,8,3,33,-0.8660254037844385,-0.5000000000000004,0,0.0
SKU036,2024-08-25,34,,24.0,21.0,31.0,,25.25,28.875,4.193248541803038,8,3,34,-0.8660254037844385,-0.5000000000000004,0,0.0
SKU036,2024-09-01,28,,34.0,24.0,25.0,,26.0,28.25,5.5976185412488855,9,3,35,-1.0,-1.8369701987210297e-16,1,0.0
SKU036,2024-09-08,33,,28.0,34.0,21.0,,26.75,29.125,5.619905100029119,9,3,36,-1.0,-1.8369701987210297e-16,1,1.0
SKU036,2024-09-15,30,,33.0,28.0,24.0,,29.75,30.625,4.645786621588781,9,3,37,-1.0,-1.8369701987210297e-16,1,1.0
SKU036,2024-09-22,28,,30.0,33.0,34.0,,31.25,28.25,2.7537852736430444,9,3,38,-1.0,-1.8369701987210297e-16,1,1.0
SKU036,2024-09-29,32,,28.0,30.0,28.0,,29.75,27.875,2.3629078131262964,9,3,39,-1.0,-1.8369701987210297e-16,1,1.0
SKU036,2024-10-06,27,,32.0,28.0,33.0,,30.75,28.75,2.217355782608337,10,4,40,-0.8660254037844386,0.5000000000000001,0,1.0
SKU036,2024-10-13,35,,27.0,32.0,30.0,,29.25,29.5,2.217355782608337,10,4,41,-0.8660254037844386,0.5000000000000001,0,0.0
SKU036,2024-10-20,29,,35.0,27.0,28.0,,30.5,30.875,3.6968455021364677,10,4,42,-0.8660254037844386,0.5000000000000001,0,0.0
SKU036,2024-10-27,21,,29.0,35.0,32.0,,30.75,30.25,3.499999999999995,10,4,43,-0.8660254037844386,0.5000000000000001,0,0.0
SKU036,2024-11-03,28,,21.0,29.0,27.0,,28.0,29.375,5.773502691896254,11,4,44,-0.5000000000000004,0.8660254037844384,1,0.0
SKU036,2024-11-10,33,,28.0,21.0,35.0,,28.25,28.75,5.737304826019499,11,4,45,-0.5000000000000004,0.8660254037844384,1,1.0
SKU036,2024-11-17,40,,33.0,28.0,29.0,,27.75,29.125,4.991659710623975,11,4,46,-0.5000000000000004,0.8660254037844384,1,1.0
SKU036,2024-11-24,33,,40.0,33.0,21.0,,30.5,30.625,8.02080627701064,11,4,47,-0.5000000000000004,0.8660254037844384,1,1.0
SKU036,2024-12-01,25,,33.0,40.0,28.0,,33.5,30.75,4.932882862316244,12,4,48,-2.4492935982947064e-16,1.0,1,1.0
SKU036,2024-12-08,26,,25.0,33.0,33.0,,32.75,30.5,6.130524719249838,12,4,49,-2.4492935982947064e-16,1.0,0,1.0
SKU036,2024-12-15,36,,26.0,25.0,40.0,,31.0,29.375,6.976149845485447,12,4,50,-2.4492935982947064e-16,1.0,0,0.0
SKU036,2024-12-22,25,,36.0,26.0,33.0,,30.0,30.25,5.354126134736334,12,4,51,-2.4492935982947064e-16,1.0,0,0.0
SKU036,2024-12-29,37,,25.0,36.0,25.0,,28.0,30.75,5.354126134736334,12,4,52,-2.4492935982947064e-16,1.0,0,0.0
SKU036,2025-01-05,22,25.0,37.0,25.0,26.0,25.0,31.0,31.875,6.377042156569662,1,1,1,0.49999999999999994,0.8660254037844387,0,0.0
SKU036,2025-01-12,32,28.0,22.0,37.0,36.0,28.0,30.0,30.5,7.615773105863906,1,1,2,0.49999999999999994,0.8660254037844387,0,0.0
SKU036,2025-01-19,36,40.0,32.0,22.0,25.0,40.0,29.0,29.5,6.782329983125266,1,1,3,0.49999999999999994,0.8660254037844387,0,0.0
SKU036,2025-01-26,38,39.0,36.0,32.0,37.0,39.0,31.75,29.875,6.8495741960115035,1,1,4,0.49999999999999994,0.8660254037844387,0,0.0
SKU036,2025-02-02,39,46.0,38.0,36.0,22.0,46.0,32.0,31.5,7.118052168020872,2,1,5,0.8660254037844386,0.5000000000000001,0,0.0
SKU036,2025-02-09,39,29.0,39.0,38.0,32.0,29.0,36.25,33.125,3.0956959368344448,2,1,6,0.8660254037844386,0.5000000000000001,0,0.0
SKU036,2025-02-16,30,41.0,39.0,39.0,36.0,41.0,38.0,33.5,1.4142135623730816,2,1,7,0.8660254037844386,0.5000000000000001,0,0.0
SKU036,2025-02-23,40,33.0,30.0,39.0,38.0,33.0,36.5,34.125,4.358898943540669,2,1,8,0.8660254037844386,0.5000000000000001,0,0.0
SKU036,2025-03-02,34,47.0,40.0,30.0,39.0,47.0,37.0,34.5,4.690415759823425,3,1,9,1.0,6.123233995736766e-17,1,0.0
SKU036,2025-03-09,35,53.0,34.0,40.0,39.0,53.0,35.75,36.0,4.645786621588781,3,1,10,1.0,6.123233995736766e-17,1,1.0
SKU036,2025-03-16,27,33.0,35.0,34.0,30.0,33.0,34.75,36.375,4.112987559751017,3,1,11,1.0,6.123233995736766e-17,1,1.0
SKU036,2025-03-23,34,49.0,27.0,35.0,40.0,49.0,34.0,35.25,5.354126134736333,3,1,12,1.0,6.123233995736766e-17,1,1.0
SKU036,2025-03-30,41,41.0,34.0,27.0,34.0,41.0,32.5,34.75,3.6968455021364672,3,1,13,1.0,6.123233995736766e-17,1,1.0
SKU036,2025-04-06,40,49.0,41.0,34.0,35.0,49.0,34.25,35.0,5.737304826019499,4,2,14,0.8660254037844387,-0.4999999999999998,0,1.0
SKU036,2025-04-13,46,44.0,40.0,41.0,27.0,44.0,35.5,35.125,6.454972243679025,4,2,15,0.8660254037844387,-0.4999999999999998,0,0.0
SKU036,2025-04-20,33,44.0,46.0,40.0,34.0,44.0,40.25,37.125,4.9244289008980475,4,2,16,0.8660254037844387,-0.4999999999999998,0,0.0
SKU036,2025-04-27,47,33.0,33.0,46.0,41.0,33.0,40.0,36.25,5.354126134736332,4,2,17,0.8660254037844387,-0.4999999999999998,0,0.0
SKU036,2025-05-04,43,28.0,47.0,33.0,40.0,28.0,41.5,37.875,6.454972243679024,5,2,18,0.49999999999999994,-0.8660254037844387,0,0.0
SKU036,2025-05-11,44,24.0,43.0,47.0,46.0,24.0,42.25,38.875,6.396613687465159,5,2,19,0.49999999999999994,-0.8660254037844387,0,0.0
SKU036,2025-05-18,45,39.0,44.0,43.0,33.0,39.0,41.75,41.0,6.075908711186058,5,2,20,0.49999999999999994,-0.8660254037844387,0,0.0
SKU036,2025-05-25,28,30.0,45.0,44.0,47.0,30.0,44.75,42.375,1.707825127659921,5,2,21,0.49999999999999994,-0.8660254037844387,0,0.0
SKU036,2025-06-01,44,45.0,28.0,45.0,43.0,45.0,40.0,40.75,8.041558721209876,6,2,22,1.2246467991473532e-16,-1.0,1,0.0
SKU036,2025-06-08,31,43.0,44.0,28.0,44.0,43.0,40.25,41.25,8.180260794538682,6,2,23,1.2246467991473532e-16,-1.0,1,1.0
SKU036,2025-06-15,30,41.0,31.0,44.0,45.0,41.0,37.0,39.375,8.755950357709128,6,2,24,1.2246467991473532e-16,-1.0,1,1.0
SKU036,2025-06-22,42,27.0,30.0,31.0,28.0,27.0,33.25,39.0,7.27438428093173,6,2,25,1.2246467991473532e-16,-1.0,1,1.0
SKU036,2025-06-29,40,39.0,42.0,30.0,44.0,39.0,36.75,38.375,7.27438428093173,6,2,26,1.2246467991473532e-16,-1.0,1,1.0
SKU036,2025-07-06,33,21.0,40.0,42.0,31.0,21.0,35.75,38.0,6.130524719249838,7,3,27,-0.4999999999999997,-0.8660254037844388,0,1.0
SKU036,2025-07-13,33,21.0,33.0,40.0,30.0,21.0,36.25,36.625,5.678908345800271,7,3,28,-0.4999999999999997,-0.8660254037844388,0,0.0
SKU036,2025-07-20,37,49.0,33.0,33.0,42.0,49.0,37.0,35.125,4.690415759823426,7,3,29,-0.4999999999999997,-0.8660254037844388,0,0.0
SKU036,2025-07-27,26,31.0,37.0,33.0,40.0,31.0,35.75,36.25,3.403429642777019,7,3,30,-0.4999999999999997,-0.8660254037844388,0,0.0
SKU036,2025-08-03,33,25.0,26.0,37.0,33.0,25.0,32.25,34.0,4.573474244670746,8,3,31,-0.8660254037844385,-0.5000000000000004,0,0.0
SKU036,2025-08-10,26,21.0,33.0,26.0,33.0,21.0,32.25,34.25,4.573474244670746,8,3,32,-0.8660254037844385,-0.5000000000000004,0,0.0
SKU036,2025-08-17,22,24.0,26.0,33.0,37.0,24.0,30.5,33.75,5.446711546122729,8,3,33,-0.8660254037844385,-0.5000000000000004,0,0.0
SKU036,2025-08-24,27,34.0,22.0,26.0,26.0,34.0,26.75,31.25,4.573474244670745,8,3,34,-0.8660254037844385,-0.5000000000000004,0,0.0
SKU036,2025-08-31,43,28.0,27.0,22.0,33.0,28.0,27.0,29.625,4.546060565661949,8,3,35,-0.8660254037844385,-0.5000000000000004,0,0.0
SKU036,2025-09-07,28,33.0,43.0,27.0,26.0,33.0,29.5,30.875,9.255628917943213,9,3,36,-1.0,-1.8369701987210297e-16,1,0.0
SKU036,2025-09-14,26,30.0,28.0,43.0,22.0,30.0,30.0,30.25,9.055385138137416,9,3,37,-1.0,-1.8369701987210297e-16,1,1.0
SKU036,2025-09-21,35,28.0,26.0,28.0,27.0,28.0,31.0,28.875,8.041558721209878,9,3,38,-1.0,-1.8369701987210297e-16,1,1.0
SKU036,2025-09-28,27,32.0,35.0,26.0,43.0,32.0,33.0,30.0,7.702813338860894,9,3,39,-1.0,-1.8369701987210297e-16,1,1.0
SKU036,2025-10-05,33,27.0,27.0,35.0,28.0,27.0,29.0,29.25,4.082482904638629,10,4,40,-0.8660254037844386,0.5000000000000001,0,1.0
SKU036,2025-10-12,19,35.0,33.0,27.0,26.0,35.0,30.25,30.125,4.425306015783916,10,4,41,-0.8660254037844386,0.5000000000000001,0,0.0
SKU036,2025-10-19,19,29.0,19.0,33.0,35.0,29.0,28.5,29.75,7.187952884282607,10,4,42,-0.8660254037844386,0.5000000000000001,0,0.0
SKU036,2025-10-26,34,21.0,19.0,19.0,27.0,21.0,24.5,28.75,6.806859285554045,10,4,43,-0.8660254037844386,0.5000000000000001,0,0.0
SKU036,2025-11-02,29,28.0,34.0,19.0,33.0,28.0,26.25,27.625,8.381527307120104,11,4,44,-0.5000000000000004,0.8660254037844384,1,0.0
SKU036,2025-11-09,27,33.0,29.0,34.0,19.0,33.0,25.25,27.75,7.499999999999998,11,4,45,-0.5000000000000004,0.8660254037844384,1,1.0
SKU036,2025-11-16,30,40.0,27.0,29.0,19.0,40.0,27.25,27.875,6.238322424070966,11,4,46,-0.5000000000000004,0.8660254037844384,1,1.0
SKU036,2025-11-23,35,33.0,30.0,27.0,34.0,33.0,30.0,27.25,2.9439202887759457,11,4,47,-0.5000000000000004,0.8660254037844384,1,1.0
SKU036,2025-11-30,31,25.0,35.0,30.0,29.0,25.0,30.25,28.25,3.40342964277702,11,4,48,-0.5000000000000004,0.8660254037844384,1,1.0
SKU036,2025-12-07,27,26.0,31.0,35.0,27.0,26.0,30.75,28.0,3.304037933599832,12,4,49,-2.4492935982947064e-16,1.0,0,1.0
SKU036,2025-12-14,31,36.0,27.0,31.0,30.0,36.0,30.75,29.0,3.304037933599832,12,4,50,-2.4492935982947064e-16,1.0,0,0.0
SKU036,2025-12-21,36,25.0,31.0,27.0,35.0,25.0,31.0,30.5,3.2659863237109015,12,4,51,-2.4492935982947064e-16,1.0,0,0.0
SKU036,2025-12-28,30,37.0,36.0,31.0,31.0,37.0,31.25,30.75,3.685557397915994,12,4,52,-2.4492935982947064e-16,1.0,0,0.0
SKU037,2024-01-07,168,,,,,,,,,1,1,1,0.49999999999999994,0.8660254037844387,0,
SKU037,2024-01-14,160,,168.0,,,,,,,1,1,2,0.49999999999999994,0.8660254037844387,0,0.0
SKU037,2024-01-21,169,,160.0,168.0,,,,,,1,1,3,0.49999999999999994,0.8660254037844387,0,0.0
SKU037,2024-01-28,185,,169.0,160.0,,,,,,1,1,4,0.49999999999999994,0.8660254037844387,0,0.0
SKU037,2024-02-04,155,,185.0,169.0,168.0,,170.5,,10.472185381603342,2,1,5,0.8660254037844386,0.5000000000000001,0,0.0
SKU037,2024-02-11,171,,155.0,185.0,160.0,,167.25,,13.175102782647787,2,1,6,0.8660254037844386,0.5000000000000001,0,0.0
SKU037,2024-02-18,189,,171.0,155.0,169.0,,170.0,,12.274635093014652,2,1,7,0.8660254037844386,0.5000000000000001,0,0.0
SKU037,2024-02-25,188,,189.0,171.0,185.0,,175.0,,15.405626677721793,2,1,8,0.8660254037844386,0.5000000000000001,0,0.0
SKU037,2024-03-03,194,,188.0,189.0,155.0,,175.75,173.125,16.111590031195973,3,1,9,1.0,6.123233995736766e-17,1,0.0
SKU037,2024-03-10,213,,194.0,188.0,171.0,,185.5,176.375,10.016652800877822,3,1,10,1.0,6.123233995736766e-17,1,1.0
SKU037,2024-03-17,221,,213.0,194.0,189.0,,196.0,183.0,11.633285577743434,3,1,11,1.0,6.123233995736766e-17,1,1.0
SKU037,2024-03-24,197,,221.0,213.0,188.0,,204.0,189.5,15.556349186104045,3,1,12,1.0,6.123233995736766e-17,1,1.0
SKU037,2024-03-31,203,,197.0,221.0,194.0,,206.25,191.0,12.893796958227625,3,1,13,1.0,6.123233995736766e-17,1,1.0
SKU037,2024-04-07,184,,203.0,197.0,213.0,,208.5,197.0,10.630145812734646,4,2,14,0.8660254037844387,-0.4999999999999998,0,1.0
SKU037,2024-04-14,221,,184.0,203.0,221.0,,201.25,198.625,15.370426148939394,4,2,15,0.8660254037844387,-0.4999999999999998,0,0.0
SKU037,2024-04-21,196,,221.0,184.0,197.0,,201.25,202.625,15.370426148939394,4,2,16,0.8660254037844387,-0.4999999999999998,0,0.0
SKU037,2024-04-28,183,,196.0,221.0,203.0,,201.0,203.625,15.470401847829722,4,2,17,0.8660254037844387,-0.4999999999999998,0,0.0
SKU037,2024-05-05,204,,183.0,196.0,184.0,,196.0,202.25,17.682382946499793,5,2,18,0.49999999999999994,-0.8660254037844387,0,0.0
SKU037,2024-05-12,194,,204.0,183.0,221.0,,201.0,201.125,15.895492023421818,5,2,19,0.49999999999999994,-0.8660254037844387,0,0.0
SKU037,2024-05-19,198,,194.0,204.0,196.0,,194.25,197.75,8.655441448399193,5,2,20,0.49999999999999994,-0.8660254037844387,0,0.0
SKU037,2024-05-26,190,,198.0,194.0,183.0,,194.75,197.875,8.845903006477071,5,2,21,0.49999999999999994,-0.8660254037844387,0,0.0
SKU037,2024-06-02,207,,190.0,198.0,204.0,,196.5,196.25,5.972157622389647,6,2,22,1.2246467991473532e-16,-1.0,1,0.0
SKU037,2024-06-09,203,,207.0,190.0,194.0,,197.25,199.125,7.274384280931739,6,2,23,1.2246467991473532e-16,-1.0,1,1.0
SKU037,2024-06-16,186,,203.0,207.0,198.0,,199.5,196.875,7.325753658611975,6,2,24,1.2246467991473532e-16,-1.0,1,1.0
SKU037,2024-06-23,191,,186.0,203.0,190.0,,196.5,195.625,10.08298897483612,6,2,25,1.2246467991473532e-16,-1.0,1,1.0
SKU037,2024-06-30,211,,191.0,186.0,207.0,,196.75,196.625,9.8784276751583,6,2,26,1.2246467991473532e-16,-1.0,1,1.0
SKU037,2024-07-07,166,,211.0,191.0,203.0,,197.75,197.5,11.354147553500736,7,3,27,-0.4999999999999997,-0.8660254037844388,0,1.0
SKU037,2024-07-14,181,,166.0,211.0,186.0,,188.5,194.0,18.484227510682363,7,3,28,-0.4999999999999997,-0.8660254037844388,0,0.0
SKU037,2024-07-21,178,,181.0,166.0,191.0,,187.25,191.875,18.874586088176876,7,3,29,-0.4999999999999997,-0.8660254037844388,0,0.0
SKU037,2024-07-28,169,,178.0,181.0,211.0,,184.0,190.375,19.131126469708992,7,3,30,-0.4999999999999997,-0.8660254037844388,0,0.0
SKU037,2024-08-04,179,,169.0,178.0,166.0,,173.5,185.625,7.141428428542856,8,3,31,-0.8660254037844385,-0.5000000000000004,0,0.0
SKU037,2024-08-11,144,,179.0,169.0,181.0,,176.75,182.625,5.315072906367332,8,3,32,-0.8660254037844385,-0.5000000000000004,0,0.0
SKU037,2024-08-18,156,,144.0,179.0,178.0,,167.5,177.375,16.29928423786354,8,3,33,-0.8660254037844385,-0.5000000000000004,0,0.0
SKU037,2024-08-25,134,,156.0,144.0,169.0,,162.0,173.0,15.25341491819674,8,3,34,-0.8660254037844385,-0.5000000000000004,0,0.0
SKU037,2024-09-01,156,,134.0,156.0,179.0,,153.25,163.375,19.379972480200625,9,3,35,-1.0,-1.8369701987210297e-16,1,0.0
SKU037,2024-09-08,155,,156.0,134.0,144.0,,147.5,162.125,10.630145812734654,9,3,36,-1.0,-1.8369701987210297e-16,1,1.0
SKU037,2024-09-15,149,,155.0,156.0,156.0,,150.25,158.875,10.843584893075418,9,3,37,-1.0,-1.8369701987210297e-16,1,1.0
SKU037,2024-09-22,163,,149.0,155.0,134.0,,148.5,155.25,10.148891565092226,9,3,38,-1.0,-1.8369701987210297e-16,1,1.0
SKU037,2024-09-29,132,,163.0,149.0,156.0,,155.75,154.5,5.737304826019507,9,3,39,-1.0,-1.8369701987210297e-16,1,1.0
SKU037,2024-10-06,143,,132.0,163.0,155.0,,149.75,148.625,13.149778198382917,10,4,40,-0.8660254037844386,0.5000000000000001,0,1.0
SKU037,2024-10-13,132,,143.0,132.0,149.0,,146.75,148.5,12.919623317522328,10,4,41,-0.8660254037844386,0.5000000000000001,0,0.0
SKU037,2024-10-20,129,,132.0,143.0,163.0,,142.5,145.5,14.617341299520465,10,4,42,-0.8660254037844386,0.5000000000000001,0,0.0
SKU037,2024-10-27,141,,129.0,132.0,132.0,,134.0,144.875,6.164414002968972,10,4,43,-0.8660254037844386,0.5000000000000001,0,0.0
SKU037,2024-11-03,153,,141.0,129.0,143.0,,136.25,143.0,6.800735254367718,11,4,44,-0.5000000000000004,0.8660254037844384,1,0.0
SKU037,2024-11-10,162,,153.0,141.0,132.0,,138.75,142.75,10.78192932642391,11,4,45,-0.5000000000000004,0.8660254037844384,1,1.0
SKU037,2024-11-17,161,,162.0,153.0,129.0,,146.25,144.375,14.361406616345072,11,4,46,-0.5000000000000004,0.8660254037844384,1,1.0
SKU037,2024-11-24,147,,161.0,162.0,141.0,,154.25,144.125,9.708243919473798,11,4,47,-0.5000000000000004,0.8660254037844384,1,1.0
SKU037,2024-12-01,133,,147.0,161.0,153.0,,155.75,146.0,7.088723439378911,12,4,48,-2.4492935982947064e-16,1.0,1,1.0
SKU037,2024-12-08,171,,133.0,147.0,162.0,,150.75,144.75,13.671747023210552,12,4,49,-2.4492935982947064e-16,1.0,0,1.0
SKU037,2024-12-15,173,,171.0,133.0,161.0,,153.0,149.625,16.573070526208067,12,4,50,-2.4492935982947064e-16,1.0,0,0.0
SKU037,2024-12-22,177,,173.0,171.0,147.0,,156.0,155.125,19.356308187943963,12,4,51,-2.4492935982947064e-16,1.0,0,0.0
SKU037,2024-12-29,137,,177.0,173.0,133.0,,163.5,159.625,20.485767417079266,12,4,52,-2.4492935982947064e-16,1.0,0,0.0
SKU037,2025-01-05,159,168.0,137.0,177.0,171.0,168.0,164.5,157.625,18.502252115170553,1,1,1,0.49999999999999994,0.8660254037844387,0,0.0
SKU037,2025-01-12,156,160.0,159.0,137.0,173.0,160.0,161.5,157.25,18.064698539785635,1,1,2,0.49999999999999994,0.8660254037844387,0,0.0
SKU037,2025-01-19,158,169.0,156.0,159.0,177.0,169.0,157.25,156.625,16.378339354159195,1,1,3,0.49999999999999994,0.8660254037844387,0,0.0
SKU037,2025-01-26,163,185.0,158.0,156.0,137.0,185.0,152.5,158.0,10.408329997330657,1,1,4,0.49999999999999994,0.8660254037844387,0,0.0
SKU037,2025-02-02,167,155.0,163.0,158.0,159.0,155.0,159.0,161.75,2.943920288775933,2,1,5,0.8660254037844386,0.5000000000000001,0,0.0
SKU037,2025-02-09,181,171.0,167.0,163.0,156.0,171.0,161.0,161.25,4.96655480858377,2,1,6,0.8660254037844386,0.5000000000000001,0,0.0
SKU037,2025-02-16,165,189.0,181.0,167.0,158.0,189.0,167.25,162.25,9.878427675158294,2,1,7,0.8660254037844386,0.5000000000000001,0,0.0
SKU037,2025-02-23,181,188.0,165.0,181.0,163.0,188.0,169.0,160.75,8.164965809277257,2,1,8,0.8660254037844386,0.5000000000000001,0,0.0
SKU037,2025-03-02,220,194.0,181.0,165.0,167.0,194.0,173.5,166.25,8.69865890046659,3,1,9,1.0,6.123233995736766e-17,1,0.0
SKU037,2025-03-09,220,213.0,220.0,181.0,181.0,213.0,186.75,173.875,23.414738947936193,3,1,10,1.0,6.123233995736766e-17,1,1.0
SKU037,2025-03-16,206,221.0,220.0,220.0,165.0,221.0,196.5,181.875,27.910571473905726,3,1,11,1.0,6.123233995736766e-17,1,1.0
SKU037,2025-03-23,217,197.0,206.0,220.0,181.0,197.0,206.75,187.875,18.391574157749524,3,1,12,1.0,6.123233995736766e-17,1,1.0
SKU037,2025-03-30,231,203.0,217.0,206.0,220.0,203.0,215.75,194.625,6.65206734782504,3,1,13,1.0,6.123233995736766e-17,1,1.0
SKU037,2025-04-06,204,184.0,231.0,217.0,220.0,184.0,218.5,202.625,10.279429296739519,4,2,14,0.8660254037844387,-0.4999999999999998,0,1.0
SKU037,2025-04-13,195,221.0,204.0,231.0,206.0,221.0,214.5,205.5,12.396235987858036,4,2,15,0.8660254037844387,-0.4999999999999998,0,0.0
SKU037,2025-04-20,189,196.0,195.0,204.0,217.0,196.0,211.75,209.25,15.692354826475219,4,2,16,0.8660254037844387,-0.4999999999999998,0,0.0
SKU037,2025-04-27,182,183.0,189.0,195.0,231.0,183.0,204.75,210.25,18.553975315279473,4,2,17,0.8660254037844387,-0.4999999999999998,0,0.0
SKU037,2025-05-04,225,204.0,182.0,189.0,204.0,204.0,192.5,205.5,9.32737905308882,5,2,18,0.49999999999999994,-0.8660254037844387,0,0.0
SKU037,2025-05-11,201,194.0,225.0,182.0,195.0,194.0,197.75,206.125,18.927493230747704,5,2,19,0.49999999999999994,-0.8660254037844387,0,0.0
SKU037,2025-05-18,193,198.0,201.0,225.0,189.0,198.0,199.25,205.5,18.87458608817688,5,2,20,0.49999999999999994,-0.8660254037844387,0,0.0
SKU037,2025-05-25,199,190.0,193.0,201.0,182.0,190.0,200.25,202.5,18.24600412875835,5,2,21,0.49999999999999994,-0.8660254037844387,0,0.0
SKU037,2025-06-01,216,207.0,199.0,193.0,225.0,207.0,204.5,198.5,14.083086782851742,6,2,22,1.2246467991473532e-16,-1.0,1,0.0
SKU037,2025-06-08,212,203.0,216.0,199.0,201.0,203.0,202.25,200.0,9.776672917374983,6,2,23,1.2246467991473532e-16,-1.0,1,1.0
SKU037,2025-06-15,195,186.0,212.0,216.0,193.0,186.0,205.0,202.125,10.80123449734644,6,2,24,1.2246467991473532e-16,-1.0,1,1.0
SKU037,2025-06-22,200,191.0,195.0,212.0,199.0,191.0,205.5,202.875,10.082988974836123,6,2,25,1.2246467991473532e-16,-1.0,1,1.0
SKU037,2025-06-29,202,211.0,200.0,195.0,216.0,211.0,205.75,205.125,9.878427675158303,6,2,26,1.2246467991473532e-16,-1.0,1,1.0
SKU037,2025-07-06,188,166.0,202.0,200.0,212.0,166.0,202.25,202.25,7.1355915428692285,7,3,27,-0.4999999999999997,-0.8660254037844388,0,1.0
SKU037,2025-07-13,210,181.0,188.0,202.0,195.0,181.0,196.25,200.625,6.238322424070982,7,3,28,-0.4999999999999997,-0.8660254037844388,0,0.0
SKU037,2025-07-20,182,178.0,210.0,188.0,200.0,178.0,200.0,202.75,9.092121131323916,7,3,29,-0.4999999999999997,-0.8660254037844388,0,0.0
SKU037,2025-07-27,149,169.0,182.0,210.0,202.0,169.0,195.5,200.625,12.793227374930334,7,3,30,-0.4999999999999997,-0.8660254037844388,0,0.0
SKU037,2025-08-03,143,179.0,149.0,182.0,188.0,179.0,182.25,192.25,25.223996511258886,8,3,31,-0.8660254037844385,-0.5000000000000004,0,0.0
SKU037,2025-08-10,162,144.0,143.0,149.0,210.0,144.0,171.0,183.625,31.14482300479488,8,3,32,-0.8660254037844385,-0.5000000000000004,0,0.0
SKU037,2025-08-17,146,156.0,162.0,143.0,182.0,156.0,159.0,179.5,17.262676501632082,8,3,33,-0.8660254037844385,-0.5000000000000004,0,0.0
SKU037,2025-08-24,170,134.0,146.0,162.0,149.0,134.0,150.0,172.75,8.366600265340788,8,3,34,-0.8660254037844385,-0.5000000000000004,0,0.0
SKU037,2025-08-31,171,156.0,170.0,146.0,143.0,156.0,155.25,168.75,12.893796958227645,8,3,35,-0.8660254037844385,-0.5000000000000004,0,0.0
SKU037,2025-09-07,133,155.0,171.0,170.0,162.0,155.0,162.25,166.625,11.55782563172389,9,3,36,-1.0,-1.8369701987210297e-16,1,0.0
SKU037,2025-09-14,154,149.0,133.0,171.0,146.0,149.0,155.0,157.0,18.672618098881237,9,3,37,-1.0,-1.8369701987210297e-16,1,1.0
SKU037,2025-09-21,165,163.0,154.0,133.0,170.0,163.0,157.0,153.5,17.7951304200522,9,3,38,-1.0,-1.8369701987210297e-16,1,1.0
SKU037,2025-09-28,157,132.0,165.0,154.0,171.0,132.0,155.75,155.5,16.720745597410833,9,3,39,-1.0,-1.8369701987210297e-16,1,1.0
SKU037,2025-10-05,140,143.0,157.0,165.0,133.0,143.0,152.25,157.25,13.647344063956195,10,4,40,-0.8660254037844386,0.5000000000000001,0,1.0
SKU037,2025-10-12,128,132.0,140.0,157.0,154.0,132.0,154.0,154.5,10.424330514074613,10,4,41,-0.8660254037844386,0.5000000000000001,0,0.0
SKU037,2025-10-19,147,129.0,128.0,140.0,165.0,129.0,147.5,152.25,16.66333299993333,10,4,42,-0.8660254037844386,0.5000000000000001,0,0.0
SKU037,2025-10-26,139,141.0,147.0,128.0,157.0,141.0,143.0,149.375,12.19289410544794,10,4,43,-0.8660254037844386,0.5000000000000001,0,0.0
SKU037,2025-11-02,154,153.0,139.0,147.0,140.0,153.0,138.5,145.375,7.8528126595931935,11,4,44,-0.5000000000000004,0.8660254037844384,1,0.0
SKU037,2025-11-09,171,162.0,154.0,139.0,128.0,162.0,142.0,148.0,11.165422816296172,11,4,45,-0.5000000000000004,0.8660254037844384,1,1.0
SKU037,2025-11-16,150,161.0,171.0,154.0,147.0,161.0,152.75,150.125,13.622897391279649,11,4,46,-0.5000000000000004,0.8660254037844384,1,1.0
SKU037,2025-11-23,166,147.0,150.0,171.0,139.0,147.0,153.5,148.25,13.279056191361413,11,4,47,-0.5000000000000004,0.8660254037844384,1,1.0
SKU037,2025-11-30,144,133.0,166.0,150.0,154.0,133.0,160.25,149.375,9.878427675158319,11,4,48,-0.5000000000000004,0.8660254037844384,1,1.0
SKU037,2025-12-07,155,171.0,144.0,166.0,171.0,171.0,157.75,149.875,12.816005617976316,12,4,49,-2.4492935982947064e-16,1.0,0,1.0
SKU037,2025-12-14,133,173.0,155.0,144.0,150.0,173.0,153.75,153.25,9.322910847298026,12,4,50,-2.4492935982947064e-16,1.0,0,0.0
SKU037,2025-12-21,139,177.0,133.0,155.0,166.0,177.0,149.5,151.5,14.20093893609388,12,4,51,-2.4492935982947064e-16,1.0,0,0.0
SKU037,2025-12-28,161,137.0,139.0,133.0,144.0,137.0,142.75,151.5,9.322910847298026,12,4,52,-2.4492935982947064e-16,1.0,0,0.0
SKU038,2024-01-07,50,,,,,,,,,1,1,1,0.49999999999999994,0.8660254037844387,0,
SKU038,2024-01-14,62,,50.0,,,,,,,1,1,2,0.49999999999999994,0.8660254037844387,0,0.0
SKU038,2024-01-21,50,,62.0,50.0,,,,,,1,1,3,0.49999999999999994,0.8660254037844387,0,0.0
SKU038,2024-01-28,39,,50.0,62.0,,,,,,1,1,4,0.49999999999999994,0.8660254037844387,0,0.0
SKU038,2024-02-04,58,,39.0,50.0,50.0,,50.25,,9.394147114027968,2,1,5,0.8660254037844386,0.5000000000000001,0,0.0
SKU038,2024-02-11,48,,58.0,39.0,62.0,,52.25,,10.1447851956888,2,1,6,0.8660254037844386,0.5000000000000001,0,0.0
SKU038,2024-02-18,56,,48.0,58.0,50.0,,48.75,,7.804912982645397,2,1,7,0.8660254037844386,0.5000000000000001,0,0.0
SKU038,2024-02-25,55,,56.0,48.0,39.0,,50.25,,8.65544144839919,2,1,8,0.8660254037844386,0.5000000000000001,0,0.0
SKU038,2024-03-03,54,,55.0,56.0,58.0,,54.25,52.25,4.349329450233295,3,1,9,1.0,6.123233995736766e-17,1,0.0
SKU038,2024-03-10,68,,54.0,55.0,48.0,,53.25,52.75,3.5939764421413027,3,1,10,1.0,6.123233995736766e-17,1,1.0
SKU038,2024-03-17,70,,68.0,54.0,56.0,,58.25,53.5,6.551081335677848,3,1,11,1.0,6.123233995736766e-17,1,1.0
SKU038,2024-03-24,64,,70.0,68.0,55.0,,61.75,56.0,8.421203397773187,3,1,12,1.0,6.123233995736766e-17,1,1.0
SKU038,2024-03-31,67,,64.0,70.0,54.0,,64.0,59.125,7.118052168020873,3,1,13,1.0,6.123233995736766e-17,1,1.0
SKU038,2024-04-07,45,,67.0,64.0,68.0,,67.25,60.25,2.5000000000000013,4,2,14,0.8660254037844387,-0.4999999999999998,0,1.0
SKU038,2024-04-14,74,,45.0,67.0,70.0,,61.5,59.875,11.269427669584644,4,2,15,0.8660254037844387,-0.4999999999999998,0,0.0
SKU038,2024-04-21,56,,74.0,45.0,64.0,,62.5,62.125,12.396235987858034,4,2,16,0.8660254037844387,-0.4999999999999998,0,0.0
SKU038,2024-04-28,52,,56.0,74.0,67.0,,60.5,62.25,12.7148207485071,4,2,17,0.8660254037844387,-0.4999999999999998,0,0.0
SKU038,2024-05-05,56,,52.0,56.0,45.0,,56.75,62.0,12.365947867699695,5,2,18,0.49999999999999994,-0.8660254037844387,0,0.0
SKU038,2024-05-12,62,,56.0,52.0,74.0,,59.5,60.5,9.848857801796104,5,2,19,0.49999999999999994,-0.8660254037844387,0,0.0
SKU038,2024-05-19,66,,62.0,56.0,56.0,,56.5,59.5,4.12310562561766,5,2,20,0.49999999999999994,-0.8660254037844387,0,0.0
SKU038,2024-05-26,54,,66.0,62.0,52.0,,59.0,59.75,6.2182527020592095,5,2,21,0.49999999999999994,-0.8660254037844387,0,0.0
SKU038,2024-06-02,67,,54.0,66.0,56.0,,59.5,58.125,5.507570547286101,6,2,22,1.2246467991473532e-16,-1.0,1,0.0
SKU038,2024-06-09,63,,67.0,54.0,62.0,,62.25,60.875,5.909032633745278,6,2,23,1.2246467991473532e-16,-1.0,1,1.0
SKU038,2024-06-16,65,,63.0,67.0,66.0,,62.5,59.5,5.916079783099616,6,2,24,1.2246467991473532e-16,-1.0,1,1.0
SKU038,2024-06-23,50,,65.0,63.0,54.0,,62.25,60.625,5.737304826019502,6,2,25,1.2246467991473532e-16,-1.0,1,1.0
SKU038,2024-06-30,74,,50.0,65.0,67.0,,61.25,60.375,7.675719293112969,6,2,26,1.2246467991473532e-16,-1.0,1,1.0
SKU038,2024-07-07,52,,74.0,50.0,63.0,,63.0,62.625,9.899494936611665,7,3,27,-0.4999999999999997,-0.8660254037844388,0,1.0
SKU038,2024-07-14,46,,52.0,74.0,65.0,,60.25,61.375,11.324751652906125,7,3,28,-0.4999999999999997,-0.8660254037844388,0,0.0
SKU038,2024-07-21,54,,46.0,52.0,50.0,,55.5,58.875,12.583057392117915,7,3,29,-0.4999999999999997,-0.8660254037844388,0,0.0
SKU038,2024-07-28,60,,54.0,46.0,74.0,,56.5,58.875,12.151817422372122,7,3,30,-0.4999999999999997,-0.8660254037844388,0,0.0
SKU038,2024-08-04,52,,60.0,54.0,52.0,,53.0,58.0,5.7735026918962555,8,3,31,-0.8660254037844385,-0.5000000000000004,0,0.0
SKU038,2024-08-11,51,,52.0,60.0,46.0,,53.0,56.625,5.7735026918962555,8,3,32,-0.8660254037844385,-0.5000000000000004,0,0.0
SKU038,2024-08-18,51,,51.0,52.0,54.0,,54.25,54.875,4.031128874149271,8,3,33,-0.8660254037844385,-0.5000000000000004,0,0.0
SKU038,2024-08-25,42,,51.0,51.0,60.0,,53.5,55.0,4.35889894354067,8,3,34,-0.8660254037844385,-0.5000000000000004,0,0.0
SKU038,2024-09-01,48,,42.0,51.0,52.0,,49.0,51.0,4.690415759823428,9,3,35,-1.0,-1.8369701987210297e-16,1,0.0
SKU038,2024-09-08,58,,48.0,42.0,51.0,,48.0,50.5,4.242640687119283,9,3,36,-1.0,-1.8369701987210297e-16,1,1.0
SKU038,2024-09-15,47,,58.0,48.0,51.0,,49.75,52.0,6.652067347825033,9,3,37,-1.0,-1.8369701987210297e-16,1,1.0
SKU038,2024-09-22,43,,47.0,58.0,42.0,,48.75,51.125,6.701989754294366,9,3,38,-1.0,-1.8369701987210297e-16,1,1.0
SKU038,2024-09-29,37,,43.0,47.0,48.0,,49.0,49.0,6.3770421565696624,9,3,39,-1.0,-1.8369701987210297e-16,1,1.0
SKU038,2024-10-06,41,,37.0,43.0,58.0,,46.25,47.125,8.845903006477066,10,4,40,-0.8660254037844386,0.5000000000000001,0,1.0
SKU038,2024-10-13,37,,41.0,37.0,47.0,,42.0,45.875,4.163331998932264,10,4,41,-0.8660254037844386,0.5000000000000001,0,0.0
SKU038,2024-10-20,52,,37.0,41.0,43.0,,39.5,44.125,2.999999999999999,10,4,42,-0.8660254037844386,0.5000000000000001,0,0.0
SKU038,2024-10-27,45,,52.0,37.0,37.0,,41.75,45.375,7.088723439378912,10,4,43,-0.8660254037844386,0.5000000000000001,0,0.0
SKU038,2024-11-03,55,,45.0,52.0,41.0,,43.75,45.0,6.396613687465162,11,4,44,-0.5000000000000004,0.8660254037844384,1,0.0
SKU038,2024-11-10,34,,55.0,45.0,37.0,,47.25,44.625,8.0156097709407,11,4,45,-0.5000000000000004,0.8660254037844384,1,1.0
SKU038,2024-11-17,52,,34.0,55.0,52.0,,46.5,43.0,9.327379053088816,11,4,46,-0.5000000000000004,0.8660254037844384,1,1.0
SKU038,2024-11-24,49,,52.0,34.0,45.0,,46.5,44.125,9.327379053088816,11,4,47,-0.5000000000000004,0.8660254037844384,1,1.0
SKU038,2024-12-01,34,,49.0,52.0,55.0,,47.5,45.625,9.327379053088816,12,4,48,-2.4492935982947064e-16,1.0,1,1.0
SKU038,2024-12-08,55,,34.0,49.0,34.0,,42.25,44.75,9.604686356149273,12,4,49,-2.4492935982947064e-16,1.0,0,1.0
SKU038,2024-12-15,56,,55.0,34.0,52.0,,47.5,47.0,9.327379053088816,12,4,50,-2.4492935982947064e-16,1.0,0,0.0
SKU038,2024-12-22,45,,56.0,55.0,49.0,,48.5,47.5,10.14889156509222,12,4,51,-2.4492935982947064e-16,1.0,0,0.0
SKU038,2024-12-29,45,,45.0,56.0,34.0,,47.5,47.5,10.279429296739517,12,4,52,-2.4492935982947064e-16,1.0,0,0.0
SKU038,2025-01-05,57,50.0,45.0,45.0,55.0,50.0,50.25,46.25,6.075908711186061,1,1,1,0.49999999999999994,0.8660254037844387,0,0.0
SKU038,2025-01-12,48,62.0,57.0,45.0,56.0,62.0,50.75,49.125,6.652067347825035,1,1,2,0.49999999999999994,0.8660254037844387,0,0.0
SKU038,2025-01-19,48,50.0,48.0,57.0,45.0,50.0,48.75,48.625,5.678908345800274,1,1,3,0.49999999999999994,0.8660254037844387,0,0.0
SKU038,2025-01-26,42,39.0,48.0,48.0,45.0,39.0,49.5,48.5,5.196152422706632,1,1,4,0.49999999999999994,0.8660254037844387,0,0.0
SKU038,2025-02-02,46,58.0,42.0,48.0,57.0,58.0,48.75,49.5,6.18465843842649,2,1,5,0.8660254037844386,0.5000000000000001,0,0.0
SKU038,2025-02-09,47,48.0,46.0,42.0,48.0,48.0,46.0,48.375,2.8284271247461903,2,1,6,0.8660254037844386,0.5000000000000001,0,0.0
SKU038,2025-02-16,55,56.0,47.0,46.0,48.0,56.0,45.75,47.25,2.6299556396765835,2,1,7,0.8660254037844386,0.5000000000000001,0,0.0
SKU038,2025-02-23,61,55.0,55.0,47.0,42.0,55.0,47.5,48.5,5.446711546122731,2,1,8,0.8660254037844386,0.5000000000000001,0,0.0
SKU038,2025-03-02,53,54.0,61.0,55.0,46.0,54.0,52.25,50.5,7.088723439378912,3,1,9,1.0,6.123233995736766e-17,1,0.0
SKU038,2025-03-09,59,68.0,53.0,61.0,47.0,68.0,54.0,50.0,5.773502691896256,3,1,10,1.0,6.123233995736766e-17,1,1.0
SKU038,2025-03-16,77,70.0,59.0,53.0,55.0,70.0,57.0,51.375,3.6514837167011054,3,1,11,1.0,6.123233995736766e-17,1,1.0
SKU038,2025-03-23,65,64.0,77.0,59.0,61.0,64.0,62.5,55.0,10.246950765959598,3,1,12,1.0,6.123233995736766e-17,1,1.0
SKU038,2025-03-30,59,67.0,65.0,77.0,53.0,67.0,63.5,57.875,10.246950765959598,3,1,13,1.0,6.123233995736766e-17,1,1.0
SKU038,2025-04-06,73,45.0,59.0,65.0,59.0,45.0,65.0,59.5,8.48528137423857,4,2,14,0.8660254037844387,-0.4999999999999998,0,1.0
SKU038,2025-04-13,73,74.0,73.0,59.0,77.0,74.0,68.5,62.75,8.06225774829855,4,2,15,0.8660254037844387,-0.4999999999999998,0,0.0
SKU038,2025-04-20,71,56.0,73.0,73.0,65.0,56.0,67.5,65.0,6.806859285554046,4,2,16,0.8660254037844387,-0.4999999999999998,0,0.0
SKU038,2025-04-27,63,52.0,71.0,73.0,59.0,52.0,69.0,66.25,6.733003292241387,4,2,17,0.8660254037844387,-0.4999999999999998,0,0.0
SKU038,2025-05-04,51,56.0,63.0,71.0,73.0,56.0,70.0,67.5,4.760952285695236,5,2,18,0.49999999999999994,-0.8660254037844387,0,0.0
SKU038,2025-05-11,67,62.0,51.0,63.0,73.0,62.0,64.5,66.5,9.983319421247959,5,2,19,0.49999999999999994,-0.8660254037844387,0,0.0
SKU038,2025-05-18,62,66.0,67.0,51.0,71.0,66.0,63.0,65.25,8.640987597877148,5,2,20,0.49999999999999994,-0.8660254037844387,0,0.0
SKU038,2025-05-25,76,54.0,62.0,67.0,63.0,54.0,60.75,64.875,6.849574196011507,5,2,21,0.49999999999999994,-0.8660254037844387,0,0.0
SKU038,2025-06-01,60,67.0,76.0,62.0,51.0,67.0,64.0,67.0,10.424330514074594,6,2,22,1.2246467991473532e-16,-1.0,1,0.0
SKU038,2025-06-08,62,63.0,60.0,76.0,67.0,63.0,66.25,65.375,7.135591542869218,6,2,23,1.2246467991473532e-16,-1.0,1,1.0
SKU038,2025-06-15,58,65.0,62.0,60.0,62.0,65.0,65.0,64.0,7.393691004272948,6,2,24,1.2246467991473532e-16,-1.0,1,1.0
SKU038,2025-06-22,60,50.0,58.0,62.0,76.0,50.0,64.0,62.375,8.164965809277263,6,2,25,1.2246467991473532e-16,-1.0,1,1.0
SKU038,2025-06-29,75,74.0,60.0,58.0,60.0,74.0,60.0,62.0,1.6329931618554636,6,2,26,1.2246467991473532e-16,-1.0,1,1.0
SKU038,2025-07-06,57,52.0,75.0,60.0,62.0,52.0,63.75,65.0,7.675719293112972,7,3,27,-0.4999999999999997,-0.8660254037844388,0,1.0
SKU038,2025-07-13,57,46.0,57.0,75.0,58.0,46.0,62.5,63.75,8.42614977317636,7,3,28,-0.4999999999999997,-0.8660254037844388,0,0.0
SKU038,2025-07-20,59,54.0,57.0,57.0,60.0,54.0,62.25,63.125,8.616843969807045,7,3,29,-0.4999999999999997,-0.8660254037844388,0,0.0
SKU038,2025-07-27,50,60.0,59.0,57.0,75.0,60.0,62.0,61.0,8.71779788708135,7,3,30,-0.4999999999999997,-0.8660254037844388,0,0.0
SKU038,2025-08-03,45,52.0,50.0,59.0,57.0,52.0,55.75,59.75,3.9475730941090066,8,3,31,-0.8660254037844385,-0.5000000000000004,0,0.0
SKU038,2025-08-10,42,51.0,45.0,50.0,57.0,51.0,52.75,57.625,6.448514040717703,8,3,32,-0.8660254037844385,-0.5000000000000004,0,0.0
SKU038,2025-08-17,60,51.0,42.0,45.0,59.0,51.0,49.0,55.625,7.438637868140468,8,3,33,-0.8660254037844385,-0.5000000000000004,0,0.0
SKU038,2025-08-24,47,42.0,60.0,42.0,50.0,42.0,49.25,55.625,7.889866919029752,8,3,34,-0.8660254037844385,-0.5000000000000004,0,0.0
SKU038,2025-08-31,49,48.0,47.0,60.0,45.0,48.0,48.5,52.125,7.937253933193774,8,3,35,-0.8660254037844385,-0.5000000000000004,0,0.0
SKU038,2025-09-07,48,58.0,49.0,47.0,42.0,58.0,49.5,51.125,7.593857166596348,9,3,36,-1.0,-1.8369701987210297e-16,1,0.0
SKU038,2025-09-14,47,47.0,48.0,49.0,60.0,47.0,51.0,50.0,6.055300708194987,9,3,37,-1.0,-1.8369701987210297e-16,1,1.0
SKU038,2025-09-21,40,43.0,47.0,48.0,47.0,43.0,47.75,48.5,0.9574271077563629,9,3,38,-1.0,-1.8369701987210297e-16,1,1.0
SKU038,2025-09-28,49,37.0,40.0,47.0,49.0,37.0,46.0,47.25,4.082482904638636,9,3,39,-1.0,-1.8369701987210297e-16,1,1.0
SKU038,2025-10-05,40,41.0,49.0,40.0,48.0,41.0,46.0,47.75,4.082482904638636,10,4,40,-0.8660254037844386,0.5000000000000001,0,1.0
SKU038,2025-10-12,48,37.0,40.0,49.0,47.0,37.0,44.0,47.5,4.690415759823435,10,4,41,-0.8660254037844386,0.5000000000000001,0,0.0
SKU038,2025-10-19,44,52.0,48.0,40.0,40.0,52.0,44.25,46.0,4.924428900898058,10,4,42,-0.8660254037844386,0.5000000000000001,0,0.0
SKU038,2025-10-26,44,45.0,44.0,48.0,49.0,45.0,45.25,45.625,4.112987559751029,10,4,43,-0.8660254037844386,0.5000000000000001,0,0.0
SKU038,2025-11-02,37,55.0,44.0,44.0,40.0,55.0,44.0,45.0,3.2659863237109126,11,4,44,-0.5000000000000004,0.8660254037844384,1,0.0
SKU038,2025-11-09,50,34.0,37.0,44.0,48.0,34.0,43.25,43.625,4.573474244670754,11,4,45,-0.5000000000000004,0.8660254037844384,1,1.0
SKU038,2025-11-16,48,52.0,50.0,37.0,44.0,52.0,43.75,44.0,5.31507290636733,11,4,46,-0.5000000000000004,0.8660254037844384,1,1.0
SKU038,2025-11-23,61,49.0,48.0,50.0,44.0,49.0,44.75,45.0,5.737304826019507,11,4,47,-0.5000000000000004,0.8660254037844384,1,1.0
SKU038,2025-11-30,61,34.0,61.0,48.0,37.0,34.0,49.0,46.5,9.831920802501754,11,4,48,-0.5000000000000004,0.8660254037844384,1,1.0
SKU038,2025-12-07,39,55.0,61.0,61.0,50.0,55.0,55.0,49.125,6.976149845485454,12,4,49,-2.4492935982947064e-16,1.0,0,1.0
SKU038,2025-12-14,49,56.0,39.0,61.0,48.0,56.0,52.25,48.0,10.750968948580095,12,4,50,-2.4492935982947064e-16,1.0,0,0.0
SKU038,2025-12-21,49,45.0,49.0,39.0,61.0,45.0,52.5,48.625,10.630145812734652,12,4,51,-2.4492935982947064e-16,1.0,0,0.0
SKU038,2025-12-28,56,45.0,49.0,49.0,61.0,45.0,49.5,49.25,9.000000000000002,12,4,52,-2.4492935982947064e-16,1.0,0,0.0
SKU039,2024-01-07,24,,,,,,,,,1,1,1,0.49999999999999994,0.8660254037844387,0,
SKU039,2024-01-14,16,,24.0,,,,,,,1,1,2,0.49999999999999994,0.8660254037844387,0,0.0
SKU039,2024-01-21,16,,16.0,24.0,,,,,,1,1,3,0.49999999999999994,0.8660254037844387,0,0.0
SKU039,2024-01-28,20,,16.0,16.0,,,,,,1,1,4,0.49999999999999994,0.8660254037844387,0,0.0
SKU039,2024-02-04,27,,20.0,16.0,24.0,,19.0,,3.8297084310253524,2,1,5,0.8660254037844386,0.5000000000000001,0,0.0
SKU039,2024-02-11,21,,27.0,20.0,16.0,,19.75,,5.188127472091127,2,1,6,0.8660254037844386,0.5000000000000001,0,0.0
SKU039,2024-02-18,28,,21.0,27.0,16.0,,21.0,,4.546060565661952,2,1,7,0.8660254037844386,0.5000000000000001,0,0.0
SKU039,2024-02-25,30,,28.0,21.0,20.0,,24.0,,4.0824829046386295,2,1,8,0.8660254037844386,0.5000000000000001,0,0.0
SKU039,2024-03-03,25,,30.0,28.0,27.0,,26.5,22.75,3.8729833462074166,3,1,9,1.0,6.123233995736766e-17,1,0.0
SKU039,2024-03-10,24,,25.0,30.0,21.0,,26.0,22.875,3.915780041490243,3,1,10,1.0,6.123233995736766e-17,1,1.0
SKU039,2024-03-17,34,,24.0,25.0,28.0,,26.75,23.875,2.7537852736430497,3,1,11,1.0,6.123233995736766e-17,1,1.0
SKU039,2024-03-24,27,,34.0,24.0,30.0,,28.25,26.125,4.645786621588784,3,1,12,1.0,6.123233995736766e-17,1,1.0
SKU039,2024-03-31,22,,27.0,34.0,25.0,,27.5,27.0,4.509249752822894,3,1,13,1.0,6.123233995736766e-17,1,1.0
SKU039,2024-04-07,30,,22.0,27.0,24.0,,26.75,26.375,5.251983752196243,4,2,14,0.8660254037844387,-0.4999999999999998,0,1.0
SKU039,2024-04-14,31,,30.0,22.0,34.0,,28.25,27.5,5.0579969684978385,4,2,15,0.8660254037844387,-0.4999999999999998,0,0.0
SKU039,2024-04-21,17,,31.0,30.0,27.0,,27.5,27.875,4.04145188432738,4,2,16,0.8660254037844387,-0.4999999999999998,0,0.0
SKU039,2024-04-28,29,,17.0,31.0,22.0,,25.0,26.25,6.683312551921141,4,2,17,0.8660254037844387,-0.4999999999999998,0,0.0
SKU039,2024-05-05,21,,29.0,17.0,30.0,,26.75,26.75,6.551081335677848,5,2,18,0.49999999999999994,-0.8660254037844387,0,0.0
SKU039,2024-05-12,29,,21.0,29.0,31.0,,24.5,26.375,6.60807586719967,5,2,19,0.49999999999999994,-0.8660254037844387,0,0.0
SKU039,2024-05-19,27,,29.0,21.0,17.0,,24.0,25.75,6.0,5,2,20,0.49999999999999994,-0.8660254037844387,0,0.0
SKU039,2024-05-26,25,,27.0,29.0,29.0,,26.5,25.75,3.785938897200183,5,2,21,0.49999999999999994,-0.8660254037844387,0,0.0
SKU039,2024-06-02,27,,25.0,27.0,21.0,,25.5,26.125,3.415650255319867,6,2,22,1.2246467991473532e-16,-1.0,1,0.0
SKU039,2024-06-09,25,,27.0,25.0,29.0,,27.0,25.75,1.6329931618554536,6,2,23,1.2246467991473532e-16,-1.0,1,1.0
SKU039,2024-06-16,24,,25.0,27.0,27.0,,26.0,25.0,1.154700538379253,6,2,24,1.2246467991473532e-16,-1.0,1,1.0
SKU039,2024-06-23,25,,24.0,25.0,25.0,,25.25,25.875,1.2583057392117933,6,2,25,1.2246467991473532e-16,-1.0,1,1.0
SKU039,2024-06-30,21,,25.0,24.0,27.0,,25.25,25.375,1.2583057392117933,6,2,26,1.2246467991473532e-16,-1.0,1,1.0
SKU039,2024-07-07,21,,21.0,25.0,25.0,,23.75,25.375,1.8929694486000928,7,3,27,-0.4999999999999997,-0.8660254037844388,0,1.0
SKU039,2024-07-14,18,,21.0,21.0,24.0,,22.75,24.375,2.061552812808831,7,3,28,-0.4999999999999997,-0.8660254037844388,0,0.0
SKU039,2024-07-21,18,,18.0,21.0,25.0,,21.25,23.25,2.8722813232690148,7,3,29,-0.4999999999999997,-0.8660254037844388,0,0.0
SKU039,2024-07-28,16,,18.0,18.0,21.0,,19.5,22.375,1.7320508075688779,7,3,30,-0.4999999999999997,-0.8660254037844388,0,0.0
SKU039,2024-08-04,15,,16.0,18.0,21.0,,18.25,21.0,2.0615528128088307,8,3,31,-0.8660254037844385,-0.5000000000000004,0,0.0
SKU039,2024-08-11,16,,15.0,16.0,18.0,,16.75,19.75,1.5000000000000002,8,3,32,-0.8660254037844385,-0.5000000000000004,0,0.0
SKU039,2024-08-18,24,,16.0,15.0,18.0,,16.25,18.75,1.2583057392117918,8,3,33,-0.8660254037844385,-0.5000000000000004,0,0.0
SKU039,2024-08-25,29,,24.0,16.0,16.0,,17.75,18.625,4.193248541803041,8,3,34,-0.8660254037844385,-0.5000000000000004,0,0.0
SKU039,2024-09-01,16,,29.0,24.0,15.0,,21.0,19.625,6.683312551921141,9,3,35,-1.0,-1.8369701987210297e-16,1,0.0
SKU039,2024-09-08,26,,16.0,29.0,16.0,,21.25,19.0,6.3966136874651625,9,3,36,-1.0,-1.8369701987210297e-16,1,1.0
SKU039,2024-09-15,22,,26.0,16.0,24.0,,23.75,20.0,5.560275772537426,9,3,37,-1.0,-1.8369701987210297e-16,1,1.0
SKU039,2024-09-22,22,,22.0,26.0,29.0,,23.25,20.5,5.619905100029122,9,3,38,-1.0,-1.8369701987210297e-16,1,1.0
SKU039,2024-09-29,24,,22.0,22.0,16.0,,21.5,21.25,4.12310562561766,9,3,39,-1.0,-1.8369701987210297e-16,1,1.0
SKU039,2024-10-06,16,,24.0,22.0,26.0,,23.5,22.375,1.914854215512676,10,4,40,-0.8660254037844386,0.5000000000000001,0,1.0
SKU039,2024-10-13,9,,16.0,24.0,22.0,,21.0,22.375,3.4641016151377553,10,4,41,-0.8660254037844386,0.5000000000000001,0,0.0
SKU039,2024-10-20,18,,9.0,16.0,22.0,,17.75,20.5,6.751543033509699,10,4,42,-0.8660254037844386,0.5000000000000001,0,0.0
SKU039,2024-10-27,19,,18.0,9.0,24.0,,16.75,19.125,6.184658438426491,10,4,43,-0.8660254037844386,0.5000000000000001,0,0.0
SKU039,2024-11-03,21,,19.0,18.0,16.0,,15.5,19.5,4.509249752822895,11,4,44,-0.5000000000000004,0.8660254037844384,1,0.0
SKU039,2024-11-10,24,,21.0,19.0,9.0,,16.75,18.875,5.315072906367325,11,4,45,-0.5000000000000004,0.8660254037844384,1,1.0
SKU039,2024-11-17,18,,24.0,21.0,18.0,,20.5,19.125,2.645751311064592,11,4,46,-0.5000000000000004,0.8660254037844384,1,1.0
SKU039,2024-11-24,24,,18.0,24.0,19.0,,20.5,18.625,2.645751311064592,11,4,47,-0.5000000000000004,0.8660254037844384,1,1.0
SKU039,2024-12-01,11,,24.0,18.0,21.0,,21.75,18.625,2.8722813232690156,12,4,48,-2.4492935982947064e-16,1.0,1,1.0
SKU039,2024-12-08,14,,11.0,24.0,24.0,,19.25,18.0,6.184658438426491,12,4,49,-2.4492935982947064e-16,1.0,0,1.0
SKU039,2024-12-15,17,,14.0,11.0,18.0,,16.75,18.625,5.619905100029123,12,4,50,-2.4492935982947064e-16,1.0,0,0.0
SKU039,2024-12-22,13,,17.0,14.0,24.0,,16.5,18.5,5.567764362830023,12,4,51,-2.4492935982947064e-16,1.0,0,0.0
SKU039,2024-12-29,16,,13.0,17.0,11.0,,13.75,17.75,2.5000000000000018,12,4,52,-2.4492935982947064e-16,1.0,0,0.0
SKU039,2025-01-05,13,24.0,16.0,13.0,14.0,24.0,15.0,17.125,1.8257418583505565,1,1,1,0.49999999999999994,0.8660254037844387,0,0.0
SKU039,2025-01-12,25,16.0,13.0,16.0,17.0,16.0,14.75,15.75,2.0615528128088325,1,1,2,0.49999999999999994,0.8660254037844387,0,0.0
SKU039,2025-01-19,25,16.0,25.0,13.0,13.0,16.0,16.75,16.625,5.6789083458002745,1,1,3,0.49999999999999994,0.8660254037844387,0,0.0
SKU039,2025-01-26,24,20.0,25.0,25.0,16.0,20.0,19.75,16.75,6.184658438426491,1,1,4,0.49999999999999994,0.8660254037844387,0,0.0
SKU039,2025-02-02,25,27.0,24.0,25.0,13.0,27.0,21.75,18.375,5.852349955359813,2,1,5,0.8660254037844386,0.5000000000000001,0,0.0
SKU039,2025-02-09,26,21.0,25.0,24.0,25.0,21.0,24.75,19.75,0.5000000000000062,2,1,6,0.8660254037844386,0.5000000000000001,0,0.0
SKU039,2025-02-16,29,28.0,26.0,25.0,25.0,28.0,25.0,20.875,0.8164965809277297,2,1,7,0.8660254037844386,0.5000000000000001,0,0.0
SKU039,2025-02-23,18,30.0,29.0,26.0,24.0,30.0,26.0,22.875,2.160246899469288,2,1,8,0.8660254037844386,0.5000000000000001,0,0.0
SKU039,2025-03-02,28,25.0,18.0,29.0,25.0,25.0,24.5,23.125,4.654746681256315,3,1,9,1.0,6.123233995736766e-17,1,0.0
SKU039,2025-03-09,31,24.0,28.0,18.0,26.0,24.0,25.25,25.0,4.9916597106239795,3,1,10,1.0,6.123233995736766e-17,1,1.0
SKU039,2025-03-16,20,34.0,31.0,28.0,29.0,34.0,26.5,25.75,5.802298395176405,3,1,11,1.0,6.123233995736766e-17,1,1.0
SKU039,2025-03-23,23,27.0,20.0,31.0,18.0,27.0,24.25,25.125,6.238322424070968,3,1,12,1.0,6.123233995736766e-17,1,1.0
SKU039,2025-03-30,20,22.0,23.0,20.0,28.0,22.0,25.5,25.0,4.932882862316249,3,1,13,1.0,6.123233995736766e-17,1,1.0
SKU039,2025-04-06,27,30.0,20.0,23.0,31.0,30.0,23.5,24.375,5.196152422706634,4,2,14,0.8660254037844387,-0.4999999999999998,0,1.0
SKU039,2025-04-13,24,31.0,27.0,20.0,20.0,31.0,22.5,24.5,3.316624790355403,4,2,15,0.8660254037844387,-0.4999999999999998,0,0.0
SKU039,2025-04-20,24,17.0,24.0,27.0,23.0,17.0,23.5,23.875,2.8867513459481327,4,2,16,0.8660254037844387,-0.4999999999999998,0,0.0
SKU039,2025-04-27,18,29.0,24.0,24.0,20.0,29.0,23.75,24.625,2.872281323269018,4,2,17,0.8660254037844387,-0.4999999999999998,0,0.0
SKU039,2025-05-04,23,21.0,18.0,24.0,27.0,21.0,23.25,23.375,3.7749172176353776,5,2,18,0.49999999999999994,-0.8660254037844387,0,0.0
SKU039,2025-05-11,33,29.0,23.0,18.0,24.0,29.0,22.25,22.375,2.872281323269018,5,2,19,0.49999999999999994,-0.8660254037844387,0,0.0
SKU039,2025-05-18,29,27.0,33.0,23.0,24.0,27.0,24.5,24.0,6.2449979983984,5,2,20,0.49999999999999994,-0.8660254037844387,0,0.0
SKU039,2025-05-25,24,25.0,29.0,33.0,18.0,25.0,25.75,24.75,6.601767440112788,5,2,21,0.49999999999999994,-0.8660254037844387,0,0.0
SKU039,2025-06-01,20,27.0,24.0,29.0,23.0,27.0,27.25,25.25,4.645786621588787,6,2,22,1.2246467991473532e-16,-1.0,1,0.0
SKU039,2025-06-08,26,25.0,20.0,24.0,33.0,25.0,26.5,24.375,5.6862407030773285,6,2,23,1.2246467991473532e-16,-1.0,1,1.0
SKU039,2025-06-15,26,24.0,26.0,20.0,29.0,24.0,24.75,24.625,3.774917217635377,6,2,24,1.2246467991473532e-16,-1.0,1,1.0
SKU039,2025-06-22,32,25.0,26.0,26.0,24.0,25.0,24.0,24.875,2.828427124746193,6,2,25,1.2246467991473532e-16,-1.0,1,1.0
SKU039,2025-06-29,31,21.0,32.0,26.0,20.0,21.0,26.0,26.625,4.8989794855663575,6,2,26,1.2246467991473532e-16,-1.0,1,1.0
SKU039,2025-07-06,19,21.0,31.0,32.0,26.0,21.0,28.75,27.625,3.2015621187164265,7,3,27,-0.4999999999999997,-0.8660254037844388,0,1.0
SKU039,2025-07-13,24,18.0,19.0,31.0,26.0,18.0,27.0,25.875,5.944184833375671,7,3,28,-0.4999999999999997,-0.8660254037844388,0,0.0
SKU039,2025-07-20,18,18.0,24.0,19.0,32.0,18.0,26.5,25.25,6.137317546507324,7,3,29,-0.4999999999999997,-0.8660254037844388,0,0.0
SKU039,2025-07-27,34,16.0,18.0,24.0,31.0,16.0,23.0,24.5,5.9441848333756715,7,3,30,-0.4999999999999997,-0.8660254037844388,0,0.0
SKU039,2025-08-03,23,15.0,34.0,18.0,19.0,15.0,23.75,26.25,7.320063751999251,8,3,31,-0.8660254037844385,-0.5000000000000004,0,0.0
SKU039,2025-08-10,23,16.0,23.0,34.0,24.0,16.0,24.75,25.875,6.7019897542943685,8,3,32,-0.8660254037844385,-0.5000000000000004,0,0.0
SKU039,2025-08-17,20,24.0,23.0,23.0,18.0,24.0,24.5,25.5,6.757711644237766,8,3,33,-0.8660254037844385,-0.5000000000000004,0,0.0
SKU039,2025-08-24,18,29.0,20.0,23.0,34.0,29.0,25.0,24.0,6.164414002968979,8,3,34,-0.8660254037844385,-0.5000000000000004,0,0.0
SKU039,2025-08-31,13,16.0,18.0,20.0,23.0,16.0,21.0,22.375,2.449489742783184,8,3,35,-0.8660254037844385,-0.5000000000000004,0,0.0
SKU039,2025-09-07,17,26.0,13.0,18.0,23.0,26.0,18.5,21.625,4.203173404306167,9,3,36,-1.0,-1.8369701987210297e-16,1,0.0
SKU039,2025-09-14,20,22.0,17.0,13.0,20.0,22.0,17.0,20.75,2.9439202887759532,9,3,37,-1.0,-1.8369701987210297e-16,1,1.0
SKU039,2025-09-21,18,22.0,20.0,17.0,18.0,22.0,17.0,21.0,2.9439202887759532,9,3,38,-1.0,-1.8369701987210297e-16,1,1.0
SKU039,2025-09-28,25,24.0,18.0,20.0,13.0,24.0,17.0,19.0,2.9439202887759532,9,3,39,-1.0,-1.8369701987210297e-16,1,1.0
SKU039,2025-10-05,26,16.0,25.0,18.0,17.0,16.0,20.0,19.25,3.5590260840104415,10,4,40,-0.8660254037844386,0.5000000000000001,0,1.0
SKU039,2025-10-12,17,9.0,26.0,25.0,20.0,9.0,22.25,19.625,3.8622100754188264,10,4,41,-0.8660254037844386,0.5000000000000001,0,0.0
SKU039,2025-10-19,16,18.0,17.0,26.0,18.0,18.0,21.5,19.25,4.6547466812563165,10,4,42,-0.8660254037844386,0.5000000000000001,0,0.0
SKU039,2025-10-26,19,19.0,16.0,17.0,25.0,19.0,21.0,19.0,5.228129047119377,10,4,43,-0.8660254037844386,0.5000000000000001,0,0.0
SKU039,2025-11-02,18,21.0,19.0,16.0,26.0,21.0,19.5,19.75,4.509249752822898,11,4,44,-0.5000000000000004,0.8660254037844384,1,0.0
SKU039,2025-11-09,18,24.0,18.0,19.0,17.0,24.0,17.5,19.875,1.2909944487358165,11,4,45,-0.5000000000000004,0.8660254037844384,1,1.0
SKU039,2025-11-16,24,18.0,18.0,18.0,16.0,18.0,17.75,19.625,1.2583057392118024,11,4,46,-0.5000000000000004,0.8660254037844384,1,1.0
SKU039,2025-11-23,18,24.0,24.0,18.0,19.0,24.0,19.75,20.375,2.8722813232690196,11,4,47,-0.5000000000000004,0.8660254037844384,1,1.0
SKU039,2025-11-30,13,11.0,18.0,24.0,18.0,11.0,19.5,19.5,3.000000000000005,11,4,48,-0.5000000000000004,0.8660254037844384,1,1.0
SKU039,2025-12-07,23,14.0,13.0,18.0,18.0,14.0,18.25,17.875,4.5000000000000036,12,4,49,-2.4492935982947064e-16,1.0,0,1.0
SKU039,2025-12-14,15,17.0,23.0,13.0,24.0,17.0,19.5,18.625,5.066228051190224,12,4,50,-2.4492935982947064e-16,1.0,0,0.0
SKU039,2025-12-21,12,13.0,15.0,23.0,18.0,13.0,17.25,18.5,4.3493294502332995,12,4,51,-2.4492935982947064e-16,1.0,0,0.0
SKU039,2025-12-28,21,16.0,12.0,15.0,13.0,16.0,15.75,17.625,4.991659710623982,12,4,52,-2.4492935982947064e-16,1.0,0,0.0
SKU040,2024-01-07,104,,,,,,,,,1,1,1,0.49999999999999994,0.8660254037844387,0,
SKU040,2024-01-14,116,,104.0,,,,,,,1,1,2,0.49999999999999994,0.8660254037844387,0,0.0
SKU040,2024-01-21,105,,116.0,104.0,,,,,,1,1,3,0.49999999999999994,0.8660254037844387,0,0.0
SKU040,2024-01-28,92,,105.0,116.0,,,,,,1,1,4,0.49999999999999994,0.8660254037844387,0,0.0
SKU040,2024-02-04,118,,92.0,105.0,104.0,,104.25,,9.810708435174291,2,1,5,0.8660254037844386,0.5000000000000001,0,0.0
SKU040,2024-02-11,117,,118.0,92.0,116.0,,107.75,,11.954775893619532,2,1,6,0.8660254037844386,0.5000000000000001,0,0.0
SKU040,2024-02-18,122,,117.0,118.0,105.0,,108.0,,12.192894105447921,2,1,7,0.8660254037844386,0.5000000000000001,0,0.0
SKU040,2024-02-25,110,,122.0,117.0,92.0,,112.25,,13.671747023210555,2,1,8,0.8660254037844386,0.5000000000000001,0,0.0
SKU040,2024-03-03,137,,110.0,122.0,118.0,,116.75,110.5,4.9916597106239795,3,1,9,1.0,6.123233995736766e-17,1,0.0
SKU040,2024-03-10,114,,137.0,110.0,117.0,,121.5,114.625,11.445523142259598,3,1,10,1.0,6.123233995736766e-17,1,1.0
SKU040,2024-03-17,140,,114.0,137.0,122.0,,120.75,114.375,11.926860441876563,3,1,11,1.0,6.123233995736766e-17,1,1.0
SKU040,2024-03-24,173,,140.0,114.0,110.0,,125.25,118.75,15.435349040433135,3,1,12,1.0,6.123233995736766e-17,1,1.0
SKU040,2024-03-31,147,,173.0,140.0,137.0,,141.0,128.875,24.289915602982237,3,1,13,1.0,6.123233995736766e-17,1,1.0
SKU040,2024-04-07,109,,147.0,173.0,114.0,,143.5,132.5,24.25558354963519,4,2,14,0.8660254037844387,-0.4999999999999998,0,1.0
SKU040,2024-04-14,126,,109.0,147.0,140.0,,142.25,131.5,26.323310328806798,4,2,15,0.8660254037844387,-0.4999999999999998,0,0.0
SKU040,2024-04-21,131,,126.0,109.0,173.0,,138.75,132.0,27.62094615806393,4,2,16,0.8660254037844387,-0.4999999999999998,0,0.0
SKU040,2024-04-28,117,,131.0,126.0,147.0,,128.25,134.625,15.649813630413195,4,2,17,0.8660254037844387,-0.4999999999999998,0,0.0
SKU040,2024-05-05,119,,117.0,131.0,109.0,,120.75,132.125,9.742518497116986,5,2,18,0.49999999999999994,-0.8660254037844387,0,0.0
SKU040,2024-05-12,125,,119.0,117.0,126.0,,123.25,132.75,6.448514040717697,5,2,19,0.49999999999999994,-0.8660254037844387,0,0.0
SKU040,2024-05-19,108,,125.0,119.0,131.0,,123.0,130.875,6.324555320336755,5,2,20,0.49999999999999994,-0.8660254037844387,0,0.0
SKU040,2024-05-26,119,,108.0,125.0,117.0,,117.25,122.75,7.041543391425864,5,2,21,0.49999999999999994,-0.8660254037844387,0,0.0
SKU040,2024-06-02,135,,119.0,108.0,119.0,,117.75,119.25,7.088723439378907,6,2,22,1.2246467991473532e-16,-1.0,1,0.0
SKU040,2024-06-09,128,,135.0,119.0,125.0,,121.75,122.5,11.295279249904947,6,2,23,1.2246467991473532e-16,-1.0,1,1.0
SKU040,2024-06-16,128,,128.0,135.0,108.0,,122.5,122.75,11.676186592091327,6,2,24,1.2246467991473532e-16,-1.0,1,1.0
SKU040,2024-06-23,124,,128.0,128.0,119.0,,127.5,122.375,6.557438524301999,6,2,25,1.2246467991473532e-16,-1.0,1,1.0
SKU040,2024-06-30,97,,124.0,128.0,135.0,,128.75,123.25,4.573474244670743,6,2,26,1.2246467991473532e-16,-1.0,1,1.0
SKU040,2024-07-07,103,,97.0,124.0,128.0,,119.25,120.5,14.952703211571256,7,3,27,-0.4999999999999997,-0.8660254037844388,0,1.0
SKU040,2024-07-14,116,,103.0,97.0,128.0,,113.0,117.75,15.297058540778355,7,3,28,-0.4999999999999997,-0.8660254037844388,0,0.0
SKU040,2024-07-21,102,,116.0,103.0,124.0,,110.0,118.75,12.24744871391589,7,3,29,-0.4999999999999997,-0.8660254037844388,0,0.0
SKU040,2024-07-28,109,,102.0,116.0,97.0,,104.5,116.625,8.103497187428811,7,3,30,-0.4999999999999997,-0.8660254037844388,0,0.0
SKU040,2024-08-04,109,,109.0,102.0,103.0,,107.5,113.375,6.454972243679027,8,3,31,-0.8660254037844385,-0.5000000000000004,0,0.0
SKU040,2024-08-11,103,,109.0,109.0,116.0,,109.0,111.0,5.715476066494081,8,3,32,-0.8660254037844385,-0.5000000000000004,0,0.0
SKU040,2024-08-18,109,,103.0,109.0,102.0,,105.75,107.875,3.774917217635374,8,3,33,-0.8660254037844385,-0.5000000000000004,0,0.0
SKU040,2024-08-25,110,,109.0,103.0,109.0,,107.5,106.0,2.999999999999999,8,3,34,-0.8660254037844385,-0.5000000000000004,0,0.0
SKU040,2024-09-01,85,,110.0,109.0,109.0,,107.75,107.625,3.2015621187164234,9,3,35,-1.0,-1.8369701987210297e-16,1,0.0
SKU040,2024-09-08,94,,85.0,110.0,103.0,,101.75,105.375,11.586630226256466,9,3,36,-1.0,-1.8369701987210297e-16,1,1.0
SKU040,2024-09-15,109,,94.0,85.0,109.0,,99.5,102.625,12.124355652982139,9,3,37,-1.0,-1.8369701987210297e-16,1,1.0
SKU040,2024-09-22,89,,109.0,94.0,110.0,,99.5,103.5,12.124355652982139,9,3,38,-1.0,-1.8369701987210297e-16,1,1.0
SKU040,2024-09-29,84,,89.0,109.0,85.0,,94.25,101.0,10.499999999999998,9,3,39,-1.0,-1.8369701987210297e-16,1,1.0
SKU040,2024-10-06,91,,84.0,89.0,94.0,,94.0,97.875,10.801234497346432,10,4,40,-0.8660254037844386,0.5000000000000001,0,1.0
SKU040,2024-10-13,93,,91.0,84.0,109.0,,93.25,96.375,10.904891868637058,10,4,41,-0.8660254037844386,0.5000000000000001,0,0.0
SKU040,2024-10-20,96,,93.0,91.0,89.0,,89.25,94.375,3.8622100754188176,10,4,42,-0.8660254037844386,0.5000000000000001,0,0.0
SKU040,2024-10-27,92,,96.0,93.0,84.0,,91.0,92.625,5.099019513592782,10,4,43,-0.8660254037844386,0.5000000000000001,0,0.0
SKU040,2024-11-03,89,,92.0,96.0,91.0,,93.0,93.5,2.1602468994692825,11,4,44,-0.5000000000000004,0.8660254037844384,1,0.0
SKU040,2024-11-10,114,,89.0,92.0,93.0,,92.5,92.875,2.886751345948126,11,4,45,-0.5000000000000004,0.8660254037844384,1,1.0
SKU040,2024-11-17,101,,114.0,89.0,96.0,,97.75,93.5,11.20639698267616,11,4,46,-0.5000000000000004,0.8660254037844384,1,1.0
SKU040,2024-11-24,92,,101.0,114.0,92.0,,99.0,95.0,11.224972160321826,11,4,47,-0.5000000000000004,0.8660254037844384,1,1.0
SKU040,2024-12-01,92,,92.0,101.0,89.0,,99.0,96.0,11.224972160321826,12,4,48,-2.4492935982947064e-16,1.0,1,1.0
SKU040,2024-12-08,97,,92.0,92.0,114.0,,99.75,96.125,10.404326023342408,12,4,49,-2.4492935982947064e-16,1.0,0,1.0
SKU040,2024-12-15,90,,97.0,92.0,101.0,,95.5,96.625,4.358898943540678,12,4,50,-2.4492935982947064e-16,1.0,0,0.0
SKU040,2024-12-22,99,,90.0,97.0,92.0,,92.75,95.875,2.986078811194828,12,4,51,-2.4492935982947064e-16,1.0,0,0.0
SKU040,2024-12-29,103,,99.0,90.0,92.0,,94.5,96.75,4.2031734043061695,12,4,52,-2.4492935982947064e-16,1.0,0,0.0
SKU040,2025-01-05,101,104.0,103.0,99.0,97.0,104.0,97.25,98.5,5.439056290693579,1,1,1,0.49999999999999994,0.8660254037844387,0,0.0
SKU040,2025-01-12,115,116.0,101.0,103.0,90.0,116.0,98.25,96.875,5.737304826019508,1,1,2,0.49999999999999994,0.8660254037844387,0,0.0
SKU040,2025-01-19,112,105.0,115.0,101.0,99.0,105.0,104.5,98.625,7.1879528842826135,1,1,3,0.49999999999999994,0.8660254037844387,0,0.0
SKU040,2025-01-26,101,92.0,112.0,115.0,103.0,92.0,107.75,101.125,6.800735254367728,1,1,4,0.49999999999999994,0.8660254037844387,0,0.0
SKU040,2025-02-02,110,118.0,101.0,112.0,101.0,118.0,107.25,102.25,7.320063751999255,2,1,5,0.8660254037844386,0.5000000000000001,0,0.0
SKU040,2025-02-09,102,117.0,110.0,101.0,115.0,117.0,109.5,103.875,6.027713773341715,2,1,6,0.8660254037844386,0.5000000000000001,0,0.0
SKU040,2025-02-16,125,122.0,102.0,110.0,112.0,122.0,106.25,105.375,5.560275772537435,2,1,7,0.8660254037844386,0.5000000000000001,0,0.0
SKU040,2025-02-23,111,110.0,125.0,102.0,101.0,110.0,109.5,108.625,11.090536506409423,2,1,8,0.8660254037844386,0.5000000000000001,0,0.0
SKU040,2025-03-02,136,137.0,111.0,125.0,110.0,137.0,112.0,109.625,9.556847457887642,3,1,9,1.0,6.123233995736766e-17,1,0.0
SKU040,2025-03-09,126,114.0,136.0,111.0,102.0,114.0,118.5,114.0,15.022205785658336,3,1,10,1.0,6.123233995736766e-17,1,1.0
SKU040,2025-03-16,146,140.0,126.0,136.0,125.0,140.0,124.5,115.375,10.279429296739522,3,1,11,1.0,6.123233995736766e-17,1,1.0
SKU040,2025-03-23,151,173.0,146.0,126.0,111.0,173.0,129.75,119.625,14.930394055974103,3,1,12,1.0,6.123233995736766e-17,1,1.0
SKU040,2025-03-30,120,147.0,151.0,146.0,136.0,147.0,139.75,125.875,11.086778913041732,3,1,13,1.0,6.123233995736766e-17,1,1.0
SKU040,2025-04-06,135,109.0,120.0,151.0,126.0,109.0,135.75,127.125,15.063753405664434,4,2,14,0.8660254037844387,-0.4999999999999998,0,1.0
SKU040,2025-04-13,122,126.0,135.0,120.0,146.0,126.0,138.0,131.25,13.735598518691015,4,2,15,0.8660254037844387,-0.4999999999999998,0,0.0
SKU040,2025-04-20,116,131.0,122.0,135.0,151.0,131.0,132.0,130.875,14.306175822583297,4,2,16,0.8660254037844387,-0.4999999999999998,0,0.0
SKU040,2025-04-27,100,117.0,116.0,122.0,120.0,117.0,123.25,131.5,8.220908303425698,4,2,17,0.8660254037844387,-0.4999999999999998,0,0.0
SKU040,2025-05-04,136,119.0,100.0,116.0,135.0,119.0,118.25,127.0,14.522970311429646,5,2,18,0.49999999999999994,-0.8660254037844387,0,0.0
SKU040,2025-05-11,129,125.0,136.0,100.0,122.0,125.0,118.5,128.25,14.910846164230035,5,2,19,0.49999999999999994,-0.8660254037844387,0,0.0
SKU040,2025-05-18,122,108.0,129.0,136.0,116.0,108.0,120.25,126.125,15.84034932274749,5,2,20,0.49999999999999994,-0.8660254037844387,0,0.0
SKU040,2025-05-25,123,119.0,122.0,129.0,100.0,119.0,121.75,122.5,15.585784121008057,5,2,21,0.49999999999999994,-0.8660254037844387,0,0.0
SKU040,2025-06-01,134,135.0,123.0,122.0,136.0,135.0,127.5,122.875,6.4549722436790455,6,2,22,1.2246467991473532e-16,-1.0,1,0.0
SKU040,2025-06-08,124,128.0,134.0,123.0,129.0,128.0,127.0,122.75,5.5976185412489095,6,2,23,1.2246467991473532e-16,-1.0,1,1.0
SKU040,2025-06-15,113,128.0,124.0,134.0,122.0,128.0,125.75,123.0,5.560275772537446,6,2,24,1.2246467991473532e-16,-1.0,1,1.0
SKU040,2025-06-22,125,124.0,113.0,124.0,123.0,124.0,123.5,122.625,8.582928793055835,6,2,25,1.2246467991473532e-16,-1.0,1,1.0
SKU040,2025-06-29,119,97.0,125.0,113.0,134.0,97.0,124.0,125.75,8.60232526704264,6,2,26,1.2246467991473532e-16,-1.0,1,1.0
SKU040,2025-07-06,117,103.0,119.0,125.0,124.0,103.0,120.25,123.625,5.500000000000022,7,3,27,-0.4999999999999997,-0.8660254037844388,0,1.0
SKU040,2025-07-13,106,116.0,117.0,119.0,113.0,116.0,118.5,122.125,5.000000000000025,7,3,28,-0.4999999999999997,-0.8660254037844388,0,0.0
SKU040,2025-07-20,99,102.0,106.0,117.0,125.0,102.0,116.75,120.125,7.932002689527211,7,3,29,-0.4999999999999997,-0.8660254037844388,0,0.0
SKU040,2025-07-27,97,109.0,99.0,106.0,119.0,109.0,110.25,117.125,9.429563439877104,7,3,30,-0.4999999999999997,-0.8660254037844388,0,0.0
SKU040,2025-08-03,108,109.0,97.0,99.0,117.0,109.0,104.75,112.5,9.03234926989283,8,3,31,-0.8660254037844385,-0.5000000000000004,0,0.0
SKU040,2025-08-10,90,103.0,108.0,97.0,106.0,103.0,102.5,110.5,5.3229064742237915,8,3,32,-0.8660254037844385,-0.5000000000000004,0,0.0
SKU040,2025-08-17,92,109.0,90.0,108.0,99.0,109.0,98.5,107.625,7.416198487095676,8,3,33,-0.8660254037844385,-0.5000000000000004,0,0.0
SKU040,2025-08-24,110,110.0,92.0,90.0,97.0,110.0,96.75,103.5,8.057087976847892,8,3,34,-0.8660254037844385,-0.5000000000000004,0,0.0
SKU040,2025-08-31,99,85.0,110.0,92.0,108.0,85.0,100.0,102.375,10.456258094238756,8,3,35,-0.8660254037844385,-0.5000000000000004,0,0.0
SKU040,2025-09-07,105,94.0,99.0,110.0,90.0,94.0,97.75,100.125,9.032349269892828,9,3,36,-1.0,-1.8369701987210297e-16,1,0.0
SKU040,2025-09-14,106,109.0,105.0,99.0,92.0,109.0,101.5,100.0,7.76745346515404,9,3,37,-1.0,-1.8369701987210297e-16,1,1.0
SKU040,2025-09-21,109,89.0,106.0,105.0,110.0,89.0,105.0,100.875,4.54606056566197,9,3,38,-1.0,-1.8369701987210297e-16,1,1.0
SKU040,2025-09-28,87,84.0,109.0,106.0,99.0,84.0,104.75,102.375,4.193248541803062,9,3,39,-1.0,-1.8369701987210297e-16,1,1.0
SKU040,2025-10-05,76,91.0,87.0,109.0,105.0,91.0,101.75,99.75,9.979144919948478,10,4,40,-0.8660254037844386,0.5000000000000001,0,1.0
SKU040,2025-10-12,82,93.0,76.0,87.0,106.0,93.0,94.5,98.0,15.716233645501719,10,4,41,-0.8660254037844386,0.5000000000000001,0,0.0
SKU040,2025-10-19,81,96.0,82.0,76.0,109.0,96.0,88.5,96.75,14.387494569938168,10,4,42,-0.8660254037844386,0.5000000000000001,0,0.0
SKU040,2025-10-26,91,92.0,81.0,82.0,87.0,92.0,81.5,93.125,4.509249752822926,10,4,43,-0.8660254037844386,0.5000000000000001,0,0.0
SKU040,2025-11-02,103,89.0,91.0,81.0,76.0,89.0,82.5,92.125,6.244997998398421,11,4,44,-0.5000000000000004,0.8660254037844384,1,0.0
SKU040,2025-11-09,89,114.0,103.0,91.0,82.0,114.0,89.25,91.875,10.21028892833108,11,4,45,-0.5000000000000004,0.8660254037844384,1,1.0
SKU040,2025-11-16,98,101.0,89.0,103.0,81.0,101.0,91.0,89.75,9.092121131323916,11,4,46,-0.5000000000000004,0.8660254037844384,1,1.0
SKU040,2025-11-23,86,92.0,98.0,89.0,91.0,92.0,95.25,88.375,6.448514040717721,11,4,47,-0.5000000000000004,0.8660254037844384,1,1.0
SKU040,2025-11-30,76,92.0,86.0,98.0,103.0,92.0,94.0,88.25,7.874007874011828,11,4,48,-0.5000000000000004,0.8660254037844384,1,1.0
SKU040,2025-12-07,103,97.0,76.0,86.0,89.0,97.0,87.25,88.25,9.069178573608543,12,4,49,-2.4492935982947064e-16,1.0,0,1.0
SKU040,2025-12-14,101,90.0,103.0,76.0,98.0,90.0,90.75,90.875,12.148388096094626,12,4,50,-2.4492935982947064e-16,1.0,0,0.0
SKU040,2025-12-21,93,99.0,101.0,103.0,86.0,99.0,91.5,93.375,12.819256348686284,12,4,51,-2.4492935982947064e-16,1.0,0,0.0
SKU040,2025-12-28,76,103.0,93.0,101.0,76.0,103.0,93.25,93.625,12.284814474246932,12,4,52,-2.4492935982947064e-16,1.0,0,0.0
SKU041,2024-01-07,73,,,,,,,,,1,1,1,0.49999999999999994,0.8660254037844387,0,
SKU041,2024-01-14,80,,73.0,,,,,,,1,1,2,0.49999999999999994,0.8660254037844387,0,0.0
SKU041,2024-01-21,66,,80.0,73.0,,,,,,1,1,3,0.49999999999999994,0.8660254037844387,0,0.0
SKU041,2024-01-28,82,,66.0,80.0,,,,,,1,1,4,0.49999999999999994,0.8660254037844387,0,0.0
SKU041,2024-02-04,83,,82.0,66.0,73.0,,75.25,,7.274384280931732,2,1,5,0.8660254037844386,0.5000000000000001,0,0.0
SKU041,2024-02-11,76,,83.0,82.0,80.0,,77.75,,7.932002689527196,2,1,6,0.8660254037844386,0.5000000000000001,0,0.0
SKU041,2024-02-18,77,,76.0,83.0,66.0,,76.75,,7.804912982645397,2,1,7,0.8660254037844386,0.5000000000000001,0,0.0
SKU041,2024-02-25,72,,77.0,76.0,82.0,,79.5,,3.511884584284248,2,1,8,0.8660254037844386,0.5000000000000001,0,0.0
SKU041,2024-03-03,94,,72.0,77.0,83.0,,77.0,76.125,4.546060565661954,3,1,9,1.0,6.123233995736766e-17,1,0.0
SKU041,2024-03-10,91,,94.0,72.0,76.0,,79.75,78.75,9.74251849711699,3,1,10,1.0,6.123233995736766e-17,1,1.0
SKU041,2024-03-17,101,,91.0,94.0,77.0,,83.5,80.125,10.661457061146319,3,1,11,1.0,6.123233995736766e-17,1,1.0
SKU041,2024-03-24,110,,101.0,91.0,72.0,,89.5,84.5,12.396235987858034,3,1,12,1.0,6.123233995736766e-17,1,1.0
SKU041,2024-03-31,115,,110.0,101.0,94.0,,99.0,88.0,8.445906306213287,3,1,13,1.0,6.123233995736766e-17,1,1.0
SKU041,2024-04-07,95,,115.0,110.0,91.0,,104.25,92.0,10.56330125166055,4,2,14,0.8660254037844387,-0.4999999999999998,0,1.0
SKU041,2024-04-14,78,,95.0,115.0,101.0,,105.25,94.375,8.958236433584458,4,2,15,0.8660254037844387,-0.4999999999999998,0,0.0
SKU041,2024-04-21,99,,78.0,95.0,110.0,,99.5,94.5,16.663332999933317,4,2,16,0.8660254037844387,-0.4999999999999998,0,0.0
SKU041,2024-04-28,73,,99.0,78.0,115.0,,96.75,97.875,15.195942440884235,4,2,17,0.8660254037844387,-0.4999999999999998,0,0.0
SKU041,2024-05-05,98,,73.0,99.0,95.0,,86.25,95.25,12.685293322058689,5,2,18,0.49999999999999994,-0.8660254037844387,0,0.0
SKU041,2024-05-12,101,,98.0,73.0,78.0,,87.0,96.125,13.441230102437304,5,2,19,0.49999999999999994,-0.8660254037844387,0,0.0
SKU041,2024-05-19,78,,101.0,98.0,99.0,,92.75,96.125,13.225606476327153,5,2,20,0.49999999999999994,-0.8660254037844387,0,0.0
SKU041,2024-05-26,79,,78.0,101.0,73.0,,87.5,92.125,14.059397805975431,5,2,21,0.49999999999999994,-0.8660254037844387,0,0.0
SKU041,2024-06-02,100,,79.0,78.0,98.0,,89.0,87.625,12.192894105447925,6,2,22,1.2246467991473532e-16,-1.0,1,0.0
SKU041,2024-06-09,89,,100.0,79.0,101.0,,89.5,88.25,12.714820748507103,6,2,23,1.2246467991473532e-16,-1.0,1,1.0
SKU041,2024-06-16,90,,89.0,100.0,78.0,,86.5,89.625,10.27942929673952,6,2,24,1.2246467991473532e-16,-1.0,1,1.0
SKU041,2024-06-23,89,,90.0,89.0,79.0,,89.5,88.5,8.582928793055828,6,2,25,1.2246467991473532e-16,-1.0,1,1.0
SKU041,2024-06-30,88,,89.0,90.0,100.0,,92.0,90.5,5.354126134736347,6,2,26,1.2246467991473532e-16,-1.0,1,1.0
SKU041,2024-07-07,62,,88.0,89.0,89.0,,89.0,89.25,0.8164965809277869,7,3,27,-0.4999999999999997,-0.8660254037844388,0,1.0
SKU041,2024-07-14,63,,62.0,88.0,90.0,,82.25,84.375,13.524668819112236,7,3,28,-0.4999999999999997,-0.8660254037844388,0,0.0
SKU041,2024-07-21,70,,63.0,62.0,89.0,,75.5,82.5,15.022205785658338,7,3,29,-0.4999999999999997,-0.8660254037844388,0,0.0
SKU041,2024-07-28,66,,70.0,63.0,88.0,,70.75,81.375,12.038133853162908,7,3,30,-0.4999999999999997,-0.8660254037844388,0,0.0
SKU041,2024-08-04,71,,66.0,70.0,62.0,,65.25,77.125,3.5939764421413254,8,3,31,-0.8660254037844385,-0.5000000000000004,0,0.0
SKU041,2024-08-11,71,,71.0,66.0,63.0,,67.5,74.875,3.6968455021364943,8,3,32,-0.8660254037844385,-0.5000000000000004,0,0.0
SKU041,2024-08-18,71,,71.0,71.0,70.0,,69.5,72.5,2.3804761428476504,8,3,33,-0.8660254037844385,-0.5000000000000004,0,0.0
SKU041,2024-08-25,67,,71.0,71.0,66.0,,69.75,70.25,2.5000000000000324,8,3,34,-0.8660254037844385,-0.5000000000000004,0,0.0
SKU041,2024-09-01,77,,67.0,71.0,71.0,,70.0,67.625,2.0,9,3,35,-1.0,-1.8369701987210297e-16,1,0.0
SKU041,2024-09-08,63,,77.0,67.0,71.0,,71.5,69.5,4.12310562561766,9,3,36,-1.0,-1.8369701987210297e-16,1,1.0
SKU041,2024-09-15,66,,63.0,77.0,71.0,,69.5,69.5,5.972157622389639,9,3,37,-1.0,-1.8369701987210297e-16,1,1.0
SKU041,2024-09-22,74,,66.0,63.0,67.0,,68.25,69.0,6.075908711186061,9,3,38,-1.0,-1.8369701987210297e-16,1,1.0
SKU041,2024-09-29,62,,74.0,66.0,77.0,,70.0,70.0,6.5828058860438325,9,3,39,-1.0,-1.8369701987210297e-16,1,1.0
SKU041,2024-10-06,62,,62.0,74.0,63.0,,66.25,68.875,5.439056290693574,10,4,40,-0.8660254037844386,0.5000000000000001,0,1.0
SKU041,2024-10-13,82,,62.0,62.0,66.0,,66.0,67.75,5.656854249492381,10,4,41,-0.8660254037844386,0.5000000000000001,0,0.0
SKU041,2024-10-20,63,,82.0,62.0,74.0,,70.0,69.125,9.797958971132712,10,4,42,-0.8660254037844386,0.5000000000000001,0,0.0
SKU041,2024-10-27,63,,63.0,82.0,62.0,,67.25,68.625,9.84462628374824,10,4,43,-0.8660254037844386,0.5000000000000001,0,0.0
SKU041,2024-11-03,66,,63.0,63.0,62.0,,67.5,66.875,9.678154093971985,11,4,44,-0.5000000000000004,0.8660254037844384,1,0.0
SKU041,2024-11-10,75,,66.0,63.0,82.0,,68.5,67.25,9.1104335791443,11,4,45,-0.5000000000000004,0.8660254037844384,1,1.0
SKU041,2024-11-17,65,,75.0,66.0,63.0,,66.75,68.375,5.678908345800275,11,4,46,-0.5000000000000004,0.8660254037844384,1,1.0
SKU041,2024-11-24,62,,65.0,75.0,63.0,,67.25,67.25,5.315072906367327,11,4,47,-0.5000000000000004,0.8660254037844384,1,1.0
SKU041,2024-12-01,66,,62.0,65.0,66.0,,67.0,67.25,5.59761854124889,12,4,48,-2.4492935982947064e-16,1.0,1,1.0
SKU041,2024-12-08,75,,66.0,62.0,75.0,,67.0,67.75,5.59761854124889,12,4,49,-2.4492935982947064e-16,1.0,0,1.0
SKU041,2024-12-15,54,,75.0,66.0,65.0,,67.0,66.875,5.59761854124889,12,4,50,-2.4492935982947064e-16,1.0,0,0.0
SKU041,2024-12-22,79,,54.0,75.0,62.0,,64.25,65.75,8.732124598286491,12,4,51,-2.4492935982947064e-16,1.0,0,0.0
SKU041,2024-12-29,80,,79.0,54.0,66.0,,68.5,67.75,11.09053650640942,12,4,52,-2.4492935982947064e-16,1.0,0,0.0
SKU041,2025-01-05,74,73.0,80.0,79.0,75.0,73.0,72.0,69.5,12.192894105447923,1,1,1,0.49999999999999994,0.8660254037844387,0,0.0
SKU041,2025-01-12,98,80.0,74.0,80.0,54.0,80.0,71.75,69.375,12.12091855705114,1,1,2,0.49999999999999994,0.8660254037844387,0,0.0
SKU041,2025-01-19,74,66.0,98.0,74.0,79.0,66.0,82.75,73.5,10.5,1,1,3,0.49999999999999994,0.8660254037844387,0,0.0
SKU041,2025-01-26,72,82.0,74.0,98.0,80.0,82.0,81.5,75.0,11.357816691600547,1,1,4,0.49999999999999994,0.8660254037844387,0,0.0
SKU041,2025-02-02,80,83.0,72.0,74.0,74.0,83.0,79.5,75.75,12.36931687685298,2,1,5,0.8660254037844386,0.5000000000000001,0,0.0
SKU041,2025-02-09,77,76.0,80.0,72.0,98.0,76.0,81.0,76.375,11.832159566199232,2,1,6,0.8660254037844386,0.5000000000000001,0,0.0
SKU041,2025-02-16,76,77.0,77.0,80.0,74.0,77.0,75.75,79.25,3.499999999999996,2,1,7,0.8660254037844386,0.5000000000000001,0,0.0
SKU041,2025-02-23,96,72.0,76.0,77.0,72.0,72.0,76.25,78.875,3.3040379335998304,2,1,8,0.8660254037844386,0.5000000000000001,0,0.0
SKU041,2025-03-02,99,94.0,96.0,76.0,80.0,94.0,82.25,80.875,9.322910847297996,3,1,9,1.0,6.123233995736766e-17,1,0.0
SKU041,2025-03-09,101,91.0,99.0,96.0,77.0,91.0,87.0,84.0,12.192894105447918,3,1,10,1.0,6.123233995736766e-17,1,1.0
SKU041,2025-03-16,101,101.0,101.0,99.0,76.0,101.0,93.0,84.375,11.518101695447328,3,1,11,1.0,6.123233995736766e-17,1,1.0
SKU041,2025-03-23,90,110.0,101.0,101.0,96.0,110.0,99.25,87.75,2.362907813126289,3,1,12,1.0,6.123233995736766e-17,1,1.0
SKU041,2025-03-30,105,115.0,90.0,101.0,99.0,115.0,97.75,90.0,5.251983752196236,3,1,13,1.0,6.123233995736766e-17,1,1.0
SKU041,2025-04-06,93,95.0,105.0,90.0,101.0,95.0,99.25,93.125,6.448514040717696,4,2,14,0.8660254037844387,-0.4999999999999998,0,1.0
SKU041,2025-04-13,96,78.0,93.0,105.0,101.0,78.0,97.25,95.125,6.9462219947248975,4,2,15,0.8660254037844387,-0.4999999999999998,0,0.0
SKU041,2025-04-20,91,99.0,96.0,93.0,90.0,99.0,96.0,97.625,6.480740698407855,4,2,16,0.8660254037844387,-0.4999999999999998,0,0.0
SKU041,2025-04-27,97,73.0,91.0,96.0,105.0,73.0,96.25,97.0,6.184658438426486,4,2,17,0.8660254037844387,-0.4999999999999998,0,0.0
SKU041,2025-05-04,99,98.0,97.0,91.0,93.0,98.0,94.25,96.75,2.7537852736430373,5,2,18,0.49999999999999994,-0.8660254037844387,0,0.0
SKU041,2025-05-11,67,101.0,99.0,97.0,96.0,101.0,95.75,96.5,3.4034296427770108,5,2,19,0.49999999999999994,-0.8660254037844387,0,0.0
SKU041,2025-05-18,89,78.0,67.0,99.0,91.0,78.0,88.5,92.25,14.730919862656235,5,2,20,0.49999999999999994,-0.8660254037844387,0,0.0
SKU041,2025-05-25,79,79.0,89.0,67.0,97.0,79.0,88.0,92.125,14.651507317223938,5,2,21,0.49999999999999994,-0.8660254037844387,0,0.0
SKU041,2025-06-01,81,100.0,79.0,89.0,99.0,100.0,83.5,88.875,13.69914839202301,6,2,22,1.2246467991473532e-16,-1.0,1,0.0
SKU041,2025-06-08,93,89.0,81.0,79.0,67.0,89.0,79.0,87.375,9.0921211313239,6,2,23,1.2246467991473532e-16,-1.0,1,1.0
SKU041,2025-06-15,98,90.0,93.0,81.0,89.0,90.0,85.5,87.0,6.608075867199664,6,2,24,1.2246467991473532e-16,-1.0,1,1.0
SKU041,2025-06-22,78,89.0,98.0,93.0,79.0,89.0,87.75,87.875,9.215023964519387,6,2,25,1.2246467991473532e-16,-1.0,1,1.0
SKU041,2025-06-29,72,88.0,78.0,98.0,81.0,88.0,87.5,85.5,9.539392014169454,6,2,26,1.2246467991473532e-16,-1.0,1,1.0
SKU041,2025-07-06,79,62.0,72.0,78.0,93.0,62.0,85.25,82.125,12.257650672131263,7,3,27,-0.4999999999999997,-0.8660254037844388,0,1.0
SKU041,2025-07-13,73,63.0,79.0,72.0,98.0,63.0,81.75,83.625,11.26572974408079,7,3,28,-0.4999999999999997,-0.8660254037844388,0,0.0
SKU041,2025-07-20,93,70.0,73.0,79.0,78.0,70.0,75.5,81.625,3.5118845842842386,7,3,29,-0.4999999999999997,-0.8660254037844388,0,0.0
SKU041,2025-07-27,69,66.0,93.0,73.0,72.0,66.0,79.25,83.375,9.67384790728763,7,3,30,-0.4999999999999997,-0.8660254037844388,0,0.0
SKU041,2025-08-03,63,71.0,69.0,93.0,79.0,71.0,78.5,81.875,10.503967504392483,8,3,31,-0.8660254037844385,-0.5000000000000004,0,0.0
SKU041,2025-08-10,72,71.0,63.0,69.0,73.0,71.0,74.5,78.125,12.999999999999996,8,3,32,-0.8660254037844385,-0.5000000000000004,0,0.0
SKU041,2025-08-17,81,71.0,72.0,63.0,93.0,71.0,74.25,74.875,13.047988350699885,8,3,33,-0.8660254037844385,-0.5000000000000004,0,0.0
SKU041,2025-08-24,66,67.0,81.0,72.0,69.0,67.0,71.25,75.25,7.499999999999995,8,3,34,-0.8660254037844385,-0.5000000000000004,0,0.0
SKU041,2025-08-31,80,77.0,66.0,81.0,63.0,77.0,70.5,74.5,7.937253933193767,8,3,35,-0.8660254037844385,-0.5000000000000004,0,0.0
SKU041,2025-09-07,72,63.0,80.0,66.0,72.0,63.0,74.75,74.625,7.088723439378907,9,3,36,-1.0,-1.8369701987210297e-16,1,0.0
SKU041,2025-09-14,58,66.0,72.0,80.0,81.0,66.0,74.75,74.5,7.088723439378907,9,3,37,-1.0,-1.8369701987210297e-16,1,1.0
SKU041,2025-09-21,66,74.0,58.0,72.0,66.0,74.0,69.0,70.125,9.309493362512624,9,3,38,-1.0,-1.8369701987210297e-16,1,1.0
SKU041,2025-09-28,62,62.0,66.0,58.0,80.0,62.0,69.0,69.75,9.309493362512624,9,3,39,-1.0,-1.8369701987210297e-16,1,1.0
SKU041,2025-10-05,67,62.0,62.0,66.0,72.0,62.0,64.5,69.625,5.972157622389633,10,4,40,-0.8660254037844386,0.5000000000000001,0,1.0
SKU041,2025-10-12,54,82.0,67.0,62.0,58.0,82.0,63.25,69.0,4.112987559751013,10,4,41,-0.8660254037844386,0.5000000000000001,0,0.0
SKU041,2025-10-19,62,63.0,54.0,67.0,66.0,63.0,62.25,65.625,5.909032633745273,10,4,42,-0.8660254037844386,0.5000000000000001,0,0.0
SKU041,2025-10-26,52,63.0,62.0,54.0,62.0,63.0,61.25,65.125,5.377421934967219,10,4,43,-0.8660254037844386,0.5000000000000001,0,0.0
SKU041,2025-11-02,67,66.0,52.0,62.0,67.0,66.0,58.75,61.625,6.99404508611909,11,4,44,-0.5000000000000004,0.8660254037844384,1,0.0
SKU041,2025-11-09,79,75.0,67.0,52.0,54.0,75.0,58.75,61.0,6.99404508611909,11,4,45,-0.5000000000000004,0.8660254037844384,1,1.0
SKU041,2025-11-16,65,65.0,79.0,67.0,62.0,65.0,65.0,63.625,11.22497216032182,11,4,46,-0.5000000000000004,0.8660254037844384,1,1.0
SKU041,2025-11-23,52,62.0,65.0,79.0,52.0,62.0,65.75,63.5,11.056672193747987,11,4,47,-0.5000000000000004,0.8660254037844384,1,1.0
SKU041,2025-11-30,83,66.0,52.0,65.0,67.0,66.0,65.75,62.25,11.056672193747987,11,4,48,-0.5000000000000004,0.8660254037844384,1,1.0
SKU041,2025-12-07,78,75.0,83.0,52.0,79.0,75.0,69.75,64.25,14.127396551853893,12,4,49,-2.4492935982947064e-16,1.0,0,1.0
SKU041,2025-12-14,66,54.0,78.0,83.0,65.0,54.0,69.5,67.25,13.916417163432067,12,4,50,-2.4492935982947064e-16,1.0,0,0.0
SKU041,2025-12-21,71,79.0,66.0,78.0,52.0,79.0,69.75,67.75,13.81725973797506,12,4,51,-2.4492935982947064e-16,1.0,0,0.0
SKU041,2025-12-28,70,80.0,71.0,66.0,83.0,80.0,74.5,70.125,7.5055534994651305,12,4,52,-2.4492935982947064e-16,1.0,0,0.0
SKU042,2024-01-07,166,,,,,,,,,1,1,1,0.49999999999999994,0.8660254037844387,0,
SKU042,2024-01-14,157,,166.0,,,,,,,1,1,2,0.49999999999999994,0.8660254037844387,0,0.0
SKU042,2024-01-21,136,,157.0,166.0,,,,,,1,1,3,0.49999999999999994,0.8660254037844387,0,0.0
SKU042,2024-01-28,155,,136.0,157.0,,,,,,1,1,4,0.49999999999999994,0.8660254037844387,0,0.0
SKU042,2024-02-04,157,,155.0,136.0,166.0,,153.5,,12.609520212918492,2,1,5,0.8660254037844386,0.5000000000000001,0,0.0
SKU042,2024-02-11,165,,157.0,155.0,157.0,,151.25,,10.21028892833107,2,1,6,0.8660254037844386,0.5000000000000001,0,0.0
SKU042,2024-02-18,148,,165.0,157.0,136.0,,153.25,,12.284814474246922,2,1,7,0.8660254037844386,0.5000000000000001,0,0.0
SKU042,2024-02-25,162,,148.0,165.0,155.0,,156.25,,6.994045086119096,2,1,8,0.8660254037844386,0.5000000000000001,0,0.0
SKU042,2024-03-03,208,,162.0,148.0,157.0,,158.0,155.75,7.438637868140467,3,1,9,1.0,6.123233995736766e-17,1,0.0
SKU042,2024-03-10,182,,208.0,162.0,165.0,,170.75,161.0,25.91492491467674,3,1,10,1.0,6.123233995736766e-17,1,1.0
SKU042,2024-03-17,181,,182.0,208.0,148.0,,175.0,164.125,26.05123157677323,3,1,11,1.0,6.123233995736766e-17,1,1.0
SKU042,2024-03-24,189,,181.0,182.0,162.0,,183.25,169.75,18.89223826513594,3,1,12,1.0,6.123233995736766e-17,1,1.0
SKU042,2024-03-31,196,,189.0,181.0,208.0,,190.0,174.0,12.516655570345723,3,1,13,1.0,6.123233995736766e-17,1,1.0
SKU042,2024-04-07,193,,196.0,189.0,182.0,,187.0,178.875,6.976149845485447,4,2,14,0.8660254037844387,-0.4999999999999998,0,1.0
SKU042,2024-04-14,194,,193.0,196.0,181.0,,189.75,182.375,6.499999999999999,4,2,15,0.8660254037844387,-0.4999999999999998,0,0.0
SKU042,2024-04-21,163,,194.0,193.0,189.0,,193.0,188.125,2.9439202887759524,4,2,16,0.8660254037844387,-0.4999999999999998,0,0.0
SKU042,2024-04-28,199,,163.0,194.0,196.0,,186.5,188.25,15.716233645501713,4,2,17,0.8660254037844387,-0.4999999999999998,0,0.0
SKU042,2024-05-05,201,,199.0,163.0,193.0,,187.25,187.125,16.378339354159202,5,2,18,0.49999999999999994,-0.8660254037844387,0,0.0
SKU042,2024-05-12,166,,201.0,199.0,194.0,,189.25,189.5,17.745891543302825,5,2,19,0.49999999999999994,-0.8660254037844387,0,0.0
SKU042,2024-05-19,191,,166.0,201.0,163.0,,182.25,187.625,20.54872258803452,5,2,20,0.49999999999999994,-0.8660254037844387,0,0.0
SKU042,2024-05-26,172,,191.0,166.0,199.0,,189.25,187.875,16.090887690449733,5,2,21,0.49999999999999994,-0.8660254037844387,0,0.0
SKU042,2024-06-02,212,,172.0,191.0,201.0,,182.5,184.875,16.29928423786354,6,2,22,1.2246467991473532e-16,-1.0,1,0.0
SKU042,2024-06-09,158,,212.0,172.0,166.0,,185.25,187.25,20.774583830568865,6,2,23,1.2246467991473532e-16,-1.0,1,1.0
SKU042,2024-06-16,195,,158.0,212.0,191.0,,183.25,182.75,23.4574082114798,6,2,24,1.2246467991473532e-16,-1.0,1,1.0
SKU042,2024-06-23,184,,195.0,158.0,172.0,,184.25,186.75,23.97741993348464,6,2,25,1.2246467991473532e-16,-1.0,1,1.0
SKU042,2024-06-30,159,,184.0,195.0,212.0,,187.25,184.875,22.647663602823727,6,2,26,1.2246467991473532e-16,-1.0,1,1.0
SKU042,2024-07-07,142,,159.0,184.0,158.0,,174.0,179.625,18.45715759987617,7,3,27,-0.4999999999999997,-0.8660254037844388,0,1.0
SKU042,2024-07-14,145,,142.0,159.0,195.0,,170.0,176.625,23.986107090008026,7,3,28,-0.4999999999999997,-0.8660254037844388,0,0.0
SKU042,2024-07-21,147,,145.0,142.0,184.0,,157.5,170.875,19.15724406066801,7,3,29,-0.4999999999999997,-0.8660254037844388,0,0.0
SKU042,2024-07-28,158,,147.0,145.0,159.0,,148.25,167.75,7.455423082114992,7,3,30,-0.4999999999999997,-0.8660254037844388,0,0.0
SKU042,2024-08-04,143,,158.0,147.0,142.0,,148.0,161.0,6.976149845485427,8,3,31,-0.8660254037844385,-0.5000000000000004,0,0.0
SKU042,2024-08-11,139,,143.0,158.0,145.0,,148.25,159.125,6.701989754294343,8,3,32,-0.8660254037844385,-0.5000000000000004,0,0.0
SKU042,2024-08-18,141,,139.0,143.0,147.0,,146.75,152.125,8.180260794538665,8,3,33,-0.8660254037844385,-0.5000000000000004,0,0.0
SKU042,2024-08-25,126,,141.0,139.0,158.0,,145.25,146.75,8.65544144839917,8,3,34,-0.8660254037844385,-0.5000000000000004,0,0.0
SKU042,2024-09-01,147,,126.0,141.0,143.0,,137.25,142.625,7.675719293112948,9,3,35,-1.0,-1.8369701987210297e-16,1,0.0
SKU042,2024-09-08,147,,147.0,126.0,139.0,,138.25,143.25,8.845903006477046,9,3,36,-1.0,-1.8369701987210297e-16,1,1.0
SKU042,2024-09-15,126,,147.0,147.0,141.0,,140.25,143.5,9.912113800799487,9,3,37,-1.0,-1.8369701987210297e-16,1,1.0
SKU042,2024-09-22,147,,126.0,147.0,126.0,,136.5,140.875,12.124355652982127,9,3,38,-1.0,-1.8369701987210297e-16,1,1.0
SKU042,2024-09-29,133,,147.0,126.0,147.0,,141.75,139.5,10.499999999999984,9,3,39,-1.0,-1.8369701987210297e-16,1,1.0
SKU042,2024-10-06,120,,133.0,147.0,147.0,,138.25,138.25,10.499999999999984,10,4,40,-0.8660254037844386,0.5000000000000001,0,1.0
SKU042,2024-10-13,125,,120.0,133.0,126.0,,131.5,135.875,11.618950038622238,10,4,41,-0.8660254037844386,0.5000000000000001,0,0.0
SKU042,2024-10-20,131,,125.0,120.0,147.0,,131.25,133.875,11.786291472158084,10,4,42,-0.8660254037844386,0.5000000000000001,0,0.0
SKU042,2024-10-27,114,,131.0,125.0,133.0,,127.25,134.5,5.909032633745254,10,4,43,-0.8660254037844386,0.5000000000000001,0,0.0
SKU042,2024-11-03,136,,114.0,131.0,120.0,,122.5,130.375,7.234178138070214,11,4,44,-0.5000000000000004,0.8660254037844384,1,0.0
SKU042,2024-11-10,121,,136.0,114.0,125.0,,126.5,129.0,9.469248474227847,11,4,45,-0.5000000000000004,0.8660254037844384,1,1.0
SKU042,2024-11-17,148,,121.0,136.0,131.0,,125.5,128.375,9.882644720249049,11,4,46,-0.5000000000000004,0.8660254037844384,1,1.0
SKU042,2024-11-24,138,,148.0,121.0,114.0,,129.75,128.5,15.23975065412816,11,4,47,-0.5000000000000004,0.8660254037844384,1,1.0
SKU042,2024-12-01,133,,138.0,148.0,136.0,,135.75,129.125,11.146748404803963,12,4,48,-2.4492935982947064e-16,1.0,1,1.0
SKU042,2024-12-08,159,,133.0,138.0,121.0,,135.0,130.75,11.22497216032181,12,4,49,-2.4492935982947064e-16,1.0,0,1.0
SKU042,2024-12-15,132,,159.0,133.0,148.0,,144.5,135.0,11.503622617824922,12,4,50,-2.4492935982947064e-16,1.0,0,0.0
SKU042,2024-12-22,122,,132.0,159.0,138.0,,140.5,135.125,12.609520212918484,12,4,51,-2.4492935982947064e-16,1.0,0,0.0
SKU042,2024-12-29,158,,122.0,132.0,133.0,,136.5,136.125,15.800843859321771,12,4,52,-2.4492935982947064e-16,1.0,0,0.0
SKU042,2025-01-05,157,166.0,158.0,122.0,159.0,166.0,142.75,138.875,18.643586922406676,1,1,1,0.49999999999999994,0.8660254037844387,0,0.0
SKU042,2025-01-12,137,157.0,157.0,158.0,132.0,157.0,142.25,143.375,18.080837001274762,1,1,2,0.49999999999999994,0.8660254037844387,0,0.0
SKU042,2025-01-19,155,136.0,137.0,157.0,122.0,136.0,143.5,142.0,17.291616465790582,1,1,3,0.49999999999999994,0.8660254037844387,0,0.0
SKU042,2025-01-26,149,155.0,155.0,137.0,158.0,155.0,151.75,144.125,9.912113800799505,1,1,4,0.49999999999999994,0.8660254037844387,0,0.0
SKU042,2025-02-02,162,157.0,149.0,155.0,157.0,157.0,149.5,146.125,9.0,2,1,5,0.8660254037844386,0.5000000000000001,0,0.0
SKU042,2025-02-09,151,165.0,162.0,149.0,137.0,165.0,150.75,146.5,10.594810050208544,2,1,6,0.8660254037844386,0.5000000000000001,0,0.0
SKU042,2025-02-16,179,148.0,151.0,162.0,155.0,148.0,154.25,148.875,5.737304826019498,2,1,7,0.8660254037844386,0.5000000000000001,0,0.0
SKU042,2025-02-23,165,162.0,179.0,151.0,149.0,162.0,160.25,156.0,13.744695946679455,2,1,8,0.8660254037844386,0.5000000000000001,0,0.0
SKU042,2025-03-02,175,208.0,165.0,179.0,162.0,208.0,164.25,156.875,11.528949070347506,3,1,9,1.0,6.123233995736766e-17,1,0.0
SKU042,2025-03-09,193,182.0,175.0,165.0,151.0,182.0,167.5,159.125,12.476644848141932,3,1,10,1.0,6.123233995736766e-17,1,1.0
SKU042,2025-03-16,194,181.0,193.0,175.0,179.0,181.0,178.0,166.125,11.604596790352804,3,1,11,1.0,6.123233995736766e-17,1,1.0
SKU042,2025-03-23,182,189.0,194.0,193.0,165.0,189.0,181.75,171.0,14.174507634012077,3,1,12,1.0,6.123233995736766e-17,1,1.0
SKU042,2025-03-30,183,196.0,182.0,194.0,175.0,196.0,186.0,175.125,9.128709291752767,3,1,13,1.0,6.123233995736766e-17,1,1.0
SKU042,2025-04-06,201,193.0,183.0,182.0,193.0,193.0,188.0,177.75,6.3770421565696624,4,2,14,0.8660254037844387,-0.4999999999999998,0,1.0
SKU042,2025-04-13,168,194.0,201.0,183.0,194.0,194.0,190.0,184.0,9.128709291752767,4,2,15,0.8660254037844387,-0.4999999999999998,0,0.0
SKU042,2025-04-20,174,163.0,168.0,201.0,182.0,163.0,183.5,182.625,13.52774925846868,4,2,16,0.8660254037844387,-0.4999999999999998,0,0.0
SKU042,2025-04-27,180,199.0,174.0,168.0,183.0,199.0,181.5,183.75,14.387494569938156,4,2,17,0.8660254037844387,-0.4999999999999998,0,0.0
SKU042,2025-05-04,194,201.0,180.0,174.0,201.0,201.0,180.75,184.375,14.361406616345068,5,2,18,0.49999999999999994,-0.8660254037844387,0,0.0
SKU042,2025-05-11,192,166.0,194.0,180.0,168.0,166.0,179.0,184.5,11.135528725660041,5,2,19,0.49999999999999994,-0.8660254037844387,0,0.0
SKU042,2025-05-18,202,191.0,192.0,194.0,174.0,191.0,185.0,184.25,9.591663046625438,5,2,20,0.49999999999999994,-0.8660254037844387,0,0.0
SKU042,2025-05-25,180,172.0,202.0,192.0,180.0,172.0,192.0,186.75,9.092121131323907,5,2,21,0.49999999999999994,-0.8660254037844387,0,0.0
SKU042,2025-06-01,172,212.0,180.0,202.0,194.0,212.0,192.0,186.375,9.092121131323907,6,2,22,1.2246467991473532e-16,-1.0,1,0.0
SKU042,2025-06-08,199,158.0,172.0,180.0,192.0,158.0,186.5,182.75,13.203534880225577,6,2,23,1.2246467991473532e-16,-1.0,1,1.0
SKU042,2025-06-15,181,195.0,199.0,172.0,202.0,195.0,188.25,186.625,14.56880228433347,6,2,24,1.2246467991473532e-16,-1.0,1,1.0
SKU042,2025-06-22,179,184.0,181.0,199.0,180.0,184.0,183.0,187.5,11.401754250991383,6,2,25,1.2246467991473532e-16,-1.0,1,1.0
SKU042,2025-06-29,197,159.0,179.0,181.0,172.0,159.0,182.75,187.375,11.500000000000004,6,2,26,1.2246467991473532e-16,-1.0,1,1.0
SKU042,2025-07-06,163,142.0,197.0,179.0,199.0,142.0,189.0,187.75,10.45625809423875,7,3,27,-0.4999999999999997,-0.8660254037844388,0,1.0
SKU042,2025-07-13,158,145.0,163.0,197.0,181.0,145.0,180.0,184.125,13.904435743076137,7,3,28,-0.4999999999999997,-0.8660254037844388,0,0.0
SKU042,2025-07-20,161,147.0,158.0,163.0,179.0,147.0,174.25,178.625,17.613914953808532,7,3,29,-0.4999999999999997,-0.8660254037844388,0,0.0
SKU042,2025-07-27,157,158.0,161.0,158.0,197.0,158.0,169.75,176.25,18.282505298782215,7,3,30,-0.4999999999999997,-0.8660254037844388,0,0.0
SKU042,2025-08-03,167,143.0,157.0,161.0,163.0,143.0,159.75,174.375,2.753785273642999,8,3,31,-0.8660254037844385,-0.5000000000000004,0,0.0
SKU042,2025-08-10,141,139.0,167.0,157.0,158.0,139.0,160.75,170.375,4.499999999999969,8,3,32,-0.8660254037844385,-0.5000000000000004,0,0.0
SKU042,2025-08-17,142,141.0,141.0,167.0,161.0,141.0,156.5,165.375,11.120551545074838,8,3,33,-0.8660254037844385,-0.5000000000000004,0,0.0
SKU042,2025-08-24,154,126.0,142.0,141.0,157.0,126.0,151.75,160.75,12.526638282742356,8,3,34,-0.8660254037844385,-0.5000000000000004,0,0.0
SKU042,2025-08-31,162,147.0,154.0,142.0,167.0,147.0,151.0,155.375,12.192894105447909,8,3,35,-0.8660254037844385,-0.5000000000000004,0,0.0
SKU042,2025-09-07,146,147.0,162.0,154.0,141.0,147.0,149.75,155.25,10.078855755160555,9,3,36,-1.0,-1.8369701987210297e-16,1,0.0
SKU042,2025-09-14,149,126.0,146.0,162.0,142.0,126.0,151.0,153.75,8.869423130433363,9,3,37,-1.0,-1.8369701987210297e-16,1,1.0
SKU042,2025-09-21,169,147.0,149.0,146.0,154.0,147.0,152.75,152.25,6.994045086119074,9,3,38,-1.0,-1.8369701987210297e-16,1,1.0
SKU042,2025-09-28,123,133.0,169.0,149.0,162.0,133.0,156.5,153.75,10.84742673018197,9,3,39,-1.0,-1.8369701987210297e-16,1,1.0
SKU042,2025-10-05,132,120.0,123.0,169.0,146.0,120.0,146.75,148.25,18.839232114570546,10,4,40,-0.8660254037844386,0.5000000000000001,0,1.0
SKU042,2025-10-12,137,125.0,132.0,123.0,149.0,125.0,143.25,147.125,20.271079563424003,10,4,41,-0.8660254037844386,0.5000000000000001,0,0.0
SKU042,2025-10-19,138,131.0,137.0,132.0,169.0,131.0,140.25,146.5,20.0229035523489,10,4,42,-0.8660254037844386,0.5000000000000001,0,0.0
SKU042,2025-10-26,117,114.0,138.0,137.0,123.0,114.0,132.5,144.5,6.855654600401003,10,4,43,-0.8660254037844386,0.5000000000000001,0,0.0
SKU042,2025-11-02,134,136.0,117.0,138.0,132.0,136.0,131.0,138.875,9.695359714832628,11,4,44,-0.5000000000000004,0.8660254037844384,1,0.0
SKU042,2025-11-09,141,121.0,134.0,117.0,137.0,121.0,131.5,137.375,9.81495457622361,11,4,45,-0.5000000000000004,0.8660254037844384,1,1.0
SKU042,2025-11-16,132,148.0,141.0,134.0,138.0,148.0,132.5,136.375,10.723805294763583,11,4,46,-0.5000000000000004,0.8660254037844384,1,1.0
SKU042,2025-11-23,124,138.0,132.0,141.0,117.0,138.0,131.0,131.75,10.099504938362049,11,4,47,-0.5000000000000004,0.8660254037844384,1,1.0
SKU042,2025-11-30,142,133.0,124.0,132.0,134.0,133.0,132.75,131.875,6.994045086119057,11,4,48,-0.5000000000000004,0.8660254037844384,1,1.0
SKU042,2025-12-07,156,159.0,142.0,124.0,141.0,159.0,134.75,133.125,8.460693430998003,12,4,49,-2.4492935982947064e-16,1.0,0,1.0
SKU042,2025-12-14,125,132.0,156.0,142.0,132.0,132.0,138.5,135.5,13.796134724383233,12,4,50,-2.4492935982947064e-16,1.0,0,0.0
SKU042,2025-12-21,173,122.0,125.0,156.0,124.0,122.0,136.75,133.875,15.261607604268502,12,4,51,-2.4492935982947064e-16,1.0,0,0.0
SKU042,2025-12-28,148,158.0,173.0,125.0,142.0,158.0,149.0,140.875,20.41241452319314,12,4,52,-2.4492935982947064e-16,1.0,0,0.0
SKU043,2024-01-07,157,,,,,,,,,1,1,1,0.49999999999999994,0.8660254037844387,0,
SKU043,2024-01-14,141,,157.0,,,,,,,1,1,2,0.49999999999999994,0.8660254037844387,0,0.0
SKU043,2024-01-21,140,,141.0,157.0,,,,,,1,1,3,0.49999999999999994,0.8660254037844387,0,0.0
SKU043,2024-01-28,166,,140.0,141.0,,,,,,1,1,4,0.49999999999999994,0.8660254037844387,0,0.0
SKU043,2024-02-04,173,,166.0,140.0,157.0,,151.0,,12.675435561221029,2,1,5,0.8660254037844386,0.5000000000000001,0,0.0
SKU043,2024-02-11,177,,173.0,166.0,141.0,,155.0,,16.990193249832878,2,1,6,0.8660254037844386,0.5000000000000001,0,0.0
SKU043,2024-02-18,152,,177.0,173.0,140.0,,164.0,,16.6332999331662,2,1,7,0.8660254037844386,0.5000000000000001,0,0.0
SKU043,2024-02-25,168,,152.0,177.0,166.0,,167.0,,10.984838035522724,2,1,8,0.8660254037844386,0.5000000000000001,0,0.0
SKU043,2024-03-03,182,,168.0,152.0,173.0,,167.5,159.25,10.969655114602892,3,1,9,1.0,6.123233995736766e-17,1,0.0
SKU043,2024-03-10,175,,182.0,168.0,177.0,,169.75,162.375,13.175102782647786,3,1,10,1.0,6.123233995736766e-17,1,1.0
SKU043,2024-03-17,175,,175.0,182.0,152.0,,169.25,166.625,12.841988423397163,3,1,11,1.0,6.123233995736766e-17,1,1.0
SKU043,2024-03-24,171,,175.0,175.0,168.0,,175.0,171.0,5.715476066494089,3,1,12,1.0,6.123233995736766e-17,1,1.0
SKU043,2024-03-31,177,,171.0,175.0,182.0,,175.75,171.625,4.573474244670756,3,1,13,1.0,6.123233995736766e-17,1,1.0
SKU043,2024-04-07,172,,177.0,171.0,175.0,,174.5,172.125,2.5166114784235947,4,2,14,0.8660254037844387,-0.4999999999999998,0,1.0
SKU043,2024-04-14,170,,172.0,177.0,175.0,,173.75,171.5,2.7537852736430626,4,2,15,0.8660254037844387,-0.4999999999999998,0,0.0
SKU043,2024-04-21,187,,170.0,172.0,171.0,,172.5,173.75,3.109126351029617,4,2,16,0.8660254037844387,-0.4999999999999998,0,0.0
SKU043,2024-04-28,192,,187.0,170.0,177.0,,176.5,176.125,7.59385716659635,4,2,17,0.8660254037844387,-0.4999999999999998,0,0.0
SKU043,2024-05-05,174,,192.0,187.0,172.0,,180.25,177.375,10.904891868637062,5,2,18,0.49999999999999994,-0.8660254037844387,0,0.0
SKU043,2024-05-12,179,,174.0,192.0,170.0,,180.75,177.25,10.436314802968848,5,2,19,0.49999999999999994,-0.8660254037844387,0,0.0
SKU043,2024-05-19,181,,179.0,174.0,187.0,,183.0,177.75,8.04155872120988,5,2,20,0.49999999999999994,-0.8660254037844387,0,0.0
SKU043,2024-05-26,178,,181.0,179.0,192.0,,181.5,179.0,7.593857166596345,5,2,21,0.49999999999999994,-0.8660254037844387,0,0.0
SKU043,2024-06-02,191,,178.0,181.0,174.0,,178.0,179.125,2.943920288775949,6,2,22,1.2246467991473532e-16,-1.0,1,0.0
SKU043,2024-06-09,169,,191.0,178.0,179.0,,182.25,181.5,5.965176722724423,6,2,23,1.2246467991473532e-16,-1.0,1,1.0
SKU043,2024-06-16,179,,169.0,191.0,181.0,,179.75,181.375,9.069178573608527,6,2,24,1.2246467991473532e-16,-1.0,1,1.0
SKU043,2024-06-23,169,,179.0,169.0,178.0,,179.25,180.375,9.03234926989282,6,2,25,1.2246467991473532e-16,-1.0,1,1.0
SKU043,2024-06-30,172,,169.0,179.0,191.0,,177.0,177.5,10.456258094238747,6,2,26,1.2246467991473532e-16,-1.0,1,1.0
SKU043,2024-07-07,136,,172.0,169.0,169.0,,172.25,177.25,4.716990566028303,7,3,27,-0.4999999999999997,-0.8660254037844388,0,1.0
SKU043,2024-07-14,172,,136.0,172.0,179.0,,164.0,171.875,19.131126469708992,7,3,28,-0.4999999999999997,-0.8660254037844388,0,0.0
SKU043,2024-07-21,141,,172.0,136.0,169.0,,162.25,170.75,17.55704986607944,7,3,29,-0.4999999999999997,-0.8660254037844388,0,0.0
SKU043,2024-07-28,160,,141.0,172.0,172.0,,155.25,166.125,19.448650338776726,7,3,30,-0.4999999999999997,-0.8660254037844388,0,0.0
SKU043,2024-08-04,160,,160.0,141.0,136.0,,152.25,162.25,16.740669042783207,8,3,31,-0.8660254037844385,-0.5000000000000004,0,0.0
SKU043,2024-08-11,123,,160.0,160.0,172.0,,158.25,161.125,12.8160056179763,8,3,32,-0.8660254037844385,-0.5000000000000004,0,0.0
SKU043,2024-08-18,136,,123.0,160.0,141.0,,146.0,154.125,17.75762746915627,8,3,33,-0.8660254037844385,-0.5000000000000004,0,0.0
SKU043,2024-08-25,123,,136.0,123.0,160.0,,144.75,150.0,18.39157415774952,8,3,34,-0.8660254037844385,-0.5000000000000004,0,0.0
SKU043,2024-09-01,140,,123.0,136.0,160.0,,135.5,143.875,17.4451521441727,9,3,35,-1.0,-1.8369701987210297e-16,1,0.0
SKU043,2024-09-08,148,,140.0,123.0,123.0,,130.5,144.375,8.812869377601517,9,3,36,-1.0,-1.8369701987210297e-16,1,1.0
SKU043,2024-09-15,124,,148.0,140.0,136.0,,136.75,141.375,10.436314802968841,9,3,37,-1.0,-1.8369701987210297e-16,1,1.0
SKU043,2024-09-22,136,,124.0,148.0,123.0,,133.75,139.25,12.284814474246916,9,3,38,-1.0,-1.8369701987210297e-16,1,1.0
SKU043,2024-09-29,140,,136.0,124.0,140.0,,137.0,136.25,9.999999999999993,9,3,39,-1.0,-1.8369701987210297e-16,1,1.0
SKU043,2024-10-06,130,,140.0,136.0,148.0,,137.0,133.75,9.999999999999993,10,4,40,-0.8660254037844386,0.5000000000000001,0,1.0
SKU043,2024-10-13,113,,130.0,140.0,124.0,,132.5,134.625,6.999999999999992,10,4,41,-0.8660254037844386,0.5000000000000001,0,0.0
SKU043,2024-10-20,121,,113.0,130.0,136.0,,129.75,131.75,11.898879499067684,10,4,42,-0.8660254037844386,0.5000000000000001,0,0.0
SKU043,2024-10-27,132,,121.0,113.0,140.0,,126.0,131.5,11.633285577743429,10,4,43,-0.8660254037844386,0.5000000000000001,0,0.0
SKU043,2024-11-03,130,,132.0,121.0,130.0,,124.0,130.5,8.755950357709127,11,4,44,-0.5000000000000004,0.8660254037844384,1,0.0
SKU043,2024-11-10,128,,130.0,132.0,113.0,,124.0,128.25,8.755950357709127,11,4,45,-0.5000000000000004,0.8660254037844384,1,1.0
SKU043,2024-11-17,140,,128.0,130.0,121.0,,127.75,128.75,4.787135538781681,11,4,46,-0.5000000000000004,0.8660254037844384,1,1.0
SKU043,2024-11-24,142,,140.0,128.0,132.0,,132.5,129.25,5.259911279353158,11,4,47,-0.5000000000000004,0.8660254037844384,1,1.0
SKU043,2024-12-01,127,,142.0,140.0,130.0,,135.0,129.5,7.023769168568488,12,4,48,-2.4492935982947064e-16,1.0,1,1.0
SKU043,2024-12-08,147,,127.0,142.0,128.0,,134.25,129.125,7.847504911329031,12,4,49,-2.4492935982947064e-16,1.0,0,1.0
SKU043,2024-12-15,133,,147.0,127.0,140.0,,139.0,133.375,8.52447456836294,12,4,50,-2.4492935982947064e-16,1.0,0,0.0
SKU043,2024-12-22,133,,133.0,147.0,142.0,,137.25,134.875,8.958236433584451,12,4,51,-2.4492935982947064e-16,1.0,0,0.0
SKU043,2024-12-29,131,,133.0,133.0,127.0,,135.0,135.0,8.48528137423856,12,4,52,-2.4492935982947064e-16,1.0,0,0.0
SKU043,2025-01-05,169,157.0,131.0,133.0,147.0,157.0,136.0,135.125,7.3936910042729345,1,1,1,0.49999999999999994,0.8660254037844387,0,0.0
SKU043,2025-01-12,166,141.0,169.0,131.0,133.0,141.0,141.5,140.25,18.357559750685812,1,1,2,0.49999999999999994,0.8660254037844387,0,0.0
SKU043,2025-01-19,157,140.0,166.0,169.0,133.0,140.0,149.75,143.5,20.54872258803451,1,1,3,0.49999999999999994,0.8660254037844387,0,0.0
SKU043,2025-01-26,155,166.0,157.0,166.0,131.0,166.0,155.75,145.375,17.269916039170536,1,1,4,0.49999999999999994,0.8660254037844387,0,0.0
SKU043,2025-02-02,161,173.0,155.0,157.0,169.0,173.0,161.75,148.875,6.800735254367696,2,1,5,0.8660254037844386,0.5000000000000001,0,0.0
SKU043,2025-02-09,191,177.0,161.0,155.0,166.0,177.0,159.75,150.625,4.856267428111122,2,1,6,0.8660254037844386,0.5000000000000001,0,0.0
SKU043,2025-02-16,168,152.0,191.0,161.0,157.0,152.0,166.0,157.875,16.852299546352707,2,1,7,0.8660254037844386,0.5000000000000001,0,0.0
SKU043,2025-02-23,153,168.0,168.0,191.0,155.0,168.0,168.75,162.25,15.755951256588723,2,1,8,0.8660254037844386,0.5000000000000001,0,0.0
SKU043,2025-03-02,193,182.0,153.0,168.0,161.0,182.0,168.25,165.0,16.357974609753285,3,1,9,1.0,6.123233995736766e-17,1,0.0
SKU043,2025-03-09,186,175.0,193.0,153.0,191.0,175.0,176.25,168.0,19.207203509794613,3,1,10,1.0,6.123233995736766e-17,1,1.0
SKU043,2025-03-16,184,175.0,186.0,193.0,168.0,175.0,175.0,170.5,18.055470085267785,3,1,11,1.0,6.123233995736766e-17,1,1.0
SKU043,2025-03-23,191,171.0,184.0,186.0,153.0,171.0,179.0,173.875,17.757627469156265,3,1,12,1.0,6.123233995736766e-17,1,1.0
SKU043,2025-03-30,200,177.0,191.0,184.0,193.0,177.0,188.5,178.375,4.203173404306154,3,1,13,1.0,6.123233995736766e-17,1,1.0
SKU043,2025-04-06,188,172.0,200.0,191.0,186.0,172.0,190.25,183.25,7.13559154286921,4,2,14,0.8660254037844387,-0.4999999999999998,0,1.0
SKU043,2025-04-13,176,170.0,188.0,200.0,184.0,170.0,190.75,182.875,6.800735254367717,4,2,15,0.8660254037844387,-0.4999999999999998,0,0.0
SKU043,2025-04-20,184,187.0,176.0,188.0,191.0,187.0,188.75,183.875,9.912113800799501,4,2,16,0.8660254037844387,-0.4999999999999998,0,0.0
SKU043,2025-04-27,176,192.0,184.0,176.0,200.0,192.0,187.0,187.75,9.999999999999996,4,2,17,0.8660254037844387,-0.4999999999999998,0,0.0
SKU043,2025-05-04,179,174.0,176.0,184.0,188.0,174.0,181.0,185.625,5.9999999999999885,5,2,18,0.49999999999999994,-0.8660254037844387,0,0.0
SKU043,2025-05-11,165,179.0,179.0,176.0,176.0,179.0,178.75,184.75,3.7749172176353545,5,2,19,0.49999999999999994,-0.8660254037844387,0,0.0
SKU043,2025-05-18,170,181.0,165.0,179.0,184.0,181.0,176.0,182.375,8.041558721209867,5,2,20,0.49999999999999994,-0.8660254037844387,0,0.0
SKU043,2025-05-25,184,178.0,170.0,165.0,176.0,178.0,172.5,179.75,6.244997998398386,5,2,21,0.49999999999999994,-0.8660254037844387,0,0.0
SKU043,2025-06-01,192,191.0,184.0,170.0,179.0,191.0,174.5,177.75,8.582928793055812,6,2,22,1.2246467991473532e-16,-1.0,1,0.0
SKU043,2025-06-08,194,169.0,192.0,184.0,165.0,169.0,177.75,178.25,12.446552400832388,6,2,23,1.2246467991473532e-16,-1.0,1,1.0
SKU043,2025-06-15,178,179.0,194.0,192.0,170.0,179.0,185.0,180.5,10.893423092245454,6,2,24,1.2246467991473532e-16,-1.0,1,1.0
SKU043,2025-06-22,180,169.0,178.0,194.0,184.0,169.0,187.0,179.75,7.393691004272933,6,2,25,1.2246467991473532e-16,-1.0,1,1.0
SKU043,2025-06-29,179,172.0,180.0,178.0,192.0,172.0,186.0,180.25,8.16496580927725,6,2,26,1.2246467991473532e-16,-1.0,1,1.0
SKU043,2025-07-06,155,136.0,179.0,180.0,194.0,136.0,182.75,180.25,7.544313531837505,7,3,27,-0.4999999999999997,-0.8660254037844388,0,1.0
SKU043,2025-07-13,161,172.0,155.0,179.0,178.0,172.0,173.0,179.0,12.027745701779136,7,3,28,-0.4999999999999997,-0.8660254037844388,0,0.0
SKU043,2025-07-20,161,141.0,161.0,155.0,180.0,141.0,168.75,177.875,12.658988901172156,7,3,29,-0.4999999999999997,-0.8660254037844388,0,0.0
SKU043,2025-07-27,132,160.0,161.0,161.0,179.0,160.0,164.0,175.0,10.392304845413257,7,3,30,-0.4999999999999997,-0.8660254037844388,0,0.0
SKU043,2025-08-03,149,160.0,132.0,161.0,155.0,160.0,152.25,167.5,13.793114224133717,8,3,31,-0.8660254037844385,-0.5000000000000004,0,0.0
SKU043,2025-08-10,156,123.0,149.0,132.0,161.0,123.0,150.75,161.875,13.720422734012239,8,3,32,-0.8660254037844385,-0.5000000000000004,0,0.0
SKU043,2025-08-17,142,136.0,156.0,149.0,161.0,136.0,149.5,159.125,12.662279942148382,8,3,33,-0.8660254037844385,-0.5000000000000004,0,0.0
SKU043,2025-08-24,130,123.0,142.0,156.0,132.0,123.0,144.75,154.375,10.242883708539628,8,3,34,-0.8660254037844385,-0.5000000000000004,0,0.0
SKU043,2025-08-31,139,140.0,130.0,142.0,149.0,140.0,144.25,148.25,11.08677891304172,8,3,35,-0.8660254037844385,-0.5000000000000004,0,0.0
SKU043,2025-09-07,133,148.0,139.0,130.0,156.0,148.0,141.75,146.25,10.781929326423905,9,3,36,-1.0,-1.8369701987210297e-16,1,0.0
SKU043,2025-09-14,143,124.0,133.0,139.0,142.0,124.0,136.0,142.75,5.477225575051645,9,3,37,-1.0,-1.8369701987210297e-16,1,1.0
SKU043,2025-09-21,143,136.0,143.0,133.0,130.0,136.0,136.25,140.5,5.852349955359798,9,3,38,-1.0,-1.8369701987210297e-16,1,1.0
SKU043,2025-09-28,121,140.0,143.0,143.0,139.0,140.0,139.5,141.875,4.725815626252587,9,3,39,-1.0,-1.8369701987210297e-16,1,1.0
SKU043,2025-10-05,115,130.0,121.0,143.0,133.0,130.0,135.0,138.375,10.456258094238736,10,4,40,-0.8660254037844386,0.5000000000000001,0,1.0
SKU043,2025-10-12,125,113.0,115.0,121.0,143.0,113.0,130.5,133.25,14.640127503998489,10,4,41,-0.8660254037844386,0.5000000000000001,0,0.0
SKU043,2025-10-19,123,121.0,125.0,115.0,143.0,121.0,126.0,131.125,12.055427546683402,10,4,42,-0.8660254037844386,0.5000000000000001,0,0.0
SKU043,2025-10-26,117,132.0,123.0,125.0,121.0,132.0,121.0,130.25,4.320493798938533,10,4,43,-0.8660254037844386,0.5000000000000001,0,0.0
SKU043,2025-11-02,147,130.0,117.0,123.0,115.0,130.0,120.0,127.5,4.760952285695197,11,4,44,-0.5000000000000004,0.8660254037844384,1,0.0
SKU043,2025-11-09,148,128.0,147.0,117.0,125.0,128.0,128.0,129.25,13.114877048603987,11,4,45,-0.5000000000000004,0.8660254037844384,1,1.0
SKU043,2025-11-16,145,140.0,148.0,147.0,123.0,140.0,133.75,129.875,16.070158679988186,11,4,46,-0.5000000000000004,0.8660254037844384,1,1.0
SKU043,2025-11-23,144,142.0,145.0,148.0,117.0,142.0,139.25,130.125,14.885675440951038,11,4,47,-0.5000000000000004,0.8660254037844384,1,1.0
SKU043,2025-11-30,113,127.0,144.0,145.0,147.0,127.0,146.0,133.0,1.8257418583504448,11,4,48,-0.5000000000000004,0.8660254037844384,1,1.0
SKU043,2025-12-07,127,147.0,113.0,144.0,148.0,147.0,137.5,132.75,16.42153058233812,12,4,49,-2.4492935982947064e-16,1.0,0,1.0
SKU043,2025-12-14,142,133.0,127.0,113.0,145.0,133.0,132.25,133.0,15.261607604268503,12,4,50,-2.4492935982947064e-16,1.0,0,0.0
SKU043,2025-12-21,132,133.0,142.0,127.0,144.0,133.0,131.5,135.375,14.4798710859823,12,4,51,-2.4492935982947064e-16,1.0,0,0.0
SKU043,2025-12-28,126,131.0,132.0,142.0,113.0,131.0,128.5,137.25,12.069244660154428,12,4,52,-2.4492935982947064e-16,1.0,0,0.0
SKU044,2024-01-07,66,,,,,,,,,1,1,1,0.49999999999999994,0.8660254037844387,0,
SKU044,2024-01-14,83,,66.0,,,,,,,1,1,2,0.49999999999999994,0.8660254037844387,0,0.0
SKU044,2024-01-21,71,,83.0,66.0,,,,,,1,1,3,0.49999999999999994,0.8660254037844387,0,0.0
SKU044,2024-01-28,64,,71.0,83.0,,,,,,1,1,4,0.49999999999999994,0.8660254037844387,0,0.0
SKU044,2024-02-04,76,,64.0,71.0,66.0,,71.0,,8.524474568362946,2,1,5,0.8660254037844386,0.5000000000000001,0,0.0
SKU044,2024-02-11,65,,76.0,64.0,83.0,,73.5,,8.02080627701064,2,1,6,0.8660254037844386,0.5000000000000001,0,0.0
SKU044,2024-02-18,77,,65.0,76.0,71.0,,69.0,,5.597618541248883,2,1,7,0.8660254037844386,0.5000000000000001,0,0.0
SKU044,2024-02-25,70,,77.0,65.0,64.0,,70.5,,6.952217871538067,2,1,8,0.8660254037844386,0.5000000000000001,0,0.0
SKU044,2024-03-03,89,,70.0,77.0,76.0,,72.0,71.5,5.597618541248883,3,1,9,1.0,6.123233995736766e-17,1,0.0
SKU044,2024-03-10,69,,89.0,70.0,65.0,,75.25,74.375,10.404326023342403,3,1,10,1.0,6.123233995736766e-17,1,1.0
SKU044,2024-03-17,94,,69.0,89.0,77.0,,76.25,72.625,9.215023964519386,3,1,11,1.0,6.123233995736766e-17,1,1.0
SKU044,2024-03-24,78,,94.0,69.0,70.0,,80.5,75.5,12.871156384205213,3,1,12,1.0,6.123233995736766e-17,1,1.0
SKU044,2024-03-31,88,,78.0,94.0,89.0,,82.5,77.25,11.210114480533488,3,1,13,1.0,6.123233995736766e-17,1,1.0
SKU044,2024-04-07,81,,88.0,78.0,69.0,,82.25,78.75,11.026483271348724,4,2,14,0.8660254037844387,-0.4999999999999998,0,1.0
SKU044,2024-04-14,76,,81.0,88.0,94.0,,85.25,80.75,7.182153808805074,4,2,15,0.8660254037844387,-0.4999999999999998,0,0.0
SKU044,2024-04-21,77,,76.0,81.0,78.0,,80.75,80.625,5.2519837521962325,4,2,16,0.8660254037844387,-0.4999999999999998,0,0.0
SKU044,2024-04-28,84,,77.0,76.0,88.0,,80.5,81.5,5.44671154612272,4,2,17,0.8660254037844387,-0.4999999999999998,0,0.0
SKU044,2024-05-05,79,,84.0,77.0,81.0,,79.5,80.875,3.696845502136457,5,2,18,0.49999999999999994,-0.8660254037844387,0,0.0
SKU044,2024-05-12,84,,79.0,84.0,76.0,,79.0,82.125,3.559026084010421,5,2,19,0.49999999999999994,-0.8660254037844387,0,0.0
SKU044,2024-05-19,70,,84.0,79.0,77.0,,81.0,80.875,3.559026084010421,5,2,20,0.49999999999999994,-0.8660254037844387,0,0.0
SKU044,2024-05-26,77,,70.0,84.0,84.0,,79.25,79.875,6.601767440112777,5,2,21,0.49999999999999994,-0.8660254037844387,0,0.0
SKU044,2024-06-02,85,,77.0,70.0,79.0,,77.5,78.5,5.802298395176393,6,2,22,1.2246467991473532e-16,-1.0,1,0.0
SKU044,2024-06-09,78,,85.0,77.0,84.0,,79.0,79.0,6.976149845485442,6,2,23,1.2246467991473532e-16,-1.0,1,1.0
SKU044,2024-06-16,81,,78.0,85.0,70.0,,77.5,79.25,6.137317546507313,6,2,24,1.2246467991473532e-16,-1.0,1,1.0
SKU044,2024-06-23,77,,81.0,78.0,77.0,,80.25,79.75,3.593976442141287,6,2,25,1.2246467991473532e-16,-1.0,1,1.0
SKU044,2024-06-30,90,,77.0,81.0,85.0,,80.25,78.875,3.593976442141287,6,2,26,1.2246467991473532e-16,-1.0,1,1.0
SKU044,2024-07-07,71,,90.0,77.0,78.0,,81.5,80.25,5.916079783099605,7,3,27,-0.4999999999999997,-0.8660254037844388,0,1.0
SKU044,2024-07-14,71,,71.0,90.0,81.0,,79.75,78.625,7.97391580927045,7,3,28,-0.4999999999999997,-0.8660254037844388,0,0.0
SKU044,2024-07-21,78,,71.0,71.0,77.0,,77.25,78.75,8.958236433584451,7,3,29,-0.4999999999999997,-0.8660254037844388,0,0.0
SKU044,2024-07-28,78,,78.0,71.0,90.0,,77.5,78.875,8.962886439832493,7,3,30,-0.4999999999999997,-0.8660254037844388,0,0.0
SKU044,2024-08-04,66,,78.0,78.0,71.0,,74.5,78.0,4.041451884327362,8,3,31,-0.8660254037844385,-0.5000000000000004,0,0.0
SKU044,2024-08-11,60,,66.0,78.0,71.0,,73.25,76.5,5.8523499553598,8,3,32,-0.8660254037844385,-0.5000000000000004,0,0.0
SKU044,2024-08-18,76,,60.0,66.0,78.0,,70.5,73.875,8.999999999999993,8,3,33,-0.8660254037844385,-0.5000000000000004,0,0.0
SKU044,2024-08-25,55,,76.0,60.0,78.0,,70.0,73.75,8.485281374238562,8,3,34,-0.8660254037844385,-0.5000000000000004,0,0.0
SKU044,2024-09-01,70,,55.0,76.0,66.0,,64.25,69.375,9.032349269892809,9,3,35,-1.0,-1.8369701987210297e-16,1,0.0
SKU044,2024-09-08,60,,70.0,55.0,60.0,,65.25,69.25,9.499999999999991,9,3,36,-1.0,-1.8369701987210297e-16,1,1.0
SKU044,2024-09-15,63,,60.0,70.0,76.0,,65.25,67.875,9.499999999999991,9,3,37,-1.0,-1.8369701987210297e-16,1,1.0
SKU044,2024-09-22,56,,63.0,60.0,55.0,,62.0,66.0,6.271629240742246,9,3,38,-1.0,-1.8369701987210297e-16,1,1.0
SKU044,2024-09-29,68,,56.0,63.0,70.0,,62.25,63.25,5.909032633745263,9,3,39,-1.0,-1.8369701987210297e-16,1,1.0
SKU044,2024-10-06,48,,68.0,56.0,60.0,,61.75,63.5,5.057996968497822,10,4,40,-0.8660254037844386,0.5000000000000001,0,1.0
SKU044,2024-10-13,57,,48.0,68.0,63.0,,58.75,62.0,8.693867570496641,10,4,41,-0.8660254037844386,0.5000000000000001,0,0.0
SKU044,2024-10-20,61,,57.0,48.0,56.0,,57.25,59.625,8.220908303425674,10,4,42,-0.8660254037844386,0.5000000000000001,0,0.0
SKU044,2024-10-27,57,,61.0,57.0,68.0,,58.5,60.375,8.3466560170326,10,4,43,-0.8660254037844386,0.5000000000000001,0,0.0
SKU044,2024-11-03,59,,57.0,61.0,48.0,,55.75,58.75,5.499999999999986,11,4,44,-0.5000000000000004,0.8660254037844384,1,0.0
SKU044,2024-11-10,48,,59.0,57.0,57.0,,58.5,58.625,1.9148542155126334,11,4,45,-0.5000000000000004,0.8660254037844384,1,1.0
SKU044,2024-11-17,54,,48.0,59.0,61.0,,56.25,56.75,5.737304826019487,11,4,46,-0.5000000000000004,0.8660254037844384,1,1.0
SKU044,2024-11-24,44,,54.0,48.0,57.0,,54.5,56.5,4.795831523312701,11,4,47,-0.5000000000000004,0.8660254037844384,1,1.0
SKU044,2024-12-01,59,,44.0,54.0,59.0,,51.25,53.5,6.601767440112773,12,4,48,-2.4492935982947064e-16,1.0,1,1.0
SKU044,2024-12-08,50,,59.0,44.0,48.0,,51.25,54.875,6.601767440112773,12,4,49,-2.4492935982947064e-16,1.0,0,1.0
SKU044,2024-12-15,54,,50.0,59.0,54.0,,51.75,54.0,6.344288770224746,12,4,50,-2.4492935982947064e-16,1.0,0,0.0
SKU044,2024-12-22,52,,54.0,50.0,44.0,,51.75,53.125,6.344288770224746,12,4,51,-2.4492935982947064e-16,1.0,0,0.0
SKU044,2024-12-29,60,,52.0,54.0,59.0,,53.75,52.5,3.8622100754187985,12,4,52,-2.4492935982947064e-16,1.0,0,0.0
SKU044,2025-01-05,63,66.0,60.0,52.0,50.0,66.0,54.0,52.625,4.320493798938552,1,1,1,0.49999999999999994,0.8660254037844387,0,0.0
SKU044,2025-01-12,76,83.0,63.0,60.0,54.0,83.0,57.25,54.5,5.12347538297978,1,1,2,0.49999999999999994,0.8660254037844387,0,0.0
SKU044,2025-01-19,81,71.0,76.0,63.0,52.0,71.0,62.75,57.25,9.979144919948459,1,1,3,0.49999999999999994,0.8660254037844387,0,0.0
SKU044,2025-01-26,71,64.0,81.0,76.0,60.0,64.0,70.0,61.875,10.099504938362069,1,1,4,0.49999999999999994,0.8660254037844387,0,0.0
SKU044,2025-02-02,67,76.0,71.0,81.0,63.0,76.0,72.75,63.375,7.675719293112958,2,1,5,0.8660254037844386,0.5000000000000001,0,0.0
SKU044,2025-02-09,69,65.0,67.0,71.0,76.0,65.0,73.75,65.5,6.075908711186047,2,1,6,0.8660254037844386,0.5000000000000001,0,0.0
SKU044,2025-02-16,66,77.0,69.0,67.0,81.0,77.0,72.0,67.375,6.218252702059195,2,1,7,0.8660254037844386,0.5000000000000001,0,0.0
SKU044,2025-02-23,67,70.0,66.0,69.0,71.0,70.0,68.25,69.125,2.2173557826083043,2,1,8,0.8660254037844386,0.5000000000000001,0,0.0
SKU044,2025-03-02,75,89.0,67.0,66.0,67.0,89.0,67.25,70.0,1.2583057392117183,3,1,9,1.0,6.123233995736766e-17,1,0.0
SKU044,2025-03-09,90,69.0,75.0,67.0,69.0,69.0,69.25,71.5,4.031128874149253,3,1,10,1.0,6.123233995736766e-17,1,1.0
SKU044,2025-03-16,88,94.0,90.0,75.0,66.0,94.0,74.5,73.25,11.09053650640941,3,1,11,1.0,6.123233995736766e-17,1,1.0
SKU044,2025-03-23,85,78.0,88.0,90.0,67.0,78.0,80.0,74.125,10.92397973878262,3,1,12,1.0,6.123233995736766e-17,1,1.0
SKU044,2025-03-30,76,88.0,85.0,88.0,75.0,88.0,84.5,75.875,6.658328118479386,3,1,13,1.0,6.123233995736766e-17,1,1.0
SKU044,2025-04-06,85,81.0,76.0,85.0,90.0,81.0,84.75,77.0,6.184658438426484,4,2,14,0.8660254037844387,-0.4999999999999998,0,1.0
SKU044,2025-04-13,67,76.0,85.0,76.0,88.0,76.0,83.5,79.0,5.196152422706624,4,2,15,0.8660254037844387,-0.4999999999999998,0,0.0
SKU044,2025-04-20,84,77.0,67.0,85.0,85.0,77.0,78.25,79.125,8.616843969807038,4,2,16,0.8660254037844387,-0.4999999999999998,0,0.0
SKU044,2025-04-27,77,84.0,84.0,67.0,76.0,84.0,78.0,81.25,8.36660026534075,4,2,17,0.8660254037844387,-0.4999999999999998,0,0.0
SKU044,2025-05-04,74,79.0,77.0,84.0,85.0,79.0,78.25,81.5,8.301606270274842,5,2,18,0.49999999999999994,-0.8660254037844387,0,0.0
SKU044,2025-05-11,81,84.0,74.0,77.0,67.0,84.0,75.5,79.5,7.047458170621986,5,2,19,0.49999999999999994,-0.8660254037844387,0,0.0
SKU044,2025-05-18,88,70.0,81.0,74.0,84.0,70.0,79.0,78.625,4.396968652757632,5,2,20,0.49999999999999994,-0.8660254037844387,0,0.0
SKU044,2025-05-25,72,77.0,88.0,81.0,77.0,77.0,80.0,79.0,6.055300708194978,5,2,21,0.49999999999999994,-0.8660254037844387,0,0.0
SKU044,2025-06-01,89,85.0,72.0,88.0,74.0,85.0,78.75,78.5,7.274384280931727,6,2,22,1.2246467991473532e-16,-1.0,1,0.0
SKU044,2025-06-08,73,78.0,89.0,72.0,81.0,78.0,82.5,79.0,7.8528126595931615,6,2,23,1.2246467991473532e-16,-1.0,1,1.0
SKU044,2025-06-15,88,81.0,73.0,89.0,88.0,81.0,80.5,79.75,9.255628917943211,6,2,24,1.2246467991473532e-16,-1.0,1,1.0
SKU044,2025-06-22,71,77.0,88.0,73.0,72.0,77.0,80.5,80.25,9.255628917943211,6,2,25,1.2246467991473532e-16,-1.0,1,1.0
SKU044,2025-06-29,62,90.0,71.0,88.0,89.0,90.0,80.25,79.5,9.56991814663706,6,2,26,1.2246467991473532e-16,-1.0,1,1.0
SKU044,2025-07-06,61,71.0,62.0,71.0,73.0,71.0,73.5,78.0,10.785793124908954,7,3,27,-0.4999999999999997,-0.8660254037844388,0,1.0
SKU044,2025-07-13,79,71.0,61.0,62.0,88.0,71.0,70.5,75.5,12.503332889007366,7,3,28,-0.4999999999999997,-0.8660254037844388,0,0.0
SKU044,2025-07-20,72,78.0,79.0,61.0,71.0,78.0,68.25,74.375,8.460693430998035,7,3,29,-0.4999999999999997,-0.8660254037844388,0,0.0
SKU044,2025-07-27,69,78.0,72.0,79.0,62.0,78.0,68.5,74.375,8.58292879305582,7,3,30,-0.4999999999999997,-0.8660254037844388,0,0.0
SKU044,2025-08-03,65,66.0,69.0,72.0,61.0,66.0,70.25,71.875,7.4554230821150105,8,3,31,-0.8660254037844385,-0.5000000000000004,0,0.0
SKU044,2025-08-10,66,60.0,65.0,69.0,79.0,60.0,71.25,70.875,5.909032633745275,8,3,32,-0.8660254037844385,-0.5000000000000004,0,0.0
SKU044,2025-08-17,61,76.0,66.0,65.0,72.0,76.0,68.0,68.125,3.1622776601683733,8,3,33,-0.8660254037844385,-0.5000000000000004,0,0.0
SKU044,2025-08-24,70,55.0,61.0,66.0,69.0,55.0,65.25,66.875,3.3040379335998313,8,3,34,-0.8660254037844385,-0.5000000000000004,0,0.0
SKU044,2025-08-31,51,70.0,70.0,61.0,65.0,70.0,65.5,67.875,3.696845502136469,8,3,35,-0.8660254037844385,-0.5000000000000004,0,0.0
SKU044,2025-09-07,56,60.0,51.0,70.0,66.0,60.0,62.0,66.625,8.205689083394114,9,3,36,-1.0,-1.8369701987210297e-16,1,0.0
SKU044,2025-09-14,61,63.0,56.0,51.0,61.0,63.0,59.5,63.75,8.103497187428811,9,3,37,-1.0,-1.8369701987210297e-16,1,1.0
SKU044,2025-09-21,47,56.0,61.0,56.0,70.0,56.0,59.5,62.375,8.103497187428811,9,3,38,-1.0,-1.8369701987210297e-16,1,1.0
SKU044,2025-09-28,66,68.0,47.0,61.0,51.0,68.0,53.75,59.625,6.07590871118606,9,3,39,-1.0,-1.8369701987210297e-16,1,1.0
SKU044,2025-10-05,50,48.0,66.0,47.0,56.0,48.0,57.5,59.75,8.103497187428811,10,4,40,-0.8660254037844386,0.5000000000000001,0,1.0
SKU044,2025-10-12,49,57.0,50.0,66.0,61.0,57.0,56.0,57.75,8.981462390204985,10,4,41,-0.8660254037844386,0.5000000000000001,0,0.0
SKU044,2025-10-19,56,61.0,49.0,50.0,47.0,61.0,53.0,56.25,8.755950357709132,10,4,42,-0.8660254037844386,0.5000000000000001,0,0.0
SKU044,2025-10-26,53,57.0,56.0,49.0,66.0,57.0,55.25,54.5,7.804912982645397,10,4,43,-0.8660254037844386,0.5000000000000001,0,0.0
SKU044,2025-11-02,60,59.0,53.0,56.0,50.0,59.0,52.0,54.75,3.1622776601683773,11,4,44,-0.5000000000000004,0.8660254037844384,1,0.0
SKU044,2025-11-09,58,48.0,60.0,53.0,49.0,48.0,54.5,55.25,4.654746681256313,11,4,45,-0.5000000000000004,0.8660254037844384,1,1.0
SKU044,2025-11-16,53,54.0,58.0,60.0,56.0,54.0,56.75,54.875,2.986078811194817,11,4,46,-0.5000000000000004,0.8660254037844384,1,1.0
SKU044,2025-11-23,46,44.0,53.0,58.0,53.0,44.0,56.0,55.625,3.559026084010435,11,4,47,-0.5000000000000004,0.8660254037844384,1,1.0
SKU044,2025-11-30,57,59.0,46.0,53.0,60.0,59.0,54.25,53.125,6.238322424070966,11,4,48,-0.5000000000000004,0.8660254037844384,1,1.0
SKU044,2025-12-07,52,50.0,57.0,46.0,58.0,50.0,53.5,54.0,5.44671154612273,12,4,49,-2.4492935982947064e-16,1.0,0,1.0
SKU044,2025-12-14,57,54.0,52.0,57.0,53.0,54.0,52.0,54.375,4.546060565661951,12,4,50,-2.4492935982947064e-16,1.0,0,0.0
SKU044,2025-12-21,61,52.0,57.0,52.0,46.0,52.0,53.0,54.5,5.228129047119373,12,4,51,-2.4492935982947064e-16,1.0,0,0.0
SKU044,2025-12-28,61,60.0,61.0,57.0,57.0,60.0,56.75,55.5,3.6855573979159946,12,4,52,-2.4492935982947064e-16,1.0,0,0.0
SKU045,2024-01-07,170,,,,,,,,,1,1,1,0.49999999999999994,0.8660254037844387,0,
SKU045,2024-01-14,157,,170.0,,,,,,,1,1,2,0.49999999999999994,0.8660254037844387,0,0.0
SKU045,2024-01-21,160,,157.0,170.0,,,,,,1,1,3,0.49999999999999994,0.8660254037844387,0,0.0
SKU045,2024-01-28,169,,160.0,157.0,,,,,,1,1,4,0.49999999999999994,0.8660254037844387,0,0.0
SKU045,2024-02-04,191,,169.0,160.0,170.0,,164.0,,6.4807406984078595,2,1,5,0.8660254037844386,0.5000000000000001,0,0.0
SKU045,2024-02-11,204,,191.0,169.0,157.0,,169.25,,15.370426148939398,2,1,6,0.8660254037844386,0.5000000000000001,0,0.0
SKU045,2024-02-18,189,,204.0,191.0,160.0,,181.0,,20.116328359486143,2,1,7,0.8660254037844386,0.5000000000000001,0,0.0
SKU045,2024-02-25,181,,189.0,204.0,169.0,,188.25,,14.453949863849207,2,1,8,0.8660254037844386,0.5000000000000001,0,0.0
SKU045,2024-03-03,223,,181.0,189.0,191.0,,191.25,177.625,9.535023160258529,3,1,9,1.0,6.123233995736766e-17,1,0.0
SKU045,2024-03-10,212,,223.0,181.0,204.0,,199.25,184.25,18.481973199129285,3,1,10,1.0,6.123233995736766e-17,1,1.0
SKU045,2024-03-17,200,,212.0,223.0,189.0,,201.25,191.125,19.568256607747827,3,1,11,1.0,6.123233995736766e-17,1,1.0
SKU045,2024-03-24,223,,200.0,212.0,181.0,,204.0,196.125,17.981471945681566,3,1,12,1.0,6.123233995736766e-17,1,1.0
SKU045,2024-03-31,218,,223.0,200.0,223.0,,214.5,202.875,10.969655114602885,3,1,13,1.0,6.123233995736766e-17,1,1.0
SKU045,2024-04-07,186,,218.0,223.0,212.0,,213.25,206.25,9.9121138007995,4,2,14,0.8660254037844387,-0.4999999999999998,0,1.0
SKU045,2024-04-14,219,,186.0,218.0,200.0,,206.75,204.0,16.997548842896922,4,2,15,0.8660254037844387,-0.4999999999999998,0,0.0
SKU045,2024-04-21,212,,219.0,186.0,223.0,,211.5,207.75,17.136705245369267,4,2,16,0.8660254037844387,-0.4999999999999998,0,0.0
SKU045,2024-04-28,213,,212.0,219.0,218.0,,208.75,211.625,15.478479684172251,4,2,17,0.8660254037844387,-0.4999999999999998,0,0.0
SKU045,2024-05-05,209,,213.0,212.0,186.0,,207.5,210.375,14.662878298615173,5,2,18,0.49999999999999994,-0.8660254037844387,0,0.0
SKU045,2024-05-12,198,,209.0,213.0,219.0,,213.25,210.0,4.193248541803025,5,2,19,0.49999999999999994,-0.8660254037844387,0,0.0
SKU045,2024-05-19,213,,198.0,209.0,212.0,,208.0,209.75,6.879922480183424,5,2,20,0.49999999999999994,-0.8660254037844387,0,0.0
SKU045,2024-05-26,187,,213.0,198.0,213.0,,208.25,208.5,7.0887234393789065,5,2,21,0.49999999999999994,-0.8660254037844387,0,0.0
SKU045,2024-06-02,230,,187.0,213.0,209.0,,201.75,204.625,11.701139545645395,6,2,22,1.2246467991473532e-16,-1.0,1,0.0
SKU045,2024-06-09,213,,230.0,187.0,198.0,,207.0,210.125,18.67261809888122,6,2,23,1.2246467991473532e-16,-1.0,1,1.0
SKU045,2024-06-16,239,,213.0,230.0,213.0,,210.75,209.375,17.745891543302818,6,2,24,1.2246467991473532e-16,-1.0,1,1.0
SKU045,2024-06-23,217,,239.0,213.0,187.0,,217.25,212.75,22.867371223353736,6,2,25,1.2246467991473532e-16,-1.0,1,1.0
SKU045,2024-06-30,204,,217.0,239.0,230.0,,224.75,213.25,11.954775893619521,6,2,26,1.2246467991473532e-16,-1.0,1,1.0
SKU045,2024-07-07,177,,204.0,217.0,213.0,,218.25,212.625,14.863265679744353,7,3,27,-0.4999999999999997,-0.8660254037844388,0,1.0
SKU045,2024-07-14,150,,177.0,204.0,239.0,,209.25,210.0,25.902059120206378,7,3,28,-0.4999999999999997,-0.8660254037844388,0,0.0
SKU045,2024-07-21,157,,150.0,177.0,217.0,,187.0,202.125,29.765752132274432,7,3,29,-0.4999999999999997,-0.8660254037844388,0,0.0
SKU045,2024-07-28,181,,157.0,150.0,204.0,,172.0,198.375,24.20743687382041,7,3,30,-0.4999999999999997,-0.8660254037844388,0,0.0
SKU045,2024-08-04,172,,181.0,157.0,177.0,,166.25,192.25,15.085865349171502,8,3,31,-0.8660254037844385,-0.5000000000000004,0,0.0
SKU045,2024-08-11,169,,172.0,181.0,150.0,,165.0,187.125,14.07124727947029,8,3,32,-0.8660254037844385,-0.5000000000000004,0,0.0
SKU045,2024-08-18,197,,169.0,172.0,157.0,,169.75,178.375,9.912113800799506,8,3,33,-0.8660254037844385,-0.5000000000000004,0,0.0
SKU045,2024-08-25,130,,197.0,169.0,181.0,,179.75,175.875,12.579745625409126,8,3,34,-0.8660254037844385,-0.5000000000000004,0,0.0
SKU045,2024-09-01,158,,130.0,197.0,172.0,,167.0,166.625,27.676705006196098,9,3,35,-1.0,-1.8369701987210297e-16,1,0.0
SKU045,2024-09-08,159,,158.0,130.0,169.0,,163.5,164.25,27.718826333979827,9,3,36,-1.0,-1.8369701987210297e-16,1,1.0
SKU045,2024-09-15,154,,159.0,158.0,197.0,,161.0,165.375,27.507574714370346,9,3,37,-1.0,-1.8369701987210297e-16,1,1.0
SKU045,2024-09-22,152,,154.0,159.0,130.0,,150.25,165.0,13.67174702321056,9,3,38,-1.0,-1.8369701987210297e-16,1,1.0
SKU045,2024-09-29,178,,152.0,154.0,158.0,,155.75,161.375,3.304037933599858,9,3,39,-1.0,-1.8369701987210297e-16,1,1.0
SKU045,2024-10-06,139,,178.0,152.0,159.0,,160.75,162.125,11.870832602082587,10,4,40,-0.8660254037844386,0.5000000000000001,0,1.0
SKU045,2024-10-13,131,,139.0,178.0,154.0,,155.75,158.375,16.255768207008863,10,4,41,-0.8660254037844386,0.5000000000000001,0,0.0
SKU045,2024-10-20,142,,131.0,139.0,152.0,,150.0,150.125,20.575065816014625,10,4,42,-0.8660254037844386,0.5000000000000001,0,0.0
SKU045,2024-10-27,173,,142.0,131.0,178.0,,147.5,151.625,20.856653614614217,10,4,43,-0.8660254037844386,0.5000000000000001,0,0.0
SKU045,2024-11-03,145,,173.0,142.0,139.0,,146.25,153.5,18.427786989579992,11,4,44,-0.5000000000000004,0.8660254037844384,1,0.0
SKU045,2024-11-10,143,,145.0,173.0,131.0,,147.75,151.75,17.876893839068735,11,4,45,-0.5000000000000004,0.8660254037844384,1,1.0
SKU045,2024-11-17,170,,143.0,145.0,142.0,,150.75,150.375,14.885675440951061,11,4,46,-0.5000000000000004,0.8660254037844384,1,1.0
SKU045,2024-11-24,162,,170.0,143.0,173.0,,157.75,152.625,15.945218719101986,11,4,47,-0.5000000000000004,0.8660254037844384,1,1.0
SKU045,2024-12-01,161,,162.0,170.0,145.0,,155.0,150.625,13.140268896284693,12,4,48,-2.4492935982947064e-16,1.0,1,1.0
SKU045,2024-12-08,151,,161.0,162.0,143.0,,159.0,153.375,11.401754250991392,12,4,49,-2.4492935982947064e-16,1.0,0,1.0
SKU045,2024-12-15,149,,151.0,161.0,170.0,,161.0,155.875,7.788880963698631,12,4,50,-2.4492935982947064e-16,1.0,0,0.0
SKU045,2024-12-22,159,,149.0,151.0,162.0,,155.75,156.75,6.701989754294385,12,4,51,-2.4492935982947064e-16,1.0,0,0.0
SKU045,2024-12-29,190,,159.0,149.0,161.0,,155.0,155.0,5.887840577551918,12,4,52,-2.4492935982947064e-16,1.0,0,0.0
SKU045,2025-01-05,162,170.0,190.0,159.0,151.0,170.0,162.25,160.625,18.997806890972097,1,1,1,0.49999999999999994,0.8660254037844387,0,0.0
SKU045,2025-01-12,169,157.0,162.0,190.0,149.0,157.0,165.0,163.0,17.568911937472592,1,1,2,0.49999999999999994,0.8660254037844387,0,0.0
SKU045,2025-01-19,145,160.0,169.0,162.0,159.0,160.0,170.0,162.875,13.976170195491092,1,1,3,0.49999999999999994,0.8660254037844387,0,0.0
SKU045,2025-01-26,184,169.0,145.0,169.0,190.0,169.0,166.5,160.75,18.62793601019716,1,1,4,0.49999999999999994,0.8660254037844387,0,0.0
SKU045,2025-02-02,184,191.0,184.0,145.0,162.0,191.0,165.0,163.625,16.18641405623865,2,1,5,0.8660254037844386,0.5000000000000001,0,0.0
SKU045,2025-02-09,179,204.0,184.0,184.0,169.0,204.0,170.5,167.75,18.41195263952197,2,1,6,0.8660254037844386,0.5000000000000001,0,0.0
SKU045,2025-02-16,202,189.0,179.0,184.0,145.0,189.0,173.0,171.5,18.814887722226782,2,1,7,0.8660254037844386,0.5000000000000001,0,0.0
SKU045,2025-02-23,202,181.0,202.0,179.0,184.0,181.0,187.25,176.875,10.111874208078344,2,1,8,0.8660254037844386,0.5000000000000001,0,0.0
SKU045,2025-03-02,218,223.0,202.0,202.0,184.0,223.0,191.75,178.375,12.010412149464313,3,1,9,1.0,6.123233995736766e-17,1,0.0
SKU045,2025-03-09,240,212.0,218.0,202.0,179.0,212.0,200.25,185.375,16.04940289647354,3,1,10,1.0,6.123233995736766e-17,1,1.0
SKU045,2025-03-16,226,200.0,240.0,218.0,202.0,200.0,215.5,194.25,17.990738358018174,3,1,11,1.0,6.123233995736766e-17,1,1.0
SKU045,2025-03-23,223,223.0,226.0,240.0,202.0,223.0,221.5,204.375,15.864005379054387,3,1,12,1.0,6.123233995736766e-17,1,1.0
SKU045,2025-03-30,211,218.0,223.0,226.0,218.0,218.0,226.75,209.25,9.42956343987708,3,1,13,1.0,6.123233995736766e-17,1,1.0
SKU045,2025-04-06,205,186.0,211.0,223.0,240.0,186.0,225.0,212.625,11.916375287812977,4,2,14,0.8660254037844387,-0.4999999999999998,0,1.0
SKU045,2025-04-13,233,219.0,205.0,211.0,226.0,219.0,216.25,215.875,9.912113800799494,4,2,15,0.8660254037844387,-0.4999999999999998,0,0.0
SKU045,2025-04-20,216,212.0,233.0,205.0,223.0,212.0,218.0,219.75,12.489995996796788,4,2,16,0.8660254037844387,-0.4999999999999998,0,0.0
SKU045,2025-04-27,186,213.0,216.0,233.0,211.0,213.0,216.25,221.5,12.038133853162892,4,2,17,0.8660254037844387,-0.4999999999999998,0,0.0
SKU045,2025-05-04,186,209.0,186.0,216.0,205.0,209.0,210.0,217.5,19.714630776828322,5,2,18,0.49999999999999994,-0.8660254037844387,0,0.0
SKU045,2025-05-11,192,198.0,186.0,186.0,233.0,198.0,205.25,210.75,23.28626204439003,5,2,19,0.49999999999999994,-0.8660254037844387,0,0.0
SKU045,2025-05-18,209,213.0,192.0,186.0,216.0,213.0,195.0,206.5,14.282856857085688,5,2,20,0.49999999999999994,-0.8660254037844387,0,0.0
SKU045,2025-05-25,199,187.0,209.0,192.0,186.0,187.0,193.25,204.75,10.87428158546576,5,2,21,0.49999999999999994,-0.8660254037844387,0,0.0
SKU045,2025-06-01,231,230.0,199.0,209.0,186.0,230.0,196.5,203.25,9.882644720249049,6,2,22,1.2246467991473532e-16,-1.0,1,0.0
SKU045,2025-06-08,200,213.0,231.0,199.0,192.0,213.0,207.75,206.5,16.99754884289692,6,2,23,1.2246467991473532e-16,-1.0,1,1.0
SKU045,2025-06-15,221,239.0,200.0,231.0,209.0,239.0,209.75,202.375,14.863265679744353,6,2,24,1.2246467991473532e-16,-1.0,1,1.0
SKU045,2025-06-22,177,217.0,221.0,200.0,199.0,217.0,212.75,203.0,15.840349322747475,6,2,25,1.2246467991473532e-16,-1.0,1,1.0
SKU045,2025-06-29,207,204.0,177.0,221.0,231.0,204.0,207.25,201.875,23.94959985747848,6,2,26,1.2246467991473532e-16,-1.0,1,1.0
SKU045,2025-07-06,160,177.0,207.0,177.0,200.0,177.0,201.25,204.5,18.3734409769464,7,3,27,-0.4999999999999997,-0.8660254037844388,0,1.0
SKU045,2025-07-13,156,150.0,160.0,207.0,221.0,150.0,191.25,200.5,27.7653861249338,7,3,28,-0.4999999999999997,-0.8660254037844388,0,0.0
SKU045,2025-07-20,187,157.0,156.0,160.0,177.0,157.0,175.0,193.875,23.194827009486403,7,3,29,-0.4999999999999997,-0.8660254037844388,0,0.0
SKU045,2025-07-27,170,181.0,187.0,156.0,207.0,181.0,177.5,192.375,24.006943440041116,7,3,30,-0.4999999999999997,-0.8660254037844388,0,0.0
SKU045,2025-08-03,149,172.0,170.0,187.0,160.0,172.0,168.25,184.75,13.817259737975052,8,3,31,-0.8660254037844385,-0.5000000000000004,0,0.0
SKU045,2025-08-10,151,169.0,149.0,170.0,156.0,169.0,165.5,178.375,16.782927833565466,8,3,32,-0.8660254037844385,-0.5000000000000004,0,0.0
SKU045,2025-08-17,155,197.0,151.0,149.0,187.0,197.0,164.25,169.625,17.876893839068718,8,3,33,-0.8660254037844385,-0.5000000000000004,0,0.0
SKU045,2025-08-24,159,130.0,155.0,151.0,170.0,130.0,156.25,166.875,9.499999999999979,8,3,34,-0.8660254037844385,-0.5000000000000004,0,0.0
SKU045,2025-08-31,138,158.0,159.0,155.0,149.0,158.0,153.5,160.875,4.4347115652166424,8,3,35,-0.8660254037844385,-0.5000000000000004,0,0.0
SKU045,2025-09-07,163,159.0,138.0,159.0,151.0,159.0,150.75,158.125,9.105858919765133,9,3,36,-1.0,-1.8369701987210297e-16,1,0.0
SKU045,2025-09-14,171,154.0,163.0,138.0,155.0,154.0,153.75,159.0,10.99621146880444,9,3,37,-1.0,-1.8369701987210297e-16,1,1.0
SKU045,2025-09-21,147,152.0,171.0,163.0,159.0,152.0,157.75,157.0,14.080127840328709,9,3,38,-1.0,-1.8369701987210297e-16,1,1.0
SKU045,2025-09-28,162,178.0,147.0,171.0,138.0,178.0,154.75,154.125,14.974979131871923,9,3,39,-1.0,-1.8369701987210297e-16,1,1.0
SKU045,2025-10-05,142,139.0,162.0,147.0,163.0,139.0,160.75,155.75,10.012492197250369,10,4,40,-0.8660254037844386,0.5000000000000001,0,1.0
SKU045,2025-10-12,123,131.0,142.0,162.0,171.0,131.0,155.5,154.625,13.379088160259634,10,4,41,-0.8660254037844386,0.5000000000000001,0,0.0
SKU045,2025-10-19,120,142.0,123.0,142.0,147.0,142.0,143.5,150.625,16.093476939431067,10,4,42,-0.8660254037844386,0.5000000000000001,0,0.0
SKU045,2025-10-26,143,173.0,120.0,123.0,162.0,173.0,136.75,145.75,19.448650338776716,10,4,43,-0.8660254037844386,0.5000000000000001,0,0.0
SKU045,2025-11-02,143,145.0,143.0,120.0,142.0,145.0,132.0,146.375,12.19289410544791,11,4,44,-0.5000000000000004,0.8660254037844384,1,0.0
SKU045,2025-11-09,154,143.0,143.0,143.0,123.0,143.0,132.25,143.875,12.473304828045094,11,4,45,-0.5000000000000004,0.8660254037844384,1,1.0
SKU045,2025-11-16,150,170.0,154.0,143.0,120.0,170.0,140.0,141.75,14.306175822583278,11,4,46,-0.5000000000000004,0.8660254037844384,1,1.0
SKU045,2025-11-23,155,162.0,150.0,154.0,143.0,162.0,147.5,142.125,5.446711546122706,11,4,47,-0.5000000000000004,0.8660254037844384,1,1.0
SKU045,2025-11-30,164,161.0,155.0,150.0,143.0,161.0,150.5,141.25,5.446711546122706,11,4,48,-0.5000000000000004,0.8660254037844384,1,1.0
SKU045,2025-12-07,166,151.0,164.0,155.0,154.0,151.0,155.75,144.0,5.909032633745256,12,4,49,-2.4492935982947064e-16,1.0,0,1.0
SKU045,2025-12-14,152,149.0,166.0,164.0,150.0,149.0,158.75,149.375,7.5443135318374965,12,4,50,-2.4492935982947064e-16,1.0,0,0.0
SKU045,2025-12-21,123,159.0,152.0,166.0,155.0,159.0,159.25,153.375,6.800735254367699,12,4,51,-2.4492935982947064e-16,1.0,0,0.0
SKU045,2025-12-28,157,190.0,123.0,152.0,164.0,190.0,151.25,150.875,19.822125684867057,12,4,52,-2.4492935982947064e-16,1.0,0,0.0
SKU046,2024-01-07,63,,,,,,,,,1,1,1,0.49999999999999994,0.8660254037844387,0,
SKU046,2024-01-14,45,,63.0,,,,,,,1,1,2,0.49999999999999994,0.8660254037844387,0,0.0
SKU046,2024-01-21,52,,45.0,63.0,,,,,,1,1,3,0.49999999999999994,0.8660254037844387,0,0.0
SKU046,2024-01-28,50,,52.0,45.0,,,,,,1,1,4,0.49999999999999994,0.8660254037844387,0,0.0
SKU046,2024-02-04,73,,50.0,52.0,63.0,,52.5,,7.5938571665963455,2,1,5,0.8660254037844386,0.5000000000000001,0,0.0
SKU046,2024-02-11,69,,73.0,50.0,45.0,,55.0,,12.355835328567093,2,1,6,0.8660254037844386,0.5000000000000001,0,0.0
SKU046,2024-02-18,73,,69.0,73.0,52.0,,61.0,,11.69045194450012,2,1,7,0.8660254037844386,0.5000000000000001,0,0.0
SKU046,2024-02-25,66,,73.0,69.0,50.0,,66.25,,10.996211468804455,2,1,8,0.8660254037844386,0.5000000000000001,0,0.0
SKU046,2024-03-03,69,,66.0,73.0,73.0,,70.25,61.375,3.4034296427770165,3,1,9,1.0,6.123233995736766e-17,1,0.0
SKU046,2024-03-10,90,,69.0,66.0,69.0,,69.25,62.125,2.872281323269006,3,1,10,1.0,6.123233995736766e-17,1,1.0
SKU046,2024-03-17,93,,90.0,69.0,73.0,,74.5,67.75,10.723805294763608,3,1,11,1.0,6.123233995736766e-17,1,1.0
SKU046,2024-03-24,86,,93.0,90.0,66.0,,79.5,72.875,13.96424004376894,3,1,12,1.0,6.123233995736766e-17,1,1.0
SKU046,2024-03-31,80,,86.0,93.0,69.0,,84.5,77.375,10.723805294763608,3,1,13,1.0,6.123233995736766e-17,1,1.0
SKU046,2024-04-07,75,,80.0,86.0,90.0,,87.25,78.25,5.61990510002912,4,2,14,0.8660254037844387,-0.4999999999999998,0,1.0
SKU046,2024-04-14,68,,75.0,80.0,93.0,,83.5,79.0,7.767453465154026,4,2,15,0.8660254037844387,-0.4999999999999998,0,0.0
SKU046,2024-04-21,72,,68.0,75.0,86.0,,77.25,78.375,7.63216876123687,4,2,16,0.8660254037844387,-0.4999999999999998,0,0.0
SKU046,2024-04-28,87,,72.0,68.0,80.0,,73.75,79.125,5.057996968497831,4,2,17,0.8660254037844387,-0.4999999999999998,0,0.0
SKU046,2024-05-05,70,,87.0,72.0,75.0,,75.5,81.375,8.185352771872445,5,2,18,0.49999999999999994,-0.8660254037844387,0,0.0
SKU046,2024-05-12,73,,70.0,87.0,68.0,,74.25,78.875,8.655441448399186,5,2,19,0.49999999999999994,-0.8660254037844387,0,0.0
SKU046,2024-05-19,78,,73.0,70.0,72.0,,75.5,76.375,7.767453465154024,5,2,20,0.49999999999999994,-0.8660254037844387,0,0.0
SKU046,2024-05-26,76,,78.0,73.0,87.0,,77.0,75.375,7.438637868140461,5,2,21,0.49999999999999994,-0.8660254037844387,0,0.0
SKU046,2024-06-02,80,,76.0,78.0,70.0,,74.25,74.875,3.499999999999991,6,2,22,1.2246467991473532e-16,-1.0,1,0.0
SKU046,2024-06-09,67,,80.0,76.0,73.0,,76.75,75.5,2.9860788111948073,6,2,23,1.2246467991473532e-16,-1.0,1,1.0
SKU046,2024-06-16,76,,67.0,80.0,78.0,,75.25,75.375,5.737304826019495,6,2,24,1.2246467991473532e-16,-1.0,1,1.0
SKU046,2024-06-23,64,,76.0,67.0,76.0,,74.75,75.875,5.499999999999993,6,2,25,1.2246467991473532e-16,-1.0,1,1.0
SKU046,2024-06-30,65,,64.0,76.0,80.0,,71.75,73.0,7.499999999999994,6,2,26,1.2246467991473532e-16,-1.0,1,1.0
SKU046,2024-07-07,63,,65.0,64.0,67.0,,68.0,72.375,5.477225575051652,7,3,27,-0.4999999999999997,-0.8660254037844388,0,1.0
SKU046,2024-07-14,58,,63.0,65.0,76.0,,67.0,71.125,6.055300708194975,7,3,28,-0.4999999999999997,-0.8660254037844388,0,0.0
SKU046,2024-07-21,60,,58.0,63.0,64.0,,62.5,68.625,3.109126351029589,7,3,29,-0.4999999999999997,-0.8660254037844388,0,0.0
SKU046,2024-07-28,69,,60.0,58.0,65.0,,61.5,66.625,3.109126351029589,7,3,30,-0.4999999999999997,-0.8660254037844388,0,0.0
SKU046,2024-08-04,62,,69.0,60.0,63.0,,62.5,65.25,4.7958315233127085,8,3,31,-0.8660254037844385,-0.5000000000000004,0,0.0
SKU046,2024-08-11,73,,62.0,69.0,58.0,,62.25,64.625,4.78713553878168,8,3,32,-0.8660254037844385,-0.5000000000000004,0,0.0
SKU046,2024-08-18,59,,73.0,62.0,60.0,,66.0,64.25,6.0553007081949755,8,3,33,-0.8660254037844385,-0.5000000000000004,0,0.0
SKU046,2024-08-25,60,,59.0,73.0,69.0,,65.75,63.625,6.396613687465155,8,3,34,-0.8660254037844385,-0.5000000000000004,0,0.0
SKU046,2024-09-01,55,,60.0,59.0,62.0,,63.5,63.0,6.454972243679022,9,3,35,-1.0,-1.8369701987210297e-16,1,0.0
SKU046,2024-09-08,60,,55.0,60.0,73.0,,61.75,62.0,7.804912982645392,9,3,36,-1.0,-1.8369701987210297e-16,1,1.0
SKU046,2024-09-15,56,,60.0,55.0,59.0,,58.5,62.25,2.380476142847599,9,3,37,-1.0,-1.8369701987210297e-16,1,1.0
SKU046,2024-09-22,54,,56.0,60.0,60.0,,57.75,61.75,2.6299556396765675,9,3,38,-1.0,-1.8369701987210297e-16,1,1.0
SKU046,2024-09-29,56,,54.0,56.0,55.0,,56.25,59.875,2.6299556396765675,9,3,39,-1.0,-1.8369701987210297e-16,1,1.0
SKU046,2024-10-06,54,,56.0,54.0,60.0,,56.5,59.125,2.516611478423567,10,4,40,-0.8660254037844386,0.5000000000000001,0,1.0
SKU046,2024-10-13,60,,54.0,56.0,56.0,,55.0,56.75,1.1547005383792177,10,4,41,-0.8660254037844386,0.5000000000000001,0,0.0
SKU046,2024-10-20,42,,60.0,54.0,54.0,,56.0,56.875,2.828427124746177,10,4,42,-0.8660254037844386,0.5000000000000001,0,0.0
SKU046,2024-10-27,40,,42.0,60.0,56.0,,53.0,54.625,7.745966692414829,10,4,43,-0.8660254037844386,0.5000000000000001,0,0.0
SKU046,2024-11-03,55,,40.0,42.0,54.0,,49.0,52.75,9.591663046625435,11,4,44,-0.5000000000000004,0.8660254037844384,1,0.0
SKU046,2024-11-10,56,,55.0,40.0,60.0,,49.25,52.125,9.776672917374972,11,4,45,-0.5000000000000004,0.8660254037844384,1,1.0
SKU046,2024-11-17,69,,56.0,55.0,42.0,,48.25,52.125,8.421203397773182,11,4,46,-0.5000000000000004,0.8660254037844384,1,1.0
SKU046,2024-11-24,60,,69.0,56.0,40.0,,55.0,54.0,11.860297916438128,11,4,47,-0.5000000000000004,0.8660254037844384,1,1.0
SKU046,2024-12-01,48,,60.0,69.0,55.0,,60.0,54.5,6.377042156569658,12,4,48,-2.4492935982947064e-16,1.0,1,1.0
SKU046,2024-12-08,51,,48.0,60.0,56.0,,58.25,53.75,8.732124598286486,12,4,49,-2.4492935982947064e-16,1.0,0,1.0
SKU046,2024-12-15,63,,51.0,48.0,69.0,,57.0,52.625,9.486832980505135,12,4,50,-2.4492935982947064e-16,1.0,0,0.0
SKU046,2024-12-22,59,,63.0,51.0,60.0,,55.5,55.25,7.141428428542844,12,4,51,-2.4492935982947064e-16,1.0,0,0.0
SKU046,2024-12-29,66,,59.0,63.0,48.0,,55.25,57.625,6.946221994724897,12,4,52,-2.4492935982947064e-16,1.0,0,0.0
SKU046,2025-01-05,56,63.0,66.0,59.0,51.0,63.0,59.75,59.0,6.499999999999995,1,1,1,0.49999999999999994,0.8660254037844387,0,0.0
SKU046,2025-01-12,72,45.0,56.0,66.0,63.0,45.0,61.0,59.0,4.396968652757632,1,1,2,0.49999999999999994,0.8660254037844387,0,0.0
SKU046,2025-01-19,66,52.0,72.0,56.0,59.0,52.0,63.25,59.375,7.182153808805077,1,1,3,0.49999999999999994,0.8660254037844387,0,0.0
SKU046,2025-01-26,60,50.0,66.0,72.0,66.0,50.0,65.0,60.125,6.633249580710793,1,1,4,0.49999999999999994,0.8660254037844387,0,0.0
SKU046,2025-02-02,66,73.0,60.0,66.0,56.0,73.0,63.5,61.625,6.999999999999996,2,1,5,0.8660254037844386,0.5000000000000001,0,0.0
SKU046,2025-02-09,76,69.0,66.0,60.0,72.0,69.0,66.0,63.5,4.8989794855663495,2,1,6,0.8660254037844386,0.5000000000000001,0,0.0
SKU046,2025-02-16,64,73.0,76.0,66.0,66.0,73.0,67.0,65.125,6.633249580710795,2,1,7,0.8660254037844386,0.5000000000000001,0,0.0
SKU046,2025-02-23,70,66.0,64.0,76.0,60.0,66.0,66.5,65.75,6.80685928555404,2,1,8,0.8660254037844386,0.5000000000000001,0,0.0
SKU046,2025-03-02,88,69.0,70.0,64.0,66.0,69.0,69.0,66.25,5.2915026221291726,3,1,9,1.0,6.123233995736766e-17,1,0.0
SKU046,2025-03-09,76,90.0,88.0,70.0,76.0,90.0,74.5,70.25,10.246950765959593,3,1,10,1.0,6.123233995736766e-17,1,1.0
SKU046,2025-03-16,77,93.0,76.0,88.0,64.0,93.0,74.5,70.75,10.246950765959593,3,1,11,1.0,6.123233995736766e-17,1,1.0
SKU046,2025-03-23,71,86.0,77.0,76.0,70.0,86.0,77.75,72.125,7.499999999999994,3,1,12,1.0,6.123233995736766e-17,1,1.0
SKU046,2025-03-30,70,80.0,71.0,77.0,88.0,80.0,78.0,73.5,7.164728420068219,3,1,13,1.0,6.123233995736766e-17,1,1.0
SKU046,2025-04-06,73,75.0,70.0,71.0,76.0,75.0,73.5,74.0,3.511884584284236,4,2,14,0.8660254037844387,-0.4999999999999998,0,1.0
SKU046,2025-04-13,59,68.0,73.0,70.0,77.0,68.0,72.75,73.625,3.0956959368344403,4,2,15,0.8660254037844387,-0.4999999999999998,0,0.0
SKU046,2025-04-20,78,72.0,59.0,73.0,71.0,72.0,68.25,73.0,6.2915286960589505,4,2,16,0.8660254037844387,-0.4999999999999998,0,0.0
SKU046,2025-04-27,79,87.0,78.0,59.0,70.0,87.0,70.0,74.0,8.041558721209874,4,2,17,0.8660254037844387,-0.4999999999999998,0,0.0
SKU046,2025-05-04,81,70.0,79.0,78.0,73.0,70.0,72.25,72.875,9.215023964519386,5,2,18,0.49999999999999994,-0.8660254037844387,0,0.0
SKU046,2025-05-11,60,73.0,81.0,79.0,59.0,73.0,74.25,73.5,10.242883708539631,5,2,19,0.49999999999999994,-0.8660254037844387,0,0.0
SKU046,2025-05-18,78,78.0,60.0,81.0,78.0,78.0,74.5,71.375,9.74679434480896,5,2,20,0.49999999999999994,-0.8660254037844387,0,0.0
SKU046,2025-05-25,67,76.0,78.0,60.0,79.0,76.0,74.5,72.25,9.74679434480896,5,2,21,0.49999999999999994,-0.8660254037844387,0,0.0
SKU046,2025-06-01,77,80.0,67.0,78.0,81.0,80.0,71.5,71.875,9.74679434480896,6,2,22,1.2246467991473532e-16,-1.0,1,0.0
SKU046,2025-06-08,75,67.0,77.0,67.0,60.0,67.0,70.5,72.375,8.582928793055817,6,2,23,1.2246467991473532e-16,-1.0,1,1.0
SKU046,2025-06-15,66,76.0,75.0,77.0,78.0,76.0,74.25,74.375,4.9916597106239715,6,2,24,1.2246467991473532e-16,-1.0,1,1.0
SKU046,2025-06-22,58,64.0,66.0,75.0,67.0,64.0,71.25,72.875,5.560275772537419,6,2,25,1.2246467991473532e-16,-1.0,1,1.0
SKU046,2025-06-29,79,65.0,58.0,66.0,77.0,65.0,69.0,70.25,8.755950357709127,6,2,26,1.2246467991473532e-16,-1.0,1,1.0
SKU046,2025-07-06,55,63.0,79.0,58.0,75.0,63.0,69.5,70.0,9.398581453247786,7,3,27,-0.4999999999999997,-0.8660254037844388,0,1.0
SKU046,2025-07-13,78,58.0,55.0,79.0,66.0,58.0,64.5,69.375,10.723805294763606,7,3,28,-0.4999999999999997,-0.8660254037844388,0,0.0
SKU046,2025-07-20,74,60.0,78.0,55.0,58.0,60.0,67.5,69.375,12.767145334803702,7,3,29,-0.4999999999999997,-0.8660254037844388,0,0.0
SKU046,2025-07-27,78,69.0,74.0,78.0,79.0,69.0,71.5,70.25,11.210114480533488,7,3,30,-0.4999999999999997,-0.8660254037844388,0,0.0
SKU046,2025-08-03,51,62.0,78.0,74.0,55.0,62.0,71.25,70.375,10.996211468804454,8,3,31,-0.8660254037844385,-0.5000000000000004,0,0.0
SKU046,2025-08-10,69,73.0,51.0,78.0,78.0,73.0,70.25,67.375,12.971121771072845,8,3,32,-0.8660254037844385,-0.5000000000000004,0,0.0
SKU046,2025-08-17,64,59.0,69.0,51.0,74.0,59.0,68.0,67.75,11.916375287812981,8,3,33,-0.8660254037844385,-0.5000000000000004,0,0.0
SKU046,2025-08-24,54,60.0,64.0,69.0,78.0,60.0,65.5,68.5,11.269427669584642,8,3,34,-0.8660254037844385,-0.5000000000000004,0,0.0
SKU046,2025-08-31,58,55.0,54.0,64.0,51.0,55.0,59.5,65.375,8.426149773176354,8,3,35,-0.8660254037844385,-0.5000000000000004,0,0.0
SKU046,2025-09-07,53,60.0,58.0,54.0,69.0,60.0,61.25,65.75,6.601767440112781,9,3,36,-1.0,-1.8369701987210297e-16,1,0.0
SKU046,2025-09-14,56,56.0,53.0,58.0,64.0,56.0,57.25,62.625,4.991659710623971,9,3,37,-1.0,-1.8369701987210297e-16,1,1.0
SKU046,2025-09-21,61,54.0,56.0,53.0,54.0,54.0,55.25,60.375,2.217355782608326,9,3,38,-1.0,-1.8369701987210297e-16,1,1.0
SKU046,2025-09-28,73,56.0,61.0,56.0,58.0,56.0,57.0,58.25,3.3665016461206805,9,3,39,-1.0,-1.8369701987210297e-16,1,1.0
SKU046,2025-10-05,62,54.0,73.0,61.0,53.0,54.0,60.75,61.0,8.808140174482538,10,4,40,-0.8660254037844386,0.5000000000000001,0,1.0
SKU046,2025-10-12,47,60.0,62.0,73.0,56.0,60.0,63.0,60.125,7.164728420068221,10,4,41,-0.8660254037844386,0.5000000000000001,0,0.0
SKU046,2025-10-19,40,42.0,47.0,62.0,61.0,42.0,60.75,58.0,10.657548185832107,10,4,42,-0.8660254037844386,0.5000000000000001,0,0.0
SKU046,2025-10-26,50,40.0,40.0,47.0,73.0,40.0,55.5,56.25,14.843629385474877,10,4,43,-0.8660254037844386,0.5000000000000001,0,0.0
SKU046,2025-11-02,64,55.0,50.0,40.0,62.0,55.0,49.75,55.25,9.178779875342904,11,4,44,-0.5000000000000004,0.8660254037844384,1,0.0
SKU046,2025-11-09,49,56.0,64.0,50.0,47.0,56.0,50.25,56.625,10.078855755160566,11,4,45,-0.5000000000000004,0.8660254037844384,1,1.0
SKU046,2025-11-16,56,69.0,49.0,64.0,40.0,69.0,50.75,55.75,9.912113800799501,11,4,46,-0.5000000000000004,0.8660254037844384,1,1.0
SKU046,2025-11-23,53,60.0,56.0,49.0,50.0,60.0,54.75,55.125,6.89806736219162,11,4,47,-0.5000000000000004,0.8660254037844384,1,1.0
SKU046,2025-11-30,52,48.0,53.0,56.0,64.0,48.0,55.5,52.625,6.350852961085877,11,4,48,-0.5000000000000004,0.8660254037844384,1,1.0
SKU046,2025-12-07,56,51.0,52.0,53.0,49.0,51.0,52.5,51.375,2.8867513459481127,12,4,49,-2.4492935982947064e-16,1.0,0,1.0
SKU046,2025-12-14,66,63.0,56.0,52.0,56.0,63.0,54.25,52.5,2.0615528128088085,12,4,50,-2.4492935982947064e-16,1.0,0,0.0
SKU046,2025-12-21,57,59.0,66.0,56.0,53.0,59.0,56.75,55.75,6.396613687465156,12,4,51,-2.4492935982947064e-16,1.0,0,0.0
SKU046,2025-12-28,58,66.0,57.0,66.0,52.0,66.0,57.75,56.625,5.909032633745271,12,4,52,-2.4492935982947064e-16,1.0,0,0.0
SKU047,2024-01-07,109,,,,,,,,,1,1,1,0.49999999999999994,0.8660254037844387,0,
SKU047,2024-01-14,89,,109.0,,,,,,,1,1,2,0.49999999999999994,0.8660254037844387,0,0.0
SKU047,2024-01-21,118,,89.0,109.0,,,,,,1,1,3,0.49999999999999994,0.8660254037844387,0,0.0
SKU047,2024-01-28,96,,118.0,89.0,,,,,,1,1,4,0.49999999999999994,0.8660254037844387,0,0.0
SKU047,2024-02-04,104,,96.0,118.0,109.0,,103.0,,12.987173159185438,2,1,5,0.8660254037844386,0.5000000000000001,0,0.0
SKU047,2024-02-11,113,,104.0,96.0,89.0,,101.75,,12.446552400832395,2,1,6,0.8660254037844386,0.5000000000000001,0,0.0
SKU047,2024-02-18,124,,113.0,104.0,118.0,,107.75,,9.74251849711699,2,1,7,0.8660254037844386,0.5000000000000001,0,0.0
SKU047,2024-02-25,99,,124.0,113.0,96.0,,109.25,,12.038133853162902,2,1,8,0.8660254037844386,0.5000000000000001,0,0.0
SKU047,2024-03-03,105,,99.0,124.0,104.0,,110.0,106.5,10.984838035522722,3,1,9,1.0,6.123233995736766e-17,1,0.0
SKU047,2024-03-10,149,,105.0,99.0,113.0,,110.25,106.0,10.812801055539063,3,1,10,1.0,6.123233995736766e-17,1,1.0
SKU047,2024-03-17,132,,149.0,105.0,124.0,,119.25,113.5,22.51480994071828,3,1,11,1.0,6.123233995736766e-17,1,1.0
SKU047,2024-03-24,135,,132.0,149.0,99.0,,121.25,115.25,23.414738947936193,3,1,12,1.0,6.123233995736766e-17,1,1.0
SKU047,2024-03-31,123,,135.0,132.0,105.0,,130.25,120.125,18.391574157749524,3,1,13,1.0,6.123233995736766e-17,1,1.0
SKU047,2024-04-07,123,,123.0,135.0,149.0,,134.75,122.5,10.78192932642392,4,2,14,0.8660254037844387,-0.4999999999999998,0,1.0
SKU047,2024-04-14,95,,123.0,123.0,132.0,,128.25,123.75,6.184658438426506,4,2,15,0.8660254037844387,-0.4999999999999998,0,0.0
SKU047,2024-04-21,129,,95.0,123.0,135.0,,119.0,120.125,16.970562748477146,4,2,16,0.8660254037844387,-0.4999999999999998,0,0.0
SKU047,2024-04-28,130,,129.0,95.0,123.0,,117.5,123.875,15.264337522473754,4,2,17,0.8660254037844387,-0.4999999999999998,0,0.0
SKU047,2024-05-05,123,,130.0,129.0,123.0,,119.25,127.0,16.459546368799685,5,2,18,0.49999999999999994,-0.8660254037844387,0,0.0
SKU047,2024-05-12,112,,123.0,130.0,95.0,,119.25,123.75,16.459546368799685,5,2,19,0.49999999999999994,-0.8660254037844387,0,0.0
SKU047,2024-05-19,102,,112.0,123.0,129.0,,123.5,121.25,8.266397845091507,5,2,20,0.49999999999999994,-0.8660254037844387,0,0.0
SKU047,2024-05-26,127,,102.0,112.0,130.0,,116.75,117.125,12.311918344975066,5,2,21,0.49999999999999994,-0.8660254037844387,0,0.0
SKU047,2024-06-02,132,,127.0,102.0,123.0,,116.0,117.625,11.284207253207182,6,2,22,1.2246467991473532e-16,-1.0,1,0.0
SKU047,2024-06-09,113,,132.0,127.0,112.0,,118.25,118.75,13.768926368215263,6,2,23,1.2246467991473532e-16,-1.0,1,1.0
SKU047,2024-06-16,102,,113.0,132.0,102.0,,118.5,121.0,13.625955623979806,6,2,24,1.2246467991473532e-16,-1.0,1,1.0
SKU047,2024-06-23,133,,102.0,113.0,127.0,,118.5,117.625,13.625955623979806,6,2,25,1.2246467991473532e-16,-1.0,1,1.0
SKU047,2024-06-30,128,,133.0,102.0,132.0,,120.0,118.0,15.121728296285015,6,2,26,1.2246467991473532e-16,-1.0,1,1.0
SKU047,2024-07-07,119,,128.0,133.0,113.0,,119.0,118.625,14.16568624058386,7,3,27,-0.4999999999999997,-0.8660254037844388,0,1.0
SKU047,2024-07-14,84,,119.0,128.0,102.0,,120.5,119.5,13.625955623979806,7,3,28,-0.4999999999999997,-0.8660254037844388,0,0.0
SKU047,2024-07-21,102,,84.0,119.0,133.0,,116.0,117.25,22.105806175452344,7,3,29,-0.4999999999999997,-0.8660254037844388,0,0.0
SKU047,2024-07-28,108,,102.0,84.0,128.0,,108.25,114.125,19.431503630273532,7,3,30,-0.4999999999999997,-0.8660254037844388,0,0.0
SKU047,2024-08-04,99,,108.0,102.0,119.0,,103.25,111.125,14.637281168304453,8,3,31,-0.8660254037844385,-0.5000000000000004,0,0.0
SKU047,2024-08-11,93,,99.0,108.0,84.0,,98.25,109.375,10.210288928331076,8,3,32,-0.8660254037844385,-0.5000000000000004,0,0.0
SKU047,2024-08-18,66,,93.0,99.0,102.0,,100.5,108.25,6.24499799839841,8,3,33,-0.8660254037844385,-0.5000000000000004,0,0.0
SKU047,2024-08-25,101,,66.0,93.0,108.0,,91.5,99.875,18.083141320025128,8,3,34,-0.8660254037844385,-0.5000000000000004,0,0.0
SKU047,2024-09-01,110,,101.0,66.0,99.0,,89.75,96.5,16.194134740701653,9,3,35,-1.0,-1.8369701987210297e-16,1,0.0
SKU047,2024-09-08,96,,110.0,101.0,93.0,,92.5,95.375,18.982448033205134,9,3,36,-1.0,-1.8369701987210297e-16,1,1.0
SKU047,2024-09-15,75,,96.0,110.0,66.0,,93.25,96.875,19.06786126793809,9,3,37,-1.0,-1.8369701987210297e-16,1,1.0
SKU047,2024-09-22,94,,75.0,96.0,101.0,,95.5,93.5,14.843629385474884,9,3,38,-1.0,-1.8369701987210297e-16,1,1.0
SKU047,2024-09-29,115,,94.0,75.0,110.0,,93.75,91.75,14.384598244882158,9,3,39,-1.0,-1.8369701987210297e-16,1,1.0
SKU047,2024-10-06,75,,115.0,94.0,96.0,,95.0,93.75,16.35033129124097,10,4,40,-0.8660254037844386,0.5000000000000001,0,1.0
SKU047,2024-10-13,93,,75.0,115.0,75.0,,89.75,91.5,19.06786126793809,10,4,41,-0.8660254037844386,0.5000000000000001,0,0.0
SKU047,2024-10-20,84,,93.0,75.0,94.0,,94.25,94.875,16.3579746097533,10,4,42,-0.8660254037844386,0.5000000000000001,0,0.0
SKU047,2024-10-27,79,,84.0,93.0,115.0,,91.75,92.75,17.153716798408446,10,4,43,-0.8660254037844386,0.5000000000000001,0,0.0
SKU047,2024-11-03,93,,79.0,84.0,75.0,,82.75,88.875,7.762087348130022,11,4,44,-0.5000000000000004,0.8660254037844384,1,0.0
SKU047,2024-11-10,93,,93.0,79.0,93.0,,87.25,88.5,6.946221994724914,11,4,45,-0.5000000000000004,0.8660254037844384,1,1.0
SKU047,2024-11-17,82,,93.0,93.0,84.0,,87.25,90.75,6.946221994724914,11,4,46,-0.5000000000000004,0.8660254037844384,1,1.0
SKU047,2024-11-24,85,,82.0,93.0,79.0,,86.75,89.25,7.320063751999261,11,4,47,-0.5000000000000004,0.8660254037844384,1,1.0
SKU047,2024-12-01,78,,85.0,82.0,93.0,,88.25,85.5,5.619905100029137,12,4,48,-2.4492935982947064e-16,1.0,1,1.0
SKU047,2024-12-08,78,,78.0,85.0,93.0,,84.5,85.875,6.350852961085898,12,4,49,-2.4492935982947064e-16,1.0,0,1.0
SKU047,2024-12-15,85,,78.0,78.0,82.0,,80.75,84.0,3.4034296427770534,12,4,50,-2.4492935982947064e-16,1.0,0,0.0
SKU047,2024-12-22,92,,85.0,78.0,85.0,,81.5,84.125,4.041451884327406,12,4,51,-2.4492935982947064e-16,1.0,0,0.0
SKU047,2024-12-29,82,,92.0,85.0,78.0,,83.25,85.75,6.701989754294383,12,4,52,-2.4492935982947064e-16,1.0,0,0.0
SKU047,2025-01-05,114,109.0,82.0,92.0,78.0,109.0,84.25,84.375,5.909032633745297,1,1,1,0.49999999999999994,0.8660254037844387,0,0.0
SKU047,2025-01-12,110,89.0,114.0,82.0,85.0,89.0,93.25,87.0,14.453949863849221,1,1,2,0.49999999999999994,0.8660254037844387,0,0.0
SKU047,2025-01-19,84,118.0,110.0,114.0,92.0,118.0,99.5,90.5,15.088627063675043,1,1,3,0.49999999999999994,0.8660254037844387,0,0.0
SKU047,2025-01-26,90,96.0,84.0,110.0,82.0,96.0,97.5,90.375,16.84240679554638,1,1,4,0.49999999999999994,0.8660254037844387,0,0.0
SKU047,2025-02-02,99,104.0,90.0,84.0,114.0,104.0,99.5,91.875,14.730919862656243,2,1,5,0.8660254037844386,0.5000000000000001,0,0.0
SKU047,2025-02-09,108,113.0,99.0,90.0,110.0,113.0,95.75,94.5,11.324751652906137,2,1,6,0.8660254037844386,0.5000000000000001,0,0.0
SKU047,2025-02-16,104,124.0,108.0,99.0,84.0,124.0,95.25,97.375,10.500000000000014,2,1,7,0.8660254037844386,0.5000000000000001,0,0.0
SKU047,2025-02-23,105,99.0,104.0,108.0,90.0,99.0,100.25,98.875,7.76208734813003,2,1,8,0.8660254037844386,0.5000000000000001,0,0.0
SKU047,2025-03-02,107,105.0,105.0,104.0,99.0,105.0,104.0,101.75,3.7416573867739773,3,1,9,1.0,6.123233995736766e-17,1,0.0
SKU047,2025-03-09,146,149.0,107.0,105.0,108.0,149.0,106.0,100.875,1.825741858350625,3,1,10,1.0,6.123233995736766e-17,1,1.0
SKU047,2025-03-16,134,132.0,146.0,107.0,104.0,132.0,115.5,105.375,20.371548787463368,3,1,11,1.0,6.123233995736766e-17,1,1.0
SKU047,2025-03-23,128,135.0,134.0,146.0,105.0,135.0,123.0,111.625,20.248456731316594,3,1,12,1.0,6.123233995736766e-17,1,1.0
SKU047,2025-03-30,125,123.0,128.0,134.0,107.0,123.0,128.75,116.375,16.317168872080728,3,1,13,1.0,6.123233995736766e-17,1,1.0
SKU047,2025-04-06,114,123.0,125.0,128.0,146.0,123.0,133.25,119.625,9.28708781050337,4,2,14,0.8660254037844387,-0.4999999999999998,0,1.0
SKU047,2025-04-13,104,95.0,114.0,125.0,134.0,95.0,125.25,120.375,8.381527307120123,4,2,15,0.8660254037844387,-0.4999999999999998,0,0.0
SKU047,2025-04-20,110,129.0,104.0,114.0,128.0,129.0,117.75,120.375,10.965856099730667,4,2,16,0.8660254037844387,-0.4999999999999998,0,0.0
SKU047,2025-04-27,115,130.0,110.0,104.0,125.0,130.0,113.25,121.0,8.84590300647708,4,2,17,0.8660254037844387,-0.4999999999999998,0,0.0
SKU047,2025-05-04,122,123.0,115.0,110.0,114.0,123.0,110.75,122.0,4.991659710624003,5,2,18,0.49999999999999994,-0.8660254037844387,0,0.0
SKU047,2025-05-11,112,112.0,122.0,115.0,104.0,112.0,112.75,119.0,7.632168761236889,5,2,19,0.49999999999999994,-0.8660254037844387,0,0.0
SKU047,2025-05-18,103,102.0,112.0,122.0,110.0,102.0,114.75,116.25,5.2519837521962645,5,2,20,0.49999999999999994,-0.8660254037844387,0,0.0
SKU047,2025-05-25,114,127.0,103.0,112.0,115.0,127.0,113.0,113.125,7.8740078740118244,5,2,21,0.49999999999999994,-0.8660254037844387,0,0.0
SKU047,2025-06-01,122,132.0,114.0,103.0,122.0,132.0,112.75,111.75,7.80491298264541,6,2,22,1.2246467991473532e-16,-1.0,1,0.0
SKU047,2025-06-08,123,113.0,122.0,114.0,112.0,113.0,112.75,112.75,7.80491298264541,6,2,23,1.2246467991473532e-16,-1.0,1,1.0
SKU047,2025-06-15,125,102.0,123.0,122.0,103.0,102.0,115.5,115.125,9.255628917943225,6,2,24,1.2246467991473532e-16,-1.0,1,1.0
SKU047,2025-06-22,133,133.0,125.0,123.0,114.0,133.0,121.0,117.0,4.830458915396498,6,2,25,1.2246467991473532e-16,-1.0,1,1.0
SKU047,2025-06-29,110,128.0,133.0,125.0,122.0,128.0,125.75,119.25,4.991659710624,6,2,26,1.2246467991473532e-16,-1.0,1,1.0
SKU047,2025-07-06,110,119.0,110.0,133.0,123.0,119.0,122.75,117.75,9.535023160258547,7,3,27,-0.4999999999999997,-0.8660254037844388,0,1.0
SKU047,2025-07-13,106,84.0,110.0,110.0,125.0,84.0,119.5,117.5,11.445523142259606,7,3,28,-0.4999999999999997,-0.8660254037844388,0,0.0
SKU047,2025-07-20,105,102.0,106.0,110.0,133.0,102.0,114.75,117.875,12.311918344975066,7,3,29,-0.4999999999999997,-0.8660254037844388,0,0.0
SKU047,2025-07-27,107,108.0,105.0,106.0,110.0,108.0,107.75,116.75,2.629955639676636,7,3,30,-0.4999999999999997,-0.8660254037844388,0,0.0
SKU047,2025-08-03,120,99.0,107.0,105.0,110.0,99.0,107.0,114.875,2.1602468994693504,8,3,31,-0.8660254037844385,-0.5000000000000004,0,0.0
SKU047,2025-08-10,95,93.0,120.0,107.0,106.0,93.0,109.5,114.5,7.047458170622011,8,3,32,-0.8660254037844385,-0.5000000000000004,0,0.0
SKU047,2025-08-17,101,66.0,95.0,120.0,105.0,66.0,106.75,110.75,10.275375094532249,8,3,33,-0.8660254037844385,-0.5000000000000004,0,0.0
SKU047,2025-08-24,86,101.0,101.0,95.0,107.0,101.0,105.75,106.75,10.688779163215989,8,3,34,-0.8660254037844385,-0.5000000000000004,0,0.0
SKU047,2025-08-31,92,110.0,86.0,101.0,120.0,110.0,100.5,103.75,14.38749456993817,8,3,35,-0.8660254037844385,-0.5000000000000004,0,0.0
SKU047,2025-09-07,103,96.0,92.0,86.0,95.0,96.0,93.5,101.5,6.244997998398422,9,3,36,-1.0,-1.8369701987210297e-16,1,0.0
SKU047,2025-09-14,78,75.0,103.0,92.0,101.0,75.0,95.5,101.125,7.937253933193791,9,3,37,-1.0,-1.8369701987210297e-16,1,1.0
SKU047,2025-09-21,87,94.0,78.0,103.0,86.0,94.0,89.75,97.75,10.531698185319735,9,3,38,-1.0,-1.8369701987210297e-16,1,1.0
SKU047,2025-09-28,94,115.0,87.0,78.0,92.0,115.0,90.0,95.25,10.42433051407461,9,3,39,-1.0,-1.8369701987210297e-16,1,1.0
SKU047,2025-10-05,77,75.0,94.0,87.0,103.0,75.0,90.5,92.0,10.598742063723114,10,4,40,-0.8660254037844386,0.5000000000000001,0,1.0
SKU047,2025-10-12,81,93.0,77.0,94.0,78.0,93.0,84.0,89.75,8.041558721209897,10,4,41,-0.8660254037844386,0.5000000000000001,0,0.0
SKU047,2025-10-19,76,84.0,81.0,77.0,87.0,84.0,84.75,87.25,7.41057802513859,10,4,42,-0.8660254037844386,0.5000000000000001,0,0.0
SKU047,2025-10-26,75,79.0,76.0,81.0,94.0,79.0,82.0,86.0,8.286535263104053,10,4,43,-0.8660254037844386,0.5000000000000001,0,0.0
SKU047,2025-11-02,101,93.0,75.0,76.0,77.0,93.0,77.25,83.875,2.629955639676641,11,4,44,-0.5000000000000004,0.8660254037844384,1,0.0
SKU047,2025-11-09,102,93.0,101.0,75.0,81.0,93.0,83.25,83.625,12.120918557051153,11,4,45,-0.5000000000000004,0.8660254037844384,1,1.0
SKU047,2025-11-16,101,82.0,102.0,101.0,76.0,82.0,88.5,86.625,15.022205785658343,11,4,46,-0.5000000000000004,0.8660254037844384,1,1.0
SKU047,2025-11-23,81,85.0,101.0,102.0,75.0,85.0,94.75,88.375,13.175102782647793,11,4,47,-0.5000000000000004,0.8660254037844384,1,1.0
SKU047,2025-11-30,90,78.0,81.0,101.0,101.0,78.0,96.25,86.75,10.1775897605147,11,4,48,-0.5000000000000004,0.8660254037844384,1,1.0
SKU047,2025-12-07,108,78.0,90.0,81.0,102.0,78.0,93.5,88.375,9.949874371066215,12,4,49,-2.4492935982947064e-16,1.0,0,1.0
SKU047,2025-12-14,86,85.0,108.0,90.0,101.0,85.0,95.0,91.75,11.916375287812999,12,4,50,-2.4492935982947064e-16,1.0,0,0.0
SKU047,2025-12-21,100,92.0,86.0,108.0,81.0,92.0,91.25,93.0,11.75797601630486,12,4,51,-2.4492935982947064e-16,1.0,0,0.0
SKU047,2025-12-28,88,82.0,100.0,86.0,90.0,82.0,96.0,96.125,9.933109617167574,12,4,52,-2.4492935982947064e-16,1.0,0,0.0
SKU048,2024-01-07,76,,,,,,,,,1,1,1,0.49999999999999994,0.8660254037844387,0,
SKU048,2024-01-14,51,,76.0,,,,,,,1,1,2,0.49999999999999994,0.8660254037844387,0,0.0
SKU048,2024-01-21,52,,51.0,76.0,,,,,,1,1,3,0.49999999999999994,0.8660254037844387,0,0.0
SKU048,2024-01-28,42,,52.0,51.0,,,,,,1,1,4,0.49999999999999994,0.8660254037844387,0,0.0
SKU048,2024-02-04,52,,42.0,52.0,76.0,,55.25,,14.545904349105742,2,1,5,0.8660254037844386,0.5000000000000001,0,0.0
SKU048,2024-02-11,61,,52.0,42.0,51.0,,49.25,,4.856267428111158,2,1,6,0.8660254037844386,0.5000000000000001,0,0.0
SKU048,2024-02-18,54,,61.0,52.0,52.0,,51.75,,7.762087348130014,2,1,7,0.8660254037844386,0.5000000000000001,0,0.0
SKU048,2024-02-25,64,,54.0,61.0,42.0,,52.25,,7.847504911329038,2,1,8,0.8660254037844386,0.5000000000000001,0,0.0
SKU048,2024-03-03,73,,64.0,54.0,52.0,,57.75,56.5,5.678908345800277,3,1,9,1.0,6.123233995736766e-17,1,0.0
SKU048,2024-03-10,65,,73.0,64.0,61.0,,63.0,56.125,7.874007874011815,3,1,10,1.0,6.123233995736766e-17,1,1.0
SKU048,2024-03-17,76,,65.0,73.0,54.0,,64.0,57.875,7.788880963698619,3,1,11,1.0,6.123233995736766e-17,1,1.0
SKU048,2024-03-24,70,,76.0,65.0,64.0,,69.5,60.875,5.916079783099624,3,1,12,1.0,6.123233995736766e-17,1,1.0
SKU048,2024-03-31,79,,70.0,76.0,73.0,,71.0,64.375,4.69041575982344,3,1,13,1.0,6.123233995736766e-17,1,1.0
SKU048,2024-04-07,59,,79.0,70.0,65.0,,72.5,67.75,6.244997998398406,4,2,14,0.8660254037844387,-0.4999999999999998,0,1.0
SKU048,2024-04-14,65,,59.0,79.0,76.0,,71.0,67.5,8.831760866327853,4,2,15,0.8660254037844387,-0.4999999999999998,0,0.0
SKU048,2024-04-21,74,,65.0,59.0,70.0,,68.25,68.875,8.460693430998042,4,2,16,0.8660254037844387,-0.4999999999999998,0,0.0
SKU048,2024-04-28,54,,74.0,65.0,79.0,,69.25,70.125,8.958236433584464,4,2,17,0.8660254037844387,-0.4999999999999998,0,0.0
SKU048,2024-05-05,60,,54.0,74.0,59.0,,63.0,67.75,8.602325267042632,5,2,18,0.49999999999999994,-0.8660254037844387,0,0.0
SKU048,2024-05-12,71,,60.0,54.0,65.0,,63.25,67.125,8.460693430998042,5,2,19,0.49999999999999994,-0.8660254037844387,0,0.0
SKU048,2024-05-19,69,,71.0,60.0,74.0,,64.75,66.5,9.358596760910977,5,2,20,0.49999999999999994,-0.8660254037844387,0,0.0
SKU048,2024-05-26,66,,69.0,71.0,54.0,,63.5,66.375,7.9372539331937775,5,2,21,0.49999999999999994,-0.8660254037844387,0,0.0
SKU048,2024-06-02,76,,66.0,69.0,60.0,,66.5,64.75,4.795831523312727,6,2,22,1.2246467991473532e-16,-1.0,1,0.0
SKU048,2024-06-09,68,,76.0,66.0,71.0,,70.5,66.875,4.20317340430617,6,2,23,1.2246467991473532e-16,-1.0,1,1.0
SKU048,2024-06-16,67,,68.0,76.0,69.0,,69.75,67.25,4.349329450233302,6,2,24,1.2246467991473532e-16,-1.0,1,1.0
SKU048,2024-06-23,74,,67.0,68.0,66.0,,69.25,66.375,4.573474244670753,6,2,25,1.2246467991473532e-16,-1.0,1,1.0
SKU048,2024-06-30,57,,74.0,67.0,76.0,,71.25,68.875,4.425306015783925,6,2,26,1.2246467991473532e-16,-1.0,1,1.0
SKU048,2024-07-07,64,,57.0,74.0,68.0,,66.5,68.5,7.047458170621997,7,3,27,-0.4999999999999997,-0.8660254037844388,0,1.0
SKU048,2024-07-14,66,,64.0,57.0,67.0,,65.5,67.625,7.047458170621997,7,3,28,-0.4999999999999997,-0.8660254037844388,0,0.0
SKU048,2024-07-21,58,,66.0,64.0,74.0,,65.25,67.25,6.994045086119102,7,3,29,-0.4999999999999997,-0.8660254037844388,0,0.0
SKU048,2024-07-28,58,,58.0,66.0,57.0,,61.25,66.25,4.425306015783929,7,3,30,-0.4999999999999997,-0.8660254037844388,0,0.0
SKU048,2024-08-04,55,,58.0,58.0,64.0,,61.5,64.0,4.123105625617672,8,3,31,-0.8660254037844385,-0.5000000000000004,0,0.0
SKU048,2024-08-11,53,,55.0,58.0,66.0,,59.25,62.375,4.716990566028311,8,3,32,-0.8660254037844385,-0.5000000000000004,0,0.0
SKU048,2024-08-18,59,,53.0,55.0,58.0,,56.0,60.625,2.4494897427831956,8,3,33,-0.8660254037844385,-0.5000000000000004,0,0.0
SKU048,2024-08-25,59,,59.0,53.0,58.0,,56.25,58.75,2.7537852736430666,8,3,34,-0.8660254037844385,-0.5000000000000004,0,0.0
SKU048,2024-09-01,65,,59.0,59.0,55.0,,56.5,59.0,3.0000000000000147,9,3,35,-1.0,-1.8369701987210297e-16,1,0.0
SKU048,2024-09-08,41,,65.0,59.0,53.0,,59.0,59.125,4.898979485566365,9,3,36,-1.0,-1.8369701987210297e-16,1,1.0
SKU048,2024-09-15,63,,41.0,65.0,59.0,,56.0,56.0,10.392304845413268,9,3,37,-1.0,-1.8369701987210297e-16,1,1.0
SKU048,2024-09-22,56,,63.0,41.0,59.0,,57.0,56.625,10.954451150103326,9,3,38,-1.0,-1.8369701987210297e-16,1,1.0
SKU048,2024-09-29,48,,56.0,63.0,65.0,,56.25,56.375,10.874281585465775,9,3,39,-1.0,-1.8369701987210297e-16,1,1.0
SKU048,2024-10-06,47,,48.0,56.0,41.0,,52.0,55.5,9.556847457887638,10,4,40,-0.8660254037844386,0.5000000000000001,0,1.0
SKU048,2024-10-13,51,,47.0,48.0,63.0,,53.5,54.75,7.505553499465139,10,4,41,-0.8660254037844386,0.5000000000000001,0,0.0
SKU048,2024-10-20,51,,51.0,47.0,56.0,,50.5,53.75,4.04145188432739,10,4,42,-0.8660254037844386,0.5000000000000001,0,0.0
SKU048,2024-10-27,53,,51.0,51.0,48.0,,49.25,52.75,2.0615528128088494,10,4,43,-0.8660254037844386,0.5000000000000001,0,0.0
SKU048,2024-11-03,63,,53.0,51.0,47.0,,50.5,51.25,2.5166114784235996,11,4,44,-0.5000000000000004,0.8660254037844384,1,0.0
SKU048,2024-11-10,45,,63.0,53.0,51.0,,54.5,54.0,5.744562646538037,11,4,45,-0.5000000000000004,0.8660254037844384,1,1.0
SKU048,2024-11-17,57,,45.0,63.0,51.0,,53.0,51.75,7.483314773547889,11,4,46,-0.5000000000000004,0.8660254037844384,1,1.0
SKU048,2024-11-24,55,,57.0,45.0,53.0,,54.5,51.875,7.549834435270757,11,4,47,-0.5000000000000004,0.8660254037844384,1,1.0
SKU048,2024-12-01,56,,55.0,57.0,63.0,,55.0,52.75,7.48331477354789,12,4,48,-2.4492935982947064e-16,1.0,1,1.0
SKU048,2024-12-08,50,,56.0,55.0,45.0,,53.25,53.875,5.560275772537436,12,4,49,-2.4492935982947064e-16,1.0,0,1.0
SKU048,2024-12-15,55,,50.0,56.0,57.0,,54.5,53.75,3.1091263510296225,12,4,50,-2.4492935982947064e-16,1.0,0,0.0
SKU048,2024-12-22,41,,55.0,50.0,55.0,,54.0,54.25,2.70801280154534,12,4,51,-2.4492935982947064e-16,1.0,0,0.0
SKU048,2024-12-29,62,,41.0,55.0,56.0,,50.5,52.75,6.855654600401052,12,4,52,-2.4492935982947064e-16,1.0,0,0.0
SKU048,2025-01-05,52,76.0,62.0,41.0,50.0,76.0,52.0,52.625,8.831760866327853,1,1,1,0.49999999999999994,0.8660254037844387,0,0.0
SKU048,2025-01-12,57,51.0,52.0,62.0,55.0,51.0,52.5,53.5,8.736894948054111,1,1,2,0.49999999999999994,0.8660254037844387,0,0.0
SKU048,2025-01-19,61,52.0,57.0,52.0,41.0,52.0,53.0,53.5,8.981462390204992,1,1,3,0.49999999999999994,0.8660254037844387,0,0.0
SKU048,2025-01-26,71,42.0,61.0,57.0,62.0,42.0,58.0,54.25,4.546060565661965,1,1,4,0.49999999999999994,0.8660254037844387,0,0.0
SKU048,2025-02-02,63,52.0,71.0,61.0,52.0,52.0,60.25,56.125,8.057087976847889,2,1,5,0.8660254037844386,0.5000000000000001,0,0.0
SKU048,2025-02-09,53,61.0,63.0,71.0,57.0,61.0,63.0,57.75,5.887840577551909,2,1,6,0.8660254037844386,0.5000000000000001,0,0.0
SKU048,2025-02-16,44,54.0,53.0,63.0,61.0,54.0,62.0,57.5,7.393691004272954,2,1,7,0.8660254037844386,0.5000000000000001,0,0.0
SKU048,2025-02-23,59,64.0,44.0,53.0,71.0,64.0,57.75,57.875,11.757976016304854,2,1,8,0.8660254037844386,0.5000000000000001,0,0.0
SKU048,2025-03-02,72,73.0,59.0,44.0,63.0,73.0,54.75,57.5,8.261355820929163,3,1,9,1.0,6.123233995736766e-17,1,0.0
SKU048,2025-03-09,67,65.0,72.0,59.0,53.0,65.0,57.0,60.0,11.747340124470737,3,1,10,1.0,6.123233995736766e-17,1,1.0
SKU048,2025-03-16,71,76.0,67.0,72.0,44.0,76.0,60.5,61.25,12.233832869001718,3,1,11,1.0,6.123233995736766e-17,1,1.0
SKU048,2025-03-23,64,70.0,71.0,67.0,59.0,70.0,67.25,62.5,5.90903263374529,3,1,12,1.0,6.123233995736766e-17,1,1.0
SKU048,2025-03-30,76,79.0,64.0,71.0,72.0,79.0,68.5,61.625,3.6968455021364903,3,1,13,1.0,6.123233995736766e-17,1,1.0
SKU048,2025-04-06,61,59.0,76.0,64.0,67.0,59.0,69.5,63.25,5.196152422706645,4,2,14,0.8660254037844387,-0.4999999999999998,0,1.0
SKU048,2025-04-13,80,65.0,61.0,76.0,71.0,65.0,68.0,64.25,6.782329983125278,4,2,15,0.8660254037844387,-0.4999999999999998,0,0.0
SKU048,2025-04-20,79,74.0,80.0,61.0,64.0,74.0,70.25,68.75,9.178779875342917,4,2,16,0.8660254037844387,-0.4999999999999998,0,0.0
SKU048,2025-04-27,56,54.0,79.0,80.0,76.0,54.0,74.0,71.25,8.831760866327855,4,2,17,0.8660254037844387,-0.4999999999999998,0,0.0
SKU048,2025-05-04,73,60.0,56.0,79.0,61.0,60.0,69.0,69.25,12.301761391497294,5,2,18,0.49999999999999994,-0.8660254037844387,0,0.0
SKU048,2025-05-11,74,71.0,73.0,56.0,80.0,71.0,72.0,70.0,11.105554165971792,5,2,19,0.49999999999999994,-0.8660254037844387,0,0.0
SKU048,2025-05-18,71,69.0,74.0,73.0,79.0,69.0,70.5,70.375,10.016652800877818,5,2,20,0.49999999999999994,-0.8660254037844387,0,0.0
SKU048,2025-05-25,61,66.0,71.0,74.0,56.0,66.0,68.5,71.25,8.426149773176364,5,2,21,0.49999999999999994,-0.8660254037844387,0,0.0
SKU048,2025-06-01,71,76.0,61.0,71.0,73.0,76.0,69.75,69.375,5.9651767227244346,6,2,22,1.2246467991473532e-16,-1.0,1,0.0
SKU048,2025-06-08,67,68.0,71.0,61.0,74.0,68.0,69.25,70.625,5.6789083458002825,6,2,23,1.2246467991473532e-16,-1.0,1,1.0
SKU048,2025-06-15,59,67.0,67.0,71.0,71.0,67.0,67.5,69.0,4.725815626252619,6,2,24,1.2246467991473532e-16,-1.0,1,1.0
SKU048,2025-06-22,77,74.0,59.0,67.0,61.0,74.0,64.5,66.5,5.50757054728611,6,2,25,1.2246467991473532e-16,-1.0,1,1.0
SKU048,2025-06-29,73,57.0,77.0,59.0,71.0,57.0,68.5,69.125,7.549834435270754,6,2,26,1.2246467991473532e-16,-1.0,1,1.0
SKU048,2025-07-06,50,64.0,73.0,77.0,67.0,64.0,69.0,69.125,7.831560082980491,7,3,27,-0.4999999999999997,-0.8660254037844388,0,1.0
SKU048,2025-07-13,48,66.0,50.0,73.0,59.0,66.0,64.75,66.125,12.500000000000004,7,3,28,-0.4999999999999997,-0.8660254037844388,0,0.0
SKU048,2025-07-20,52,58.0,48.0,50.0,77.0,58.0,62.0,63.25,15.12172829628501,7,3,29,-0.4999999999999997,-0.8660254037844388,0,0.0
SKU048,2025-07-27,67,58.0,52.0,48.0,73.0,58.0,55.75,62.125,11.615363389350621,7,3,30,-0.4999999999999997,-0.8660254037844388,0,0.0
SKU048,2025-08-03,43,55.0,67.0,52.0,50.0,55.0,54.25,61.625,8.655441448399195,8,3,31,-0.8660254037844385,-0.5000000000000004,0,0.0
SKU048,2025-08-10,50,53.0,43.0,67.0,48.0,53.0,52.5,58.625,10.344080432788603,8,3,32,-0.8660254037844385,-0.5000000000000004,0,0.0
SKU048,2025-08-17,35,59.0,50.0,43.0,52.0,59.0,53.0,57.5,10.099504938362081,8,3,33,-0.8660254037844385,-0.5000000000000004,0,0.0
SKU048,2025-08-24,45,59.0,35.0,50.0,67.0,59.0,48.75,52.25,13.622897391279633,8,3,34,-0.8660254037844385,-0.5000000000000004,0,0.0
SKU048,2025-08-31,60,65.0,45.0,35.0,43.0,65.0,43.25,48.75,6.238322424070972,8,3,35,-0.8660254037844385,-0.5000000000000004,0,0.0
SKU048,2025-09-07,57,41.0,60.0,45.0,50.0,41.0,47.5,50.0,10.408329997330666,9,3,36,-1.0,-1.8369701987210297e-16,1,0.0
SKU048,2025-09-14,58,63.0,57.0,60.0,35.0,63.0,49.25,51.125,11.500000000000004,9,3,37,-1.0,-1.8369701987210297e-16,1,1.0
SKU048,2025-09-21,54,56.0,58.0,57.0,45.0,56.0,55.0,51.875,6.7823299831252735,9,3,38,-1.0,-1.8369701987210297e-16,1,1.0
SKU048,2025-09-28,50,48.0,54.0,58.0,60.0,48.0,57.25,50.25,2.5000000000000133,9,3,39,-1.0,-1.8369701987210297e-16,1,1.0
SKU048,2025-10-05,46,47.0,50.0,54.0,57.0,47.0,54.75,51.125,3.593976442141314,10,4,40,-0.8660254037844386,0.5000000000000001,0,1.0
SKU048,2025-10-12,51,51.0,46.0,50.0,58.0,51.0,52.0,50.625,5.1639777949432295,10,4,41,-0.8660254037844386,0.5000000000000001,0,0.0
SKU048,2025-10-19,59,51.0,51.0,46.0,54.0,51.0,50.25,52.625,3.3040379335998455,10,4,42,-0.8660254037844386,0.5000000000000001,0,0.0
SKU048,2025-10-26,31,53.0,59.0,51.0,50.0,53.0,51.5,54.375,5.446711546122737,10,4,43,-0.8660254037844386,0.5000000000000001,0,0.0
SKU048,2025-11-02,61,63.0,31.0,59.0,46.0,63.0,46.75,50.75,11.7862914721581,11,4,44,-0.5000000000000004,0.8660254037844384,1,0.0
SKU048,2025-11-09,63,45.0,61.0,31.0,51.0,45.0,50.5,51.25,13.699148392023014,11,4,45,-0.5000000000000004,0.8660254037844384,1,1.0
SKU048,2025-11-16,47,57.0,63.0,61.0,59.0,57.0,53.5,51.875,15.088627063675036,11,4,46,-0.5000000000000004,0.8660254037844384,1,1.0
SKU048,2025-11-23,63,55.0,47.0,63.0,31.0,55.0,50.5,51.0,14.821156050277143,11,4,47,-0.5000000000000004,0.8660254037844384,1,1.0
SKU048,2025-11-30,36,56.0,63.0,47.0,61.0,56.0,58.5,52.625,7.72442015083765,11,4,48,-0.5000000000000004,0.8660254037844384,1,1.0
SKU048,2025-12-07,57,50.0,36.0,63.0,63.0,50.0,52.25,51.375,13.200378782444089,12,4,49,-2.4492935982947064e-16,1.0,0,1.0
SKU048,2025-12-14,55,55.0,57.0,36.0,47.0,55.0,50.75,52.125,11.842719282327014,12,4,50,-2.4492935982947064e-16,1.0,0,0.0
SKU048,2025-12-21,58,41.0,55.0,57.0,63.0,41.0,52.75,51.625,11.672617529928756,12,4,51,-2.4492935982947064e-16,1.0,0,0.0
SKU048,2025-12-28,40,62.0,58.0,55.0,36.0,62.0,51.5,55.0,10.408329997330668,12,4,52,-2.4492935982947064e-16,1.0,0,0.0
SKU049,2024-01-07,177,,,,,,,,,1,1,1,0.49999999999999994,0.8660254037844387,0,
SKU049,2024-01-14,178,,177.0,,,,,,,1,1,2,0.49999999999999994,0.8660254037844387,0,0.0
SKU049,2024-01-21,184,,178.0,177.0,,,,,,1,1,3,0.49999999999999994,0.8660254037844387,0,0.0
SKU049,2024-01-28,181,,184.0,178.0,,,,,,1,1,4,0.49999999999999994,0.8660254037844387,0,0.0
SKU049,2024-02-04,178,,181.0,184.0,177.0,,180.0,,3.162277660168383,2,1,5,0.8660254037844386,0.5000000000000001,0,0.0
SKU049,2024-02-11,191,,178.0,181.0,178.0,,180.25,,2.8722813232690183,2,1,6,0.8660254037844386,0.5000000000000001,0,0.0
SKU049,2024-02-18,194,,191.0,178.0,184.0,,183.5,,5.567764362830024,2,1,7,0.8660254037844386,0.5000000000000001,0,0.0
SKU049,2024-02-25,186,,194.0,191.0,181.0,,186.0,,7.702813338860896,2,1,8,0.8660254037844386,0.5000000000000001,0,0.0
SKU049,2024-03-03,192,,186.0,194.0,178.0,,187.25,183.625,6.994045086119097,3,1,9,1.0,6.123233995736766e-17,1,0.0
SKU049,2024-03-10,207,,192.0,186.0,191.0,,190.75,185.5,3.403429642777019,3,1,10,1.0,6.123233995736766e-17,1,1.0
SKU049,2024-03-17,190,,207.0,192.0,194.0,,194.75,189.125,8.845903006477068,3,1,11,1.0,6.123233995736766e-17,1,1.0
SKU049,2024-03-24,228,,190.0,207.0,186.0,,193.75,189.875,9.17877987534291,3,1,12,1.0,6.123233995736766e-17,1,1.0
SKU049,2024-03-31,221,,228.0,190.0,192.0,,204.25,195.75,17.557049866079435,3,1,13,1.0,6.123233995736766e-17,1,1.0
SKU049,2024-04-07,219,,221.0,228.0,207.0,,211.5,201.125,16.78292783356547,4,2,14,0.8660254037844387,-0.4999999999999998,0,1.0
SKU049,2024-04-14,199,,219.0,221.0,190.0,,214.5,204.625,16.78292783356547,4,2,15,0.8660254037844387,-0.4999999999999998,0,0.0
SKU049,2024-04-21,193,,199.0,219.0,228.0,,216.75,205.25,12.44655240083239,4,2,16,0.8660254037844387,-0.4999999999999998,0,0.0
SKU049,2024-04-28,222,,193.0,199.0,221.0,,208.0,206.125,14.094916341243978,4,2,17,0.8660254037844387,-0.4999999999999998,0,0.0
SKU049,2024-05-05,219,,222.0,193.0,219.0,,208.25,209.875,14.407752542757429,5,2,18,0.49999999999999994,-0.8660254037844387,0,0.0
SKU049,2024-05-12,200,,219.0,222.0,199.0,,208.25,211.375,14.407752542757429,5,2,19,0.49999999999999994,-0.8660254037844387,0,0.0
SKU049,2024-05-19,192,,200.0,219.0,193.0,,208.5,212.625,14.200938936093857,5,2,20,0.49999999999999994,-0.8660254037844387,0,0.0
SKU049,2024-05-26,178,,192.0,200.0,222.0,,208.25,208.125,14.56880228433346,5,2,21,0.49999999999999994,-0.8660254037844387,0,0.0
SKU049,2024-06-02,196,,178.0,192.0,219.0,,197.25,202.75,17.114808402861726,6,2,22,1.2246467991473532e-16,-1.0,1,0.0
SKU049,2024-06-09,194,,196.0,178.0,200.0,,191.5,199.875,9.574271077563367,6,2,23,1.2246467991473532e-16,-1.0,1,1.0
SKU049,2024-06-16,190,,194.0,196.0,192.0,,190.0,199.25,8.164965809277243,6,2,24,1.2246467991473532e-16,-1.0,1,1.0
SKU049,2024-06-23,187,,190.0,194.0,178.0,,189.5,198.875,8.062257748298531,6,2,25,1.2246467991473532e-16,-1.0,1,1.0
SKU049,2024-06-30,200,,187.0,190.0,196.0,,191.75,194.5,4.031128874149237,6,2,26,1.2246467991473532e-16,-1.0,1,1.0
SKU049,2024-07-07,167,,200.0,187.0,194.0,,192.75,192.125,5.619905100029094,7,3,27,-0.4999999999999997,-0.8660254037844388,0,1.0
SKU049,2024-07-14,165,,167.0,200.0,190.0,,186.0,188.0,13.832329280830942,7,3,28,-0.4999999999999997,-0.8660254037844388,0,0.0
SKU049,2024-07-21,188,,165.0,167.0,187.0,,179.75,184.625,16.760568804985898,7,3,29,-0.4999999999999997,-0.8660254037844388,0,0.0
SKU049,2024-07-28,174,,188.0,165.0,200.0,,180.0,185.875,16.911534525287756,7,3,30,-0.4999999999999997,-0.8660254037844388,0,0.0
SKU049,2024-08-04,176,,174.0,188.0,167.0,,173.5,183.125,10.408329997330652,8,3,31,-0.8660254037844385,-0.5000000000000004,0,0.0
SKU049,2024-08-11,164,,176.0,174.0,165.0,,175.75,180.875,9.464847243000444,8,3,32,-0.8660254037844385,-0.5000000000000004,0,0.0
SKU049,2024-08-18,151,,164.0,176.0,188.0,,175.5,177.625,9.848857801796093,8,3,33,-0.8660254037844385,-0.5000000000000004,0,0.0
SKU049,2024-08-25,138,,151.0,164.0,174.0,,166.25,173.125,11.441882129556594,8,3,34,-0.8660254037844385,-0.5000000000000004,0,0.0
SKU049,2024-09-01,156,,138.0,151.0,176.0,,157.25,165.375,16.398678808570722,9,3,35,-1.0,-1.8369701987210297e-16,1,0.0
SKU049,2024-09-08,152,,156.0,138.0,164.0,,152.25,164.0,10.90489186863705,9,3,36,-1.0,-1.8369701987210297e-16,1,1.0
SKU049,2024-09-15,164,,152.0,156.0,151.0,,149.25,162.375,7.8049129826453845,9,3,37,-1.0,-1.8369701987210297e-16,1,1.0
SKU049,2024-09-22,150,,164.0,152.0,138.0,,152.5,159.375,10.878112581387139,9,3,38,-1.0,-1.8369701987210297e-16,1,1.0
SKU049,2024-09-29,178,,150.0,164.0,156.0,,155.5,156.375,6.191391873668887,9,3,39,-1.0,-1.8369701987210297e-16,1,1.0
SKU049,2024-10-06,147,,178.0,150.0,152.0,,161.0,156.625,12.909944487358047,10,4,40,-0.8660254037844386,0.5000000000000001,0,1.0
SKU049,2024-10-13,151,,147.0,178.0,164.0,,159.75,154.5,14.24488212189439,10,4,41,-0.8660254037844386,0.5000000000000001,0,0.0
SKU049,2024-10-20,129,,151.0,147.0,150.0,,156.5,154.5,14.433756729740637,10,4,42,-0.8660254037844386,0.5000000000000001,0,0.0
SKU049,2024-10-27,148,,129.0,151.0,178.0,,151.25,153.375,20.23816526598528,10,4,43,-0.8660254037844386,0.5000000000000001,0,0.0
SKU049,2024-11-03,140,,148.0,129.0,147.0,,143.75,152.375,9.979144919948459,11,4,44,-0.5000000000000004,0.8660254037844384,1,0.0
SKU049,2024-11-10,160,,140.0,148.0,151.0,,142.0,150.875,9.83192080250174,11,4,45,-0.5000000000000004,0.8660254037844384,1,1.0
SKU049,2024-11-17,141,,160.0,140.0,129.0,,144.25,150.375,13.073510112692245,11,4,46,-0.5000000000000004,0.8660254037844384,1,1.0
SKU049,2024-11-24,136,,141.0,160.0,148.0,,147.25,149.25,9.215023964519377,11,4,47,-0.5000000000000004,0.8660254037844384,1,1.0
SKU049,2024-12-01,145,,136.0,141.0,140.0,,144.25,144.0,10.719919153923989,12,4,48,-2.4492935982947064e-16,1.0,1,1.0
SKU049,2024-12-08,149,,145.0,136.0,160.0,,145.5,143.75,10.344080432788587,12,4,49,-2.4492935982947064e-16,1.0,0,1.0
SKU049,2024-12-15,150,,149.0,145.0,141.0,,142.75,143.5,5.560275772537399,12,4,50,-2.4492935982947064e-16,1.0,0,0.0
SKU049,2024-12-22,161,,150.0,149.0,136.0,,145.0,146.125,6.377042156569639,12,4,51,-2.4492935982947064e-16,1.0,0,0.0
SKU049,2024-12-29,135,,161.0,150.0,145.0,,151.25,147.75,6.849574196011483,12,4,52,-2.4492935982947064e-16,1.0,0,0.0
SKU049,2025-01-05,198,177.0,135.0,161.0,149.0,177.0,148.75,147.125,10.657548185832097,1,1,1,0.49999999999999994,0.8660254037844387,0,0.0
SKU049,2025-01-12,177,178.0,198.0,135.0,150.0,178.0,161.0,151.875,26.870057685088803,1,1,2,0.49999999999999994,0.8660254037844387,0,0.0
SKU049,2025-01-19,183,184.0,177.0,198.0,161.0,184.0,167.75,156.375,26.57536453183662,1,1,3,0.49999999999999994,0.8660254037844387,0,0.0
SKU049,2025-01-26,154,181.0,183.0,177.0,135.0,181.0,173.25,162.25,26.986107537027266,1,1,4,0.49999999999999994,0.8660254037844387,0,0.0
SKU049,2025-02-02,160,178.0,154.0,183.0,198.0,178.0,178.0,163.375,18.27566688249706,2,1,5,0.8660254037844386,0.5000000000000001,0,0.0
SKU049,2025-02-09,199,191.0,160.0,154.0,177.0,191.0,168.5,164.75,13.723459233492598,2,1,6,0.8660254037844386,0.5000000000000001,0,0.0
SKU049,2025-02-16,182,194.0,199.0,160.0,183.0,194.0,174.0,170.875,20.83266665599966,2,1,7,0.8660254037844386,0.5000000000000001,0,0.0
SKU049,2025-02-23,184,186.0,182.0,199.0,154.0,186.0,173.75,173.5,20.694202086574876,2,1,8,0.8660254037844386,0.5000000000000001,0,0.0
SKU049,2025-03-02,207,192.0,184.0,182.0,160.0,192.0,181.25,179.625,16.070158679988197,3,1,9,1.0,6.123233995736766e-17,1,0.0
SKU049,2025-03-09,214,207.0,207.0,184.0,199.0,207.0,193.0,180.75,12.027745701779136,3,1,10,1.0,6.123233995736766e-17,1,1.0
SKU049,2025-03-16,190,190.0,214.0,207.0,182.0,190.0,196.75,185.375,16.1529151135845,3,1,11,1.0,6.123233995736766e-17,1,1.0
SKU049,2025-03-23,218,228.0,190.0,214.0,184.0,228.0,198.75,186.25,14.080127840328718,3,1,12,1.0,6.123233995736766e-17,1,1.0
SKU049,2025-03-30,230,221.0,218.0,190.0,207.0,221.0,207.25,194.25,12.365947867699694,3,1,13,1.0,6.123233995736766e-17,1,1.0
SKU049,2025-04-06,184,219.0,230.0,218.0,214.0,219.0,213.0,203.0,16.77299416721216,4,2,14,0.8660254037844387,-0.4999999999999998,0,1.0
SKU049,2025-04-13,213,199.0,184.0,230.0,190.0,199.0,205.5,201.125,22.052966542697447,4,2,15,0.8660254037844387,-0.4999999999999998,0,0.0
SKU049,2025-04-20,198,193.0,213.0,184.0,218.0,193.0,211.25,205.0,19.517086531208147,4,2,16,0.8660254037844387,-0.4999999999999998,0,0.0
SKU049,2025-04-27,203,222.0,198.0,213.0,230.0,222.0,206.25,206.75,19.771612647092457,4,2,17,0.8660254037844387,-0.4999999999999998,0,0.0
SKU049,2025-05-04,202,219.0,203.0,198.0,184.0,219.0,199.5,206.25,12.06924466015444,5,2,18,0.49999999999999994,-0.8660254037844387,0,0.0
SKU049,2025-05-11,222,200.0,202.0,203.0,213.0,200.0,204.0,204.75,6.377042156569654,5,2,19,0.49999999999999994,-0.8660254037844387,0,0.0
SKU049,2025-05-18,185,192.0,222.0,202.0,198.0,192.0,206.25,208.75,10.719919153923994,5,2,20,0.49999999999999994,-0.8660254037844387,0,0.0
SKU049,2025-05-25,187,178.0,185.0,222.0,203.0,178.0,203.0,204.625,15.121728296285003,5,2,21,0.49999999999999994,-0.8660254037844387,0,0.0
SKU049,2025-06-01,213,196.0,187.0,185.0,202.0,196.0,199.0,199.25,17.107503227141784,6,2,22,1.2246467991473532e-16,-1.0,1,0.0
SKU049,2025-06-08,206,194.0,213.0,187.0,222.0,194.0,201.75,202.875,18.571932227602666,6,2,23,1.2246467991473532e-16,-1.0,1,1.0
SKU049,2025-06-15,206,190.0,206.0,213.0,185.0,190.0,197.75,202.0,13.889444433333772,6,2,24,1.2246467991473532e-16,-1.0,1,1.0
SKU049,2025-06-22,197,187.0,206.0,206.0,187.0,187.0,203.0,203.0,11.165422816296143,6,2,25,1.2246467991473532e-16,-1.0,1,1.0
SKU049,2025-06-29,220,200.0,197.0,206.0,213.0,200.0,205.5,202.25,6.557438524301988,6,2,26,1.2246467991473532e-16,-1.0,1,1.0
SKU049,2025-07-06,156,167.0,220.0,197.0,206.0,167.0,207.25,204.5,9.499999999999991,7,3,27,-0.4999999999999997,-0.8660254037844388,0,1.0
SKU049,2025-07-13,179,165.0,156.0,220.0,206.0,165.0,194.75,196.25,27.512118541956497,7,3,28,-0.4999999999999997,-0.8660254037844388,0,0.0
SKU049,2025-07-20,171,188.0,179.0,156.0,197.0,188.0,188.0,195.5,27.14160398109637,7,3,29,-0.4999999999999997,-0.8660254037844388,0,0.0
SKU049,2025-07-27,168,174.0,171.0,179.0,220.0,174.0,181.5,193.5,27.3800413927128,7,3,30,-0.4999999999999997,-0.8660254037844388,0,0.0
SKU049,2025-08-03,158,176.0,168.0,171.0,156.0,176.0,168.5,187.875,9.539392014169433,8,3,31,-0.8660254037844385,-0.5000000000000004,0,0.0
SKU049,2025-08-10,159,164.0,158.0,168.0,179.0,164.0,169.0,181.875,8.679477710861,8,3,32,-0.8660254037844385,-0.5000000000000004,0,0.0
SKU049,2025-08-17,163,151.0,159.0,158.0,171.0,151.0,164.0,176.0,6.480740698407823,8,3,33,-0.8660254037844385,-0.5000000000000004,0,0.0
SKU049,2025-08-24,145,138.0,163.0,159.0,168.0,138.0,162.0,171.75,4.5460605656618975,8,3,34,-0.8660254037844385,-0.5000000000000004,0,0.0
SKU049,2025-08-31,159,156.0,145.0,163.0,158.0,156.0,156.25,162.375,7.804912982645366,8,3,35,-0.8660254037844385,-0.5000000000000004,0,0.0
SKU049,2025-09-07,152,152.0,159.0,145.0,159.0,152.0,156.5,162.75,7.895146188217976,9,3,36,-1.0,-1.8369701987210297e-16,1,0.0
SKU049,2025-09-14,167,164.0,152.0,159.0,163.0,164.0,154.75,159.375,7.932002689527163,9,3,37,-1.0,-1.8369701987210297e-16,1,1.0
SKU049,2025-09-21,158,150.0,167.0,152.0,145.0,150.0,155.75,158.875,9.429563439877063,9,3,38,-1.0,-1.8369701987210297e-16,1,1.0
SKU049,2025-09-28,168,178.0,158.0,167.0,159.0,178.0,159.0,157.625,6.1644140029689325,9,3,39,-1.0,-1.8369701987210297e-16,1,1.0
SKU049,2025-10-05,142,147.0,168.0,158.0,152.0,147.0,161.25,158.875,7.632168761236839,10,4,40,-0.8660254037844386,0.5000000000000001,0,1.0
SKU049,2025-10-12,137,151.0,142.0,168.0,167.0,151.0,158.75,156.75,12.03813385316288,10,4,41,-0.8660254037844386,0.5000000000000001,0,0.0
SKU049,2025-10-19,152,129.0,137.0,142.0,158.0,129.0,151.25,153.5,14.3149106412393,10,4,42,-0.8660254037844386,0.5000000000000001,0,0.0
SKU049,2025-10-26,138,148.0,152.0,137.0,168.0,148.0,149.75,154.375,13.671747023210536,10,4,43,-0.8660254037844386,0.5000000000000001,0,0.0
SKU049,2025-11-02,150,140.0,138.0,152.0,142.0,140.0,142.25,151.75,6.849574196011462,11,4,44,-0.5000000000000004,0.8660254037844384,1,0.0
SKU049,2025-11-09,152,160.0,150.0,138.0,137.0,160.0,144.25,151.5,7.847504911328996,11,4,45,-0.5000000000000004,0.8660254037844384,1,1.0
SKU049,2025-11-16,160,141.0,152.0,150.0,152.0,141.0,148.0,149.625,6.733003292241342,11,4,46,-0.5000000000000004,0.8660254037844384,1,1.0
SKU049,2025-11-23,139,136.0,160.0,152.0,138.0,136.0,150.0,149.875,9.092121131323873,11,4,47,-0.5000000000000004,0.8660254037844384,1,1.0
SKU049,2025-11-30,159,145.0,139.0,160.0,150.0,145.0,150.25,146.25,8.655441448399158,11,4,48,-0.5000000000000004,0.8660254037844384,1,1.0
SKU049,2025-12-07,167,149.0,159.0,139.0,152.0,149.0,152.5,148.375,9.678154093971953,12,4,49,-2.4492935982947064e-16,1.0,0,1.0
SKU049,2025-12-14,171,150.0,167.0,159.0,160.0,150.0,156.25,152.125,12.038133853162877,12,4,50,-2.4492935982947064e-16,1.0,0,0.0
SKU049,2025-12-21,147,161.0,171.0,167.0,139.0,161.0,159.0,154.5,14.23610433604173,12,4,51,-2.4492935982947064e-16,1.0,0,0.0
SKU049,2025-12-28,166,135.0,147.0,171.0,159.0,135.0,161.0,155.625,10.583005244258338,12,4,52,-2.4492935982947064e-16,1.0,0,0.0
SKU050,2024-01-07,49,,,,,,,,,1,1,1,0.49999999999999994,0.8660254037844387,0,
SKU050,2024-01-14,40,,49.0,,,,,,,1,1,2,0.49999999999999994,0.8660254037844387,0,0.0
SKU050,2024-01-21,25,,40.0,49.0,,,,,,1,1,3,0.49999999999999994,0.8660254037844387,0,0.0
SKU050,2024-01-28,37,,25.0,40.0,,,,,,1,1,4,0.49999999999999994,0.8660254037844387,0,0.0
SKU050,2024-02-04,42,,37.0,25.0,49.0,,37.75,,9.912113800799505,2,1,5,0.8660254037844386,0.5000000000000001,0,0.0
SKU050,2024-02-11,38,,42.0,37.0,40.0,,36.0,,7.615773105863909,2,1,6,0.8660254037844386,0.5000000000000001,0,0.0
SKU050,2024-02-18,33,,38.0,42.0,25.0,,35.5,,7.32575365861197,2,1,7,0.8660254037844386,0.5000000000000001,0,0.0
SKU050,2024-02-25,35,,33.0,38.0,37.0,,37.5,,3.696845502136472,2,1,8,0.8660254037844386,0.5000000000000001,0,0.0
SKU050,2024-03-03,57,,35.0,33.0,42.0,,37.0,37.375,3.9157800414902435,3,1,9,1.0,6.123233995736766e-17,1,0.0
SKU050,2024-03-10,49,,57.0,35.0,38.0,,40.75,38.375,11.026483271348727,3,1,10,1.0,6.123233995736766e-17,1,1.0
SKU050,2024-03-17,55,,49.0,57.0,33.0,,43.5,39.5,11.474609652039003,3,1,11,1.0,6.123233995736766e-17,1,1.0
SKU050,2024-03-24,51,,55.0,49.0,35.0,,49.0,43.25,9.93310961716756,3,1,12,1.0,6.123233995736766e-17,1,1.0
SKU050,2024-03-31,60,,51.0,55.0,57.0,,53.0,45.0,3.651483716701108,3,1,13,1.0,6.123233995736766e-17,1,1.0
SKU050,2024-04-07,41,,60.0,51.0,49.0,,53.75,47.25,4.856267428111156,4,2,14,0.8660254037844387,-0.4999999999999998,0,1.0
SKU050,2024-04-14,43,,41.0,60.0,55.0,,51.75,47.625,8.057087976847882,4,2,15,0.8660254037844387,-0.4999999999999998,0,0.0
SKU050,2024-04-21,49,,43.0,41.0,51.0,,48.75,48.875,8.65544144839919,4,2,16,0.8660254037844387,-0.4999999999999998,0,0.0
SKU050,2024-04-28,55,,49.0,43.0,60.0,,48.25,50.625,8.539125638299666,4,2,17,0.8660254037844387,-0.4999999999999998,0,0.0
SKU050,2024-05-05,50,,55.0,49.0,41.0,,47.0,50.375,6.324555320336759,5,2,18,0.49999999999999994,-0.8660254037844387,0,0.0
SKU050,2024-05-12,45,,50.0,55.0,43.0,,49.25,50.5,4.924428900898054,5,2,19,0.49999999999999994,-0.8660254037844387,0,0.0
SKU050,2024-05-19,58,,45.0,50.0,49.0,,49.75,49.25,4.112987559751023,5,2,20,0.49999999999999994,-0.8660254037844387,0,0.0
SKU050,2024-05-26,37,,58.0,45.0,55.0,,52.0,50.125,5.715476066494083,5,2,21,0.49999999999999994,-0.8660254037844387,0,0.0
SKU050,2024-06-02,50,,37.0,58.0,50.0,,47.5,47.25,8.812869377601524,6,2,22,1.2246467991473532e-16,-1.0,1,0.0
SKU050,2024-06-09,52,,50.0,37.0,45.0,,47.5,48.375,8.812869377601524,6,2,23,1.2246467991473532e-16,-1.0,1,1.0
SKU050,2024-06-16,49,,52.0,50.0,58.0,,49.25,49.5,8.845903006477066,6,2,24,1.2246467991473532e-16,-1.0,1,1.0
SKU050,2024-06-23,50,,49.0,52.0,37.0,,47.0,49.5,6.782329983125268,6,2,25,1.2246467991473532e-16,-1.0,1,1.0
SKU050,2024-06-30,47,,50.0,49.0,50.0,,50.25,48.875,1.2583057392117867,6,2,26,1.2246467991473532e-16,-1.0,1,1.0
SKU050,2024-07-07,44,,47.0,50.0,52.0,,49.5,48.5,2.08166599946613,7,3,27,-0.4999999999999997,-0.8660254037844388,0,1.0
SKU050,2024-07-14,42,,44.0,47.0,49.0,,47.5,48.375,2.6457513110645876,7,3,28,-0.4999999999999997,-0.8660254037844388,0,0.0
SKU050,2024-07-21,50,,42.0,44.0,50.0,,45.75,46.375,3.499999999999998,7,3,29,-0.4999999999999997,-0.8660254037844388,0,0.0
SKU050,2024-07-28,29,,50.0,42.0,47.0,,45.75,48.0,3.499999999999998,7,3,30,-0.4999999999999997,-0.8660254037844388,0,0.0
SKU050,2024-08-04,39,,29.0,50.0,44.0,,41.25,45.375,8.845903006477066,8,3,31,-0.8660254037844385,-0.5000000000000004,0,0.0
SKU050,2024-08-11,33,,39.0,29.0,42.0,,40.0,43.75,8.679477710861025,8,3,32,-0.8660254037844385,-0.5000000000000004,0,0.0
SKU050,2024-08-18,49,,33.0,39.0,50.0,,37.75,41.75,9.14239210126832,8,3,33,-0.8660254037844385,-0.5000000000000004,0,0.0
SKU050,2024-08-25,29,,49.0,33.0,29.0,,37.5,41.625,8.698658900466592,8,3,34,-0.8660254037844385,-0.5000000000000004,0,0.0
SKU050,2024-09-01,37,,29.0,49.0,39.0,,37.5,39.375,8.698658900466594,9,3,35,-1.0,-1.8369701987210297e-16,1,0.0
SKU050,2024-09-08,37,,37.0,29.0,33.0,,37.0,38.5,8.640987597877148,9,3,36,-1.0,-1.8369701987210297e-16,1,1.0
SKU050,2024-09-15,52,,37.0,37.0,49.0,,38.0,37.875,8.246211251235321,9,3,37,-1.0,-1.8369701987210297e-16,1,1.0
SKU050,2024-09-22,27,,52.0,37.0,29.0,,38.75,38.125,9.604686356149275,9,3,38,-1.0,-1.8369701987210297e-16,1,1.0
SKU050,2024-09-29,25,,27.0,52.0,37.0,,38.25,37.875,10.307764064044152,9,3,39,-1.0,-1.8369701987210297e-16,1,1.0
SKU050,2024-10-06,34,,25.0,27.0,37.0,,35.25,36.125,12.338962679253067,10,4,40,-0.8660254037844386,0.5000000000000001,0,1.0
SKU050,2024-10-13,33,,34.0,25.0,52.0,,34.5,36.25,12.28820572744451,10,4,41,-0.8660254037844386,0.5000000000000001,0,0.0
SKU050,2024-10-20,38,,33.0,34.0,27.0,,29.75,34.25,4.425306015783921,10,4,42,-0.8660254037844386,0.5000000000000001,0,0.0
SKU050,2024-10-27,38,,38.0,33.0,25.0,,32.5,35.375,5.4467115461227325,10,4,43,-0.8660254037844386,0.5000000000000001,0,0.0
SKU050,2024-11-03,36,,38.0,38.0,34.0,,35.75,35.5,2.629955639676587,11,4,44,-0.5000000000000004,0.8660254037844384,1,0.0
SKU050,2024-11-10,54,,36.0,38.0,33.0,,36.25,35.375,2.3629078131263084,11,4,45,-0.5000000000000004,0.8660254037844384,1,1.0
SKU050,2024-11-17,48,,54.0,36.0,38.0,,41.5,35.625,8.386497083606084,11,4,46,-0.5000000000000004,0.8660254037844384,1,1.0
SKU050,2024-11-24,39,,48.0,54.0,38.0,,44.0,38.25,8.485281374238571,11,4,47,-0.5000000000000004,0.8660254037844384,1,1.0
SKU050,2024-12-01,37,,39.0,48.0,36.0,,44.25,40.0,8.261355820929154,12,4,48,-2.4492935982947064e-16,1.0,1,1.0
SKU050,2024-12-08,33,,37.0,39.0,54.0,,44.5,40.375,7.937253933193773,12,4,49,-2.4492935982947064e-16,1.0,0,1.0
SKU050,2024-12-15,37,,33.0,37.0,48.0,,39.25,40.375,6.344288770224763,12,4,50,-2.4492935982947064e-16,1.0,0,0.0
SKU050,2024-12-22,32,,37.0,33.0,39.0,,36.5,40.25,2.5166114784235902,12,4,51,-2.4492935982947064e-16,1.0,0,0.0
SKU050,2024-12-29,54,,32.0,37.0,37.0,,34.75,39.5,2.6299556396765893,12,4,52,-2.4492935982947064e-16,1.0,0,0.0
SKU050,2025-01-05,47,49.0,54.0,32.0,33.0,49.0,39.0,41.75,10.230672835481872,1,1,1,0.49999999999999994,0.8660254037844387,0,0.0
SKU050,2025-01-12,40,40.0,47.0,54.0,37.0,40.0,42.5,40.875,9.882644720249065,1,1,2,0.49999999999999994,0.8660254037844387,0,0.0
SKU050,2025-01-19,40,25.0,40.0,47.0,32.0,25.0,43.25,39.875,9.429563439877093,1,1,3,0.49999999999999994,0.8660254037844387,0,0.0
SKU050,2025-01-26,45,37.0,40.0,40.0,54.0,37.0,45.25,40.0,6.701989754294369,1,1,4,0.49999999999999994,0.8660254037844387,0,0.0
SKU050,2025-02-02,36,42.0,45.0,40.0,47.0,42.0,43.0,41.0,3.559026084010443,2,1,5,0.8660254037844386,0.5000000000000001,0,0.0
SKU050,2025-02-09,41,38.0,36.0,45.0,40.0,38.0,40.25,41.375,3.6855573979160017,2,1,6,0.8660254037844386,0.5000000000000001,0,0.0
SKU050,2025-02-16,51,33.0,41.0,36.0,40.0,33.0,40.5,41.875,3.696845502136477,2,1,7,0.8660254037844386,0.5000000000000001,0,0.0
SKU050,2025-02-23,44,35.0,51.0,41.0,45.0,35.0,43.25,44.25,6.344288770224764,2,1,8,0.8660254037844386,0.5000000000000001,0,0.0
SKU050,2025-03-02,53,57.0,44.0,51.0,36.0,57.0,43.0,43.0,6.2716292407422625,3,1,9,1.0,6.123233995736766e-17,1,0.0
SKU050,2025-03-09,67,49.0,53.0,44.0,41.0,49.0,47.25,43.75,5.678908345800276,3,1,10,1.0,6.123233995736766e-17,1,1.0
SKU050,2025-03-16,52,55.0,67.0,53.0,51.0,55.0,53.75,47.125,9.639329160614171,3,1,11,1.0,6.123233995736766e-17,1,1.0
SKU050,2025-03-23,61,51.0,52.0,67.0,44.0,51.0,54.0,48.625,9.556847457887635,3,1,12,1.0,6.123233995736766e-17,1,1.0
SKU050,2025-03-30,49,60.0,61.0,52.0,53.0,60.0,58.25,50.625,7.088723439378913,3,1,13,1.0,6.123233995736766e-17,1,1.0
SKU050,2025-04-06,65,41.0,49.0,61.0,67.0,41.0,57.25,52.25,8.261355820929152,4,2,14,0.8660254037844387,-0.4999999999999998,0,1.0
SKU050,2025-04-13,48,43.0,65.0,49.0,52.0,43.0,56.75,55.25,7.5,4,2,15,0.8660254037844387,-0.4999999999999998,0,0.0
SKU050,2025-04-20,46,49.0,48.0,65.0,61.0,49.0,55.75,54.875,8.539125638299666,4,2,16,0.8660254037844387,-0.4999999999999998,0,0.0
SKU050,2025-04-27,46,55.0,46.0,48.0,49.0,55.0,52.0,55.125,8.755950357709132,4,2,17,0.8660254037844387,-0.4999999999999998,0,0.0
SKU050,2025-05-04,45,50.0,46.0,46.0,65.0,50.0,51.25,54.25,9.215023964519391,5,2,18,0.49999999999999994,-0.8660254037844387,0,0.0
SKU050,2025-05-11,53,45.0,45.0,46.0,48.0,45.0,46.25,51.5,1.2583057392117862,5,2,19,0.49999999999999994,-0.8660254037844387,0,0.0
SKU050,2025-05-18,51,58.0,53.0,45.0,46.0,58.0,47.5,51.625,3.696845502136471,5,2,20,0.49999999999999994,-0.8660254037844387,0,0.0
SKU050,2025-05-25,70,37.0,51.0,53.0,46.0,37.0,48.75,50.375,3.862210075418821,5,2,21,0.49999999999999994,-0.8660254037844387,0,0.0
SKU050,2025-06-01,61,50.0,70.0,51.0,45.0,50.0,54.75,53.0,10.719919153924002,6,2,22,1.2246467991473532e-16,-1.0,1,0.0
SKU050,2025-06-08,45,52.0,61.0,70.0,53.0,52.0,58.75,52.5,8.65544144839919,6,2,23,1.2246467991473532e-16,-1.0,1,1.0
SKU050,2025-06-15,49,49.0,45.0,61.0,51.0,49.0,56.75,52.125,11.026483271348727,6,2,24,1.2246467991473532e-16,-1.0,1,1.0
SKU050,2025-06-22,63,50.0,49.0,45.0,70.0,50.0,56.25,52.5,11.412712210513327,6,2,25,1.2246467991473532e-16,-1.0,1,1.0
SKU050,2025-06-29,55,47.0,63.0,49.0,61.0,47.0,54.5,54.625,8.850612031567836,6,2,26,1.2246467991473532e-16,-1.0,1,1.0
SKU050,2025-07-06,44,44.0,55.0,63.0,45.0,44.0,53.0,55.875,7.831560082980487,7,3,27,-0.4999999999999997,-0.8660254037844388,0,1.0
SKU050,2025-07-13,49,42.0,44.0,55.0,49.0,42.0,52.75,54.75,8.180260794538684,7,3,28,-0.4999999999999997,-0.8660254037844388,0,0.0
SKU050,2025-07-20,53,50.0,49.0,44.0,63.0,50.0,52.75,54.5,8.180260794538684,7,3,29,-0.4999999999999997,-0.8660254037844388,0,0.0
SKU050,2025-07-27,43,29.0,53.0,49.0,55.0,29.0,50.25,52.375,4.856267428111155,7,3,30,-0.4999999999999997,-0.8660254037844388,0,0.0
SKU050,2025-08-03,36,39.0,43.0,53.0,44.0,39.0,47.25,50.125,4.645786621588784,8,3,31,-0.8660254037844385,-0.5000000000000004,0,0.0
SKU050,2025-08-10,35,33.0,36.0,43.0,49.0,33.0,45.25,49.0,7.41057802513857,8,3,32,-0.8660254037844385,-0.5000000000000004,0,0.0
SKU050,2025-08-17,43,49.0,35.0,36.0,53.0,49.0,41.75,47.25,8.301606270274847,8,3,33,-0.8660254037844385,-0.5000000000000004,0,0.0
SKU050,2025-08-24,35,29.0,43.0,35.0,43.0,29.0,39.25,44.75,4.349329450233296,8,3,34,-0.8660254037844385,-0.5000000000000004,0,0.0
SKU050,2025-08-31,34,37.0,35.0,43.0,36.0,37.0,37.25,42.25,3.8622100754188224,8,3,35,-0.8660254037844385,-0.5000000000000004,0,0.0
SKU050,2025-09-07,29,37.0,34.0,35.0,35.0,37.0,36.75,41.0,4.193248541803041,9,3,36,-1.0,-1.8369701987210297e-16,1,0.0
SKU050,2025-09-14,33,52.0,29.0,34.0,43.0,52.0,35.25,38.5,5.795112883571237,9,3,37,-1.0,-1.8369701987210297e-16,1,1.0
SKU050,2025-09-21,30,27.0,33.0,29.0,35.0,27.0,32.75,36.0,2.629955639676583,9,3,38,-1.0,-1.8369701987210297e-16,1,1.0
SKU050,2025-09-28,38,25.0,30.0,33.0,34.0,25.0,31.5,34.375,2.380476142847616,9,3,39,-1.0,-1.8369701987210297e-16,1,1.0
SKU050,2025-10-05,35,34.0,38.0,30.0,29.0,34.0,32.5,34.625,4.041451884327381,10,4,40,-0.8660254037844386,0.5000000000000001,0,1.0
SKU050,2025-10-12,39,33.0,35.0,38.0,33.0,33.0,34.0,34.625,3.366501646120693,10,4,41,-0.8660254037844386,0.5000000000000001,0,0.0
SKU050,2025-10-19,31,38.0,39.0,35.0,30.0,38.0,35.5,34.125,4.041451884327381,10,4,42,-0.8660254037844386,0.5000000000000001,0,0.0
SKU050,2025-10-26,31,38.0,31.0,39.0,38.0,38.0,35.75,33.625,3.593976442141304,10,4,43,-0.8660254037844386,0.5000000000000001,0,0.0
SKU050,2025-11-02,32,36.0,31.0,31.0,35.0,36.0,34.0,33.25,3.8297084310253524,11,4,44,-0.5000000000000004,0.8660254037844384,1,0.0
SKU050,2025-11-09,46,54.0,32.0,31.0,39.0,54.0,33.25,33.625,3.862210075418822,11,4,45,-0.5000000000000004,0.8660254037844384,1,1.0
SKU050,2025-11-16,40,48.0,46.0,32.0,31.0,48.0,35.0,35.25,7.3484692283495345,11,4,46,-0.5000000000000004,0.8660254037844384,1,1.0
SKU050,2025-11-23,41,39.0,40.0,46.0,31.0,39.0,37.25,36.5,7.088723439378912,11,4,47,-0.5000000000000004,0.8660254037844384,1,1.0
SKU050,2025-11-30,30,37.0,41.0,40.0,32.0,37.0,39.75,36.875,5.795112883571235,11,4,48,-0.5000000000000004,0.8660254037844384,1,1.0
SKU050,2025-12-07,40,33.0,30.0,41.0,46.0,33.0,39.25,36.25,6.701989754294366,12,4,49,-2.4492935982947064e-16,1.0,0,1.0
SKU050,2025-12-14,34,37.0,40.0,30.0,40.0,37.0,37.75,36.375,5.188127472091125,12,4,50,-2.4492935982947064e-16,1.0,0,0.0
SKU050,2025-12-21,34,32.0,34.0,40.0,41.0,32.0,36.25,36.75,5.188127472091125,12,4,51,-2.4492935982947064e-16,1.0,0,0.0
SKU050,2025-12-28,49,54.0,34.0,34.0,30.0,54.0,34.5,37.125,4.123105625617658,12,4,52,-2.4492935982947064e-16,1.0,0,0.0
